crop,year,season,state,area,production,fertilizer,pesticide,yield,avg_temp_c,total_rainfall_mm,avg_humidity_percent,N,P,K,pH
Coconut ,1997,Whole Year ,Assam,19656.0,126905000,1870661.52,6093.36,5238.051739,22.41,1468.92,70.71,60,18,38,5.8
Jute,1997,Kharif     ,Assam,94520.0,904095,8995468.4,29301.2,9.919565217,22.41,1468.92,70.71,60,18,38,5.8
Potato,1997,Whole Year ,Assam,75259.0,671871,7162399.03,23330.29,7.561304348,22.41,1468.92,70.71,60,18,38,5.8
Sugarcane,1997,Kharif     ,Assam,31318.0,1287451,2980534.06,9708.58,41.89695652,22.41,1468.92,70.71,60,18,38,5.8
Sugarcane,1997,Whole Year ,Karnataka,308857.0,28999269,29393920.69,95745.67,91.74736842,23.55,894.16,69.61,72,42,25,6.9
Coconut ,1997,Whole Year ,Kerala,884344.0,5210000000,84163018.48,274146.64,5376.054286,27.06,2005.29,78.82,65,28,50,5.7
Tapioca,1997,Whole Year ,Kerala,132875.0,2841819,12645713.75,41191.25,22.80357143,27.06,2005.29,78.82,65,28,50,5.7
Banana,1997,Whole Year ,Meghalaya,5239.0,63011,498595.63,1624.09,11.20714286,17.16,1954.46,77.31,52,16,33,5.6
Ginger,1997,Kharif     ,Meghalaya,7357.0,45260,700165.69,2280.67,6.054285714,17.16,1954.46,77.31,52,16,33,5.6
Jute,1997,Kharif     ,Meghalaya,4243.0,34683,403806.31,1315.33,8.436666667,17.16,1954.46,77.31,52,16,33,5.6
Potato,1997,Whole Year ,Meghalaya,20764.0,200509,1976109.88,6436.84,8.641428571,17.16,1954.46,77.31,52,16,33,5.6
Tapioca,1997,Whole Year ,Meghalaya,3959.0,21087,376778.03,1227.29,6.537142857,17.16,1954.46,77.31,52,16,33,5.6
Turmeric,1997,Whole Year ,Meghalaya,1401.0,7126,133333.17,434.31,5.425714286,17.16,1954.46,77.31,52,16,33,5.6
Coconut ,1997,Whole Year ,West Bengal,24273.0,306202300,2310061.41,7524.63,13003.78778,25.85,1564.19,72.28,85,40,45,6.2
Jute,1997,Kharif     ,West Bengal,641574.0,7549700,61058597.58,198887.94,13.44588235,25.85,1564.19,72.28,85,40,45,6.2
Mesta,1997,Kharif     ,West Bengal,9689.0,89000,922102.13,3003.59,9.154166667,25.85,1564.19,72.28,85,40,45,6.2
Potato,1997,Whole Year ,West Bengal,284015.0,5581553,27029707.55,88044.65,18.23722222,25.85,1564.19,72.28,85,40,45,6.2
Sugarcane,1997,Whole Year ,West Bengal,25797.0,1818700,2455100.49,7997.07,67.83625,25.85,1564.19,72.28,85,40,45,6.2
Onion,1998,Kharif     ,Puducherry,26.0,429,2568.8,7.54,16.5,28.33,1124.51,75.47,88,55,40,7.0
Sugarcane,1998,Kharif     ,Puducherry,2710.0,232369,267748.0,785.9,82.595,28.33,1124.51,75.47,88,55,40,7.0
Tapioca,1998,Kharif     ,Puducherry,649.0,19110,64121.2,188.21,20.0,28.33,1124.51,75.47,88,55,40,7.0
Banana,1998,Whole Year ,Assam,41885.0,581884,4138238.0,12146.65,13.78826087,22.98,1701.15,73.03,60,18,38,5.8
Coconut ,1998,Whole Year ,Assam,20166.0,149866000,1992400.8,5848.14,6045.886957,22.98,1701.15,73.03,60,18,38,5.8
Jute,1998,Kharif     ,Assam,78702.0,687173,7775757.6,22823.58,9.040869565,22.98,1701.15,73.03,60,18,38,5.8
Potato,1998,Whole Year ,Assam,76958.0,611077,7603450.4,22317.82,7.230434783,22.98,1701.15,73.03,60,18,38,5.8
Sugarcane,1998,Whole Year ,Assam,30571.0,1223578,3020414.8,8865.59,39.89304348,22.98,1701.15,73.03,60,18,38,5.8
Banana,1998,Whole Year ,Goa,1900.0,14400,187720.0,551.0,7.58,27.35,2059.15,74.64,65,25,45,6.2
Coconut ,1998,Whole Year ,Goa,24858.0,121000000,2455970.4,7208.82,4867.65,27.35,2059.15,74.64,65,25,45,6.2
Sugarcane,1998,Whole Year ,Goa,1320.0,64000,130416.0,382.8,48.48,27.35,2059.15,74.64,65,25,45,6.2
Arecanut,1998,Whole Year ,Karnataka,98047.0,648365,9687043.6,28433.63,6.232,23.73,1185.08,71.65,72,42,25,6.9
Coconut ,1998,Whole Year ,Karnataka,310399.0,1611530000,30667421.2,90015.71,4692.261111,23.73,1185.08,71.65,72,42,25,6.9
Ginger,1998,Kharif     ,Karnataka,3896.0,51169,384924.8,1129.84,12.75944444,23.73,1185.08,71.65,72,42,25,6.9
Onion,1998,Kharif     ,Karnataka,79921.0,362053,7896194.8,23177.09,5.363636364,23.73,1185.08,71.65,72,42,25,6.9
Onion,1998,Rabi       ,Karnataka,8882.0,91057,877541.6,2575.78,8.936315789,23.73,1185.08,71.65,72,42,25,6.9
Onion,1998,Summer     ,Karnataka,4797.0,55339,473943.6,1391.13,11.86631579,23.73,1185.08,71.65,72,42,25,6.9
Peas & beans (Pulses),1998,Kharif     ,Karnataka,1730.0,15872,170924.0,501.7,9.265882353,23.73,1185.08,71.65,72,42,25,6.9
Peas & beans (Pulses),1998,Rabi       ,Karnataka,494.0,4882,48807.2,143.26,8.948181818,23.73,1185.08,71.65,72,42,25,6.9
Peas & beans (Pulses),1998,Summer     ,Karnataka,1583.0,13707,156400.4,459.07,7.827,23.73,1185.08,71.65,72,42,25,6.9
Potato,1998,Kharif     ,Karnataka,28755.0,317052,2840994.0,8338.95,12.37333333,23.73,1185.08,71.65,72,42,25,6.9
Potato,1998,Rabi       ,Karnataka,4173.0,82124,412292.4,1210.17,18.90714286,23.73,1185.08,71.65,72,42,25,6.9
Potato,1998,Summer     ,Karnataka,1137.0,19387,112335.6,329.73,17.6,23.73,1185.08,71.65,72,42,25,6.9
Potato,1998,Whole Year ,Karnataka,268.0,3910,26478.4,77.72,14.59,23.73,1185.08,71.65,72,42,25,6.9
Banana,1998,Whole Year ,Kerala,30521.0,386588,3015474.8,8851.09,12.85714286,27.03,2177.34,80.95,65,28,50,5.7
Coconut ,1998,Whole Year ,Kerala,882288.0,5132000000,87170054.4,255863.52,5304.749286,27.03,2177.34,80.95,65,28,50,5.7
Garlic,1998,Whole Year ,Kerala,742.0,12614,73309.6,215.18,17.0,27.03,2177.34,80.95,65,28,50,5.7
Sugarcane,1998,Whole Year ,Kerala,6160.0,472160,608608.0,1786.4,64.83,27.03,2177.34,80.95,65,28,50,5.7
Sweet potato,1998,Whole Year ,Kerala,1099.0,11924,108581.2,318.71,11.718,27.03,2177.34,80.95,65,28,50,5.7
Tapioca,1998,Whole Year ,Kerala,112774.0,2630155,11142071.2,32704.46,25.51785714,27.03,2177.34,80.95,65,28,50,5.7
Tobacco,1998,Whole Year ,Kerala,41.0,228,4050.8,11.89,5.56,27.03,2177.34,80.95,65,28,50,5.7
Banana,1998,Whole Year ,Meghalaya,5194.0,62888,513167.2,1506.26,11.26714286,17.84,2370.96,79.73,52,16,33,5.6
Ginger,1998,Kharif     ,Meghalaya,7403.0,45590,731416.4,2146.87,6.008571429,17.84,2370.96,79.73,52,16,33,5.6
Jute,1998,Kharif     ,Meghalaya,4241.0,27097,419010.8,1229.89,7.553333333,17.84,2370.96,79.73,52,16,33,5.6
Potato,1998,Whole Year ,Meghalaya,20753.0,201059,2050396.4,6018.37,7.738571429,17.84,2370.96,79.73,52,16,33,5.6
Tapioca,1998,Whole Year ,Meghalaya,3963.0,21251,391544.4,1149.27,6.547142857,17.84,2370.96,79.73,52,16,33,5.6
Turmeric,1998,Whole Year ,Meghalaya,1375.0,6997,135850.0,398.75,5.624285714,17.84,2370.96,79.73,52,16,33,5.6
Coconut ,1998,Whole Year ,West Bengal,24616.0,318174400,2432060.8,7138.64,12448.06222,25.82,1537.71,75.28,85,40,45,6.2
Jute,1998,Kharif     ,West Bengal,612066.0,7373630,60472120.8,177499.14,13.24705882,25.82,1537.71,75.28,85,40,45,6.2
Mesta,1998,Kharif     ,West Bengal,9911.0,81030,979206.8,2874.19,8.453846154,25.82,1537.71,75.28,85,40,45,6.2
Potato,1998,Whole Year ,West Bengal,318199.0,6689636,31438061.2,92277.71,18.95944444,25.82,1537.71,75.28,85,40,45,6.2
Sugarcane,1998,Whole Year ,West Bengal,26949.0,2001900,2662561.2,7815.21,75.314375,25.82,1537.71,75.28,85,40,45,6.2
Banana,1999,Whole Year ,Assam,41922.0,583383,4449181.86,11318.94,13.74652174,23.26,1622.42,71.99,60,18,38,5.8
Coconut ,1999,Whole Year ,Assam,20238.0,150062000,2147858.94,5464.26,5672.116522,23.26,1622.42,71.99,60,18,38,5.8
Jute,1999,Kharif     ,Assam,73545.0,657537,7805330.85,19857.15,9.13173913,23.26,1622.42,71.99,60,18,38,5.8
Potato,1999,Whole Year ,Assam,76748.0,699744,8145265.24,20721.96,8.062608696,23.26,1622.42,71.99,60,18,38,5.8
Sugarcane,1999,Whole Year ,Assam,29107.0,1154615,3089125.91,7858.89,40.43478261,23.26,1622.42,71.99,60,18,38,5.8
Banana,1999,Whole Year ,Goa,1950.0,14500,206953.5,526.5,7.44,27.09,1980.88,73.77,65,25,45,6.2
Coconut ,1999,Whole Year ,Goa,24975.0,121580000,2650596.75,6743.25,4868.07,27.09,1980.88,73.77,65,25,45,6.2
Sugarcane,1999,Whole Year ,Goa,1335.0,68440,141683.55,360.45,51.27,27.09,1980.88,73.77,65,25,45,6.2
Banana,1999,Whole Year ,Kerala,39046.0,398145,4143951.98,10542.42,10.36285714,26.23,1758.79,81.79,65,28,50,5.7
Coconut ,1999,Whole Year ,Kerala,925035.0,5680000000,98173964.55,249759.45,5581.025714,26.23,1758.79,81.79,65,28,50,5.7
Garlic,1999,Whole Year ,Kerala,849.0,14433,90104.37,229.23,17.0,26.23,1758.79,81.79,65,28,50,5.7
Sugarcane,1999,Whole Year ,Kerala,5780.0,578820,613431.4,1560.6,88.2225,26.23,1758.79,81.79,65,28,50,5.7
Sweet potato,1999,Whole Year ,Kerala,989.0,10698,104962.57,267.03,11.79636364,26.23,1758.79,81.79,65,28,50,5.7
Tapioca,1999,Whole Year ,Kerala,111922.0,2531752,11878281.86,30218.94,24.25785714,26.23,1758.79,81.79,65,28,50,5.7
Tobacco,1999,Whole Year ,Kerala,44.0,245,4669.72,11.88,5.57,26.23,1758.79,81.79,65,28,50,5.7
Banana,1999,Whole Year ,Meghalaya,5319.0,63383,564505.47,1436.13,11.16285714,18.37,2074.56,76.13,52,16,33,5.6
Ginger,1999,Kharif     ,Meghalaya,7606.0,44710,807224.78,2053.62,5.765714286,18.37,2074.56,76.13,52,16,33,5.6
Jute,1999,Kharif     ,Meghalaya,4235.0,31781,449460.55,1143.45,6.76,18.37,2074.56,76.13,52,16,33,5.6
Potato,1999,Whole Year ,Meghalaya,18339.0,143287,1946318.07,4951.53,6.858571429,18.37,2074.56,76.13,52,16,33,5.6
Tapioca,1999,Whole Year ,Meghalaya,4022.0,21497,426854.86,1085.94,6.39,18.37,2074.56,76.13,52,16,33,5.6
Turmeric,1999,Whole Year ,Meghalaya,1458.0,8196,154737.54,393.66,5.284285714,18.37,2074.56,76.13,52,16,33,5.6
Banana,1999,Whole Year ,Puducherry,282.0,8890,29928.66,76.14,29.25,27.74,923.63,75.11,88,55,40,7.0
Coconut ,1999,Whole Year ,Puducherry,2214.0,27816000,234971.82,597.78,12812.4475,27.74,923.63,75.11,88,55,40,7.0
Cotton(lint),1999,Kharif     ,Puducherry,357.0,1835,37888.41,96.39,5.14,27.74,923.63,75.11,88,55,40,7.0
Onion,1999,Whole Year ,Puducherry,14.0,183,1485.82,3.78,13.07,27.74,923.63,75.11,88,55,40,7.0
Rapeseed &Mustard,1999,Rabi       ,Puducherry,64.0,483,6792.32,17.28,6.023333333,27.74,923.63,75.11,88,55,40,7.0
Sugarcane,1999,Whole Year ,Puducherry,2798.0,237610,296951.74,755.46,83.0,27.74,923.63,75.11,88,55,40,7.0
Tapioca,1999,Whole Year ,Puducherry,365.0,10571,38737.45,98.55,18.29,27.74,923.63,75.11,88,55,40,7.0
Coconut ,1999,Whole Year ,West Bengal,24216.0,324305700,2570044.08,6538.32,13592.12778,25.79,1737.63,72.95,85,40,45,6.2
Jute,1999,Kharif     ,West Bengal,613923.0,7593680,65155647.99,165759.21,13.94058824,25.79,1737.63,72.95,85,40,45,6.2
Mesta,1999,Kharif     ,West Bengal,8864.0,81720,940736.32,2393.28,9.842142857,25.79,1737.63,72.95,85,40,45,6.2
Potato,1999,Summer     ,West Bengal,2478.0,33214,262990.14,669.06,13.4,25.79,1737.63,72.95,85,40,45,6.2
Potato,1999,Winter     ,West Bengal,313373.0,7449103,33258276.49,84610.71,20.56777778,25.79,1737.63,72.95,85,40,45,6.2
Sannhamp,1999,Autumn     ,West Bengal,1448.0,7810,153676.24,390.96,5.421666667,25.79,1737.63,72.95,85,40,45,6.2
Sugarcane,1999,Whole Year ,West Bengal,22883.0,1762806,2428572.79,6178.41,78.571875,25.79,1737.63,72.95,85,40,45,6.2
Banana,2000,Whole Year ,Andhra Pradesh,49051.0,819660,4815336.67,12753.26,17.63090909,27.74,1070.25,70.73,78,45,22,6.8
Coconut ,2000,Whole Year ,Andhra Pradesh,102646.0,1092707179,10076757.82,26687.96,9101.813684,27.74,1070.25,70.73,78,45,22,6.8
Mesta,2000,Kharif     ,Andhra Pradesh,77823.0,686947,7639883.91,20233.98,8.745384615,27.74,1070.25,70.73,78,45,22,6.8
Onion,2000,Kharif     ,Andhra Pradesh,17058.0,227873,1674583.86,4435.08,12.77315789,27.74,1070.25,70.73,78,45,22,6.8
Onion,2000,Rabi       ,Andhra Pradesh,13248.0,308617,1300556.16,3444.48,22.5085,27.74,1070.25,70.73,78,45,22,6.8
Potato,2000,Whole Year ,Andhra Pradesh,2489.0,14618,244345.13,647.14,6.14375,27.74,1070.25,70.73,78,45,22,6.8
Sugarcane,2000,Whole Year ,Andhra Pradesh,237150.0,17690131,23281015.5,61659.0,73.8955,27.74,1070.25,70.73,78,45,22,6.8
Sweet potato,2000,Whole Year ,Andhra Pradesh,1938.0,25467,190253.46,503.88,13.93277778,27.74,1070.25,70.73,78,45,22,6.8
Tapioca,2000,Whole Year ,Andhra Pradesh,21506.0,166124,2111244.02,5591.56,7.528,27.74,1070.25,70.73,78,45,22,6.8
Banana,2000,Whole Year ,Assam,42534.0,590095,4175562.78,11058.84,13.73217391,22.37,1958.5,75.29,60,18,38,5.8
Coconut ,2000,Whole Year ,Assam,20913.0,135910000,2053029.21,5437.38,5771.352609,22.37,1958.5,75.29,60,18,38,5.8
Jute,2000,Kharif     ,Assam,69513.0,668439,6824091.21,18073.38,9.794782609,22.37,1958.5,75.29,60,18,38,5.8
Potato,2000,Whole Year ,Assam,80504.0,668457,7903077.68,20931.04,7.459565217,22.37,1958.5,75.29,60,18,38,5.8
Sugarcane,2000,Whole Year ,Assam,26768.0,987696,2627814.56,6959.68,36.57217391,22.37,1958.5,75.29,60,18,38,5.8
Banana,2000,Whole Year ,Goa,2000.0,14745,196340.0,520.0,7.37,26.95,1919.04,74.29,65,25,45,6.2
Coconut ,2000,Whole Year ,Goa,25025.0,125120000,2456704.25,6506.5,4999.8,26.95,1919.04,74.29,65,25,45,6.2
Sugarcane,2000,Whole Year ,Goa,1250.0,72750,122712.5,325.0,58.2,26.95,1919.04,74.29,65,25,45,6.2
Banana,2000,Whole Year ,Karnataka,35335.0,649567,3468836.95,9187.1,18.36037037,23.21,1000.55,69.1,72,42,25,6.9
Coconut ,2000,Whole Year ,Karnataka,335996.0,1762403000,32984727.32,87358.96,4673.661111,23.21,1000.55,69.1,72,42,25,6.9
Ginger,2000,Kharif     ,Karnataka,10758.0,141587,1056112.86,2797.08,12.76823529,23.21,1000.55,69.1,72,42,25,6.9
Onion,2000,Whole Year ,Karnataka,120358.0,645357,11815544.86,31293.08,6.0164,23.21,1000.55,69.1,72,42,25,6.9
Potato,2000,Whole Year ,Karnataka,38298.0,452462,3759714.66,9957.48,11.70933333,23.21,1000.55,69.1,72,42,25,6.9
Sugarcane,2000,Whole Year ,Karnataka,417141.0,42923496,40950731.97,108456.66,98.80038462,23.21,1000.55,69.1,72,42,25,6.9
Sweet potato,2000,Whole Year ,Karnataka,3501.0,25771,343693.17,910.26,6.222142857,23.21,1000.55,69.1,72,42,25,6.9
Tapioca,2000,Whole Year ,Karnataka,1030.0,8018,101115.1,267.8,9.558571429,23.21,1000.55,69.1,72,42,25,6.9
Banana,2000,Whole Year ,Kerala,45059.0,327955,4423442.03,11715.34,7.457857143,26.7,1397.09,79.3,65,28,50,5.7
Coconut ,2000,Whole Year ,Kerala,925783.0,5536000000,90884117.11,240703.58,5617.002143,26.7,1397.09,79.3,65,28,50,5.7
Garlic,2000,Whole Year ,Kerala,538.0,9146,52815.46,139.88,17.0,26.7,1397.09,79.3,65,28,50,5.7
Sugarcane,2000,Whole Year ,Kerala,3367.0,275550,330538.39,875.42,90.19,26.7,1397.09,79.3,65,28,50,5.7
Sweet potato,2000,Whole Year ,Kerala,816.0,8963,80106.72,212.16,11.46615385,26.7,1397.09,79.3,65,28,50,5.7
Tapioca,2000,Whole Year ,Kerala,114609.0,2586903,11251165.53,29798.34,24.29642857,26.7,1397.09,79.3,65,28,50,5.7
Tobacco,2000,Whole Year ,Kerala,213.0,1186,20910.21,55.38,5.57,26.7,1397.09,79.3,65,28,50,5.7
Banana,2000,Whole Year ,Meghalaya,5377.0,64100,527860.09,1398.02,11.36285714,17.52,2652.89,79.14,52,16,33,5.6
Ginger,2000,Kharif     ,Meghalaya,7811.0,44900,766805.87,2030.86,5.897142857,17.52,2652.89,79.14,52,16,33,5.6
Jute,2000,Kharif     ,Meghalaya,4220.0,35816,414277.4,1097.2,7.133333333,17.52,2652.89,79.14,52,16,33,5.6
Potato,2000,Whole Year ,Meghalaya,18318.0,144292,1798278.06,4762.68,6.954285714,17.52,2652.89,79.14,52,16,33,5.6
Tapioca,2000,Whole Year ,Meghalaya,4110.0,21879,403478.7,1068.6,5.98,17.52,2652.89,79.14,52,16,33,5.6
Turmeric,2000,Whole Year ,Meghalaya,1523.0,8565,149512.91,395.98,5.464285714,17.52,2652.89,79.14,52,16,33,5.6
Banana,2000,Whole Year ,Puducherry,239.0,7532,23462.63,62.14,26.25,27.95,962.02,74.78,88,55,40,7.0
Coconut ,2000,Whole Year ,Puducherry,2233.0,24698000,219213.61,580.58,11937.4475,27.95,962.02,74.78,88,55,40,7.0
Cotton(lint),2000,Kharif     ,Puducherry,452.0,2300,44372.84,117.52,5.11,27.95,962.02,74.78,88,55,40,7.0
Onion,2000,Whole Year ,Puducherry,13.0,202,1276.21,3.38,15.54,27.95,962.02,74.78,88,55,40,7.0
Rapeseed &Mustard,2000,Rabi       ,Puducherry,63.0,452,6184.71,16.38,6.265,27.95,962.02,74.78,88,55,40,7.0
Sugarcane,2000,Whole Year ,Puducherry,2464.0,200413,241890.88,640.64,81.17,27.95,962.02,74.78,88,55,40,7.0
Tapioca,2000,Whole Year ,Puducherry,342.0,9685,33574.14,88.92,18.69,27.95,962.02,74.78,88,55,40,7.0
Coconut ,2000,Whole Year ,West Bengal,24511.0,330524800,2406244.87,6372.86,13234.92556,25.43,1422.94,74.38,85,40,45,6.2
Jute,2000,Kharif     ,West Bengal,612994.0,7428400,60177620.98,159378.44,13.52411765,25.43,1422.94,74.38,85,40,45,6.2
Mesta,2000,Kharif     ,West Bengal,10891.0,83630,1069169.47,2831.66,6.860833333,25.43,1422.94,74.38,85,40,45,6.2
Potato,2000,Whole Year ,West Bengal,299664.0,7673130,29418014.88,77912.64,22.39388889,25.43,1422.94,74.38,85,40,45,6.2
Sugarcane,2000,Whole Year ,West Bengal,21609.0,1465550,2121355.53,5618.34,67.08461538,25.43,1422.94,74.38,85,40,45,6.2
Banana,2001,Whole Year ,Andhra Pradesh,50507.0,761365,5158279.91,13131.82,11.73363636,28.08,910.13,68.69,78,45,22,6.8
Coconut ,2001,Whole Year ,Andhra Pradesh,104244.0,1124969850,10646439.72,27103.44,9057.671111,28.08,910.13,68.69,78,45,22,6.8
Maize,2001,Rabi       ,Andhra Pradesh,90752.0,470744,9268501.76,23595.52,5.592857143,28.08,910.13,68.69,78,45,22,6.8
Mesta,2001,Kharif     ,Andhra Pradesh,78942.0,671542,8062346.46,20524.92,8.370909091,28.08,910.13,68.69,78,45,22,6.8
Onion,2001,Kharif     ,Andhra Pradesh,17736.0,234978,1811377.68,4611.36,12.74411765,28.08,910.13,68.69,78,45,22,6.8
Onion,2001,Rabi       ,Andhra Pradesh,14089.0,324477,1438909.57,3663.14,21.08136364,28.08,910.13,68.69,78,45,22,6.8
Potato,2001,Whole Year ,Andhra Pradesh,2348.0,14653,239801.24,610.48,5.85,28.08,910.13,68.69,78,45,22,6.8
Sugarcane,2001,Whole Year ,Andhra Pradesh,218298.0,18081889,22294774.74,56757.48,84.989,28.08,910.13,68.69,78,45,22,6.8
Sweet potato,2001,Whole Year ,Andhra Pradesh,1945.0,25810,198642.85,505.7,14.05764706,28.08,910.13,68.69,78,45,22,6.8
Tapioca,2001,Whole Year ,Andhra Pradesh,17694.0,146361,1807088.22,4600.44,7.83,28.08,910.13,68.69,78,45,22,6.8
Banana,2001,Whole Year ,Assam,43600.0,606192,4452868.0,11336.0,13.77652174,22.72,1808.2,74.66,60,18,38,5.8
Coconut ,2001,Whole Year ,Assam,21067.0,163597000,2151572.71,5477.42,7700.721304,22.72,1808.2,74.66,60,18,38,5.8
Jute,2001,Kharif     ,Assam,68178.0,674603,6963019.14,17726.28,9.675652174,22.72,1808.2,74.66,60,18,38,5.8
Potato,2001,Whole Year ,Assam,80056.0,620571,8176119.28,20814.56,7.350869565,22.72,1808.2,74.66,60,18,38,5.8
Sugarcane,2001,Whole Year ,Assam,27166.0,1011398,2774463.58,7063.16,37.2173913,22.72,1808.2,74.66,60,18,38,5.8
Banana,2001,Whole Year ,Goa,2100.0,15482,214473.0,546.0,7.37,27.24,1335.38,72.83,65,25,45,6.2
Coconut ,2001,Whole Year ,Goa,25025.0,125120000,2555803.25,6506.5,4999.8,27.24,1335.38,72.83,65,25,45,6.2
Sugarcane,2001,Whole Year ,Goa,1205.0,70565,123066.65,313.3,58.56,27.24,1335.38,72.83,65,25,45,6.2
Coconut ,2001,Whole Year ,Karnataka,369828.0,1503638000,37770533.64,96155.28,4164.951481,23.37,919.93,69.6,72,42,25,6.9
Ginger,2001,Kharif     ,Karnataka,10677.0,140539,1090442.01,2776.02,12.86277778,23.37,919.93,69.6,72,42,25,6.9
Onion,2001,Whole Year ,Karnataka,125815.0,721033,12849485.95,32711.9,7.9108,23.37,919.93,69.6,72,42,25,6.9
Peas & beans (Pulses),2001,Whole Year ,Karnataka,6974.0,42197,712254.62,1813.24,6.209444444,23.37,919.93,69.6,72,42,25,6.9
Potato,2001,Whole Year ,Karnataka,39156.0,473407,3999002.28,10180.56,12.815,23.37,919.93,69.6,72,42,25,6.9
Sugarcane,2001,Whole Year ,Karnataka,406950.0,33016618,41561803.5,105807.0,84.00269231,23.37,919.93,69.6,72,42,25,6.9
Banana,2001,Whole Year ,Kerala,50871.0,375903,5195455.23,13226.46,7.347857143,26.63,2171.67,81.61,65,28,50,5.7
Coconut ,2001,Whole Year ,Kerala,905718.0,5479000000,92500979.34,235486.68,5636.355,26.63,2171.67,81.61,65,28,50,5.7
Garlic,2001,Whole Year ,Kerala,293.0,4981,29924.09,76.18,17.0,26.63,2171.67,81.61,65,28,50,5.7
Sugarcane,2001,Whole Year ,Kerala,3267.0,269780,333658.71,849.42,88.77583333,26.63,2171.67,81.61,65,28,50,5.7
Sweet potato,2001,Whole Year ,Kerala,747.0,8672,76291.11,194.22,11.49153846,26.63,2171.67,81.61,65,28,50,5.7
Tapioca,2001,Whole Year ,Kerala,111189.0,2455880,11355732.57,28909.14,23.09642857,26.63,2171.67,81.61,65,28,50,5.7
Tobacco,2001,Whole Year ,Kerala,71.0,395,7251.23,18.46,5.56,26.63,2171.67,81.61,65,28,50,5.7
Ginger,2001,Kharif     ,Meghalaya,8897.0,36590,908650.61,2313.22,5.837142857,17.85,2427.05,78.14,52,16,33,5.6
Jute,2001,Kharif     ,Meghalaya,4061.0,25057,414749.93,1055.86,6.236666667,17.85,2427.05,78.14,52,16,33,5.6
Potato,2001,Whole Year ,Meghalaya,18151.0,159032,1853761.63,4719.26,7.288571429,17.85,2427.05,78.14,52,16,33,5.6
Tapioca,2001,Whole Year ,Meghalaya,3971.0,20637,405558.23,1032.46,6.401428571,17.85,2427.05,78.14,52,16,33,5.6
Turmeric,2001,Whole Year ,Meghalaya,1523.0,8577,155543.99,395.98,5.511428571,17.85,2427.05,78.14,52,16,33,5.6
Banana,2001,Whole Year ,Puducherry,225.0,7461,22979.25,58.5,25.375,28.23,1021.13,74.02,88,55,40,7.0
Coconut ,2001,Whole Year ,Puducherry,2282.0,22204000,233060.66,593.32,9725.08,28.23,1021.13,74.02,88,55,40,7.0
Cotton(lint),2001,Kharif     ,Puducherry,575.0,2965,58724.75,149.5,5.23,28.23,1021.13,74.02,88,55,40,7.0
Onion,2001,Whole Year ,Puducherry,16.0,251,1634.08,4.16,15.69,28.23,1021.13,74.02,88,55,40,7.0
Rapeseed &Mustard,2001,Rabi       ,Puducherry,71.0,530,7251.23,18.46,6.345,28.23,1021.13,74.02,88,55,40,7.0
Sugarcane,2001,Whole Year ,Puducherry,2117.0,197412,216209.21,550.42,91.64,28.23,1021.13,74.02,88,55,40,7.0
Tapioca,2001,Whole Year ,Puducherry,464.0,15540,47388.32,120.64,21.5,28.23,1021.13,74.02,88,55,40,7.0
Coconut ,2001,Whole Year ,West Bengal,38404.0,331603800,3922200.52,9985.04,12368.60944,25.74,1600.02,73.31,85,40,45,6.2
Jute,2001,Kharif     ,West Bengal,651814.0,8836168,66569763.82,169471.64,15.42705882,25.74,1600.02,73.31,85,40,45,6.2
Mesta,2001,Kharif     ,West Bengal,10632.0,91297,1085846.16,2764.32,7.960833333,25.74,1600.02,73.31,85,40,45,6.2
Potato,2001,Whole Year ,West Bengal,299821.0,7822363,30620718.73,77953.46,21.95444444,25.74,1600.02,73.31,85,40,45,6.2
Sugarcane,2001,Whole Year ,West Bengal,19598.0,1513656,2001543.74,5095.48,79.67857143,25.74,1600.02,73.31,85,40,45,6.2
Banana,2002,Whole Year ,Andhra Pradesh,39354.0,1027659,3725643.18,9838.5,26.83952381,28.54,768.22,66.52,78,45,22,6.8
Coconut ,2002,Whole Year ,Andhra Pradesh,105291.0,1158625735,9967898.97,26322.75,9202.625556,28.54,768.22,66.52,78,45,22,6.8
Maize,2002,Rabi       ,Andhra Pradesh,111990.0,573695,10602093.3,27997.5,5.602272727,28.54,768.22,66.52,78,45,22,6.8
Mesta,2002,Kharif     ,Andhra Pradesh,81169.0,613607,7684269.23,20292.25,7.506363636,28.54,768.22,66.52,78,45,22,6.8
Onion,2002,Kharif     ,Andhra Pradesh,15403.0,171950,1458202.01,3850.75,10.49411765,28.54,768.22,66.52,78,45,22,6.8
Onion,2002,Rabi       ,Andhra Pradesh,11725.0,240657,1110005.75,2931.25,19.15952381,28.54,768.22,66.52,78,45,22,6.8
Potato,2002,Whole Year ,Andhra Pradesh,2672.0,18677,252958.24,668.0,6.946666667,28.54,768.22,66.52,78,45,22,6.8
Sugarcane,2002,Whole Year ,Andhra Pradesh,232471.0,15387218,22008029.57,58117.75,69.35666667,28.54,768.22,66.52,78,45,22,6.8
Sweet potato,2002,Whole Year ,Andhra Pradesh,1286.0,13380,121745.62,321.5,11.29588235,28.54,768.22,66.52,78,45,22,6.8
Banana,2002,Whole Year ,Assam,42631.0,589595,4035876.77,10657.75,13.77652174,22.58,1852.95,76.52,60,18,38,5.8
Coconut ,2002,Whole Year ,Assam,20919.0,160277000,1980401.73,5229.75,6959.633043,22.58,1852.95,76.52,60,18,38,5.8
Jute,2002,Kharif     ,Assam,67915.0,690619,6429513.05,16978.75,9.963478261,22.58,1852.95,76.52,60,18,38,5.8
Potato,2002,Whole Year ,Assam,75486.0,589916,7146259.62,18871.5,7.566956522,22.58,1852.95,76.52,60,18,38,5.8
Sugarcane,2002,Whole Year ,Assam,25152.0,916076,2381139.84,6288.0,37.02130435,22.58,1852.95,76.52,60,18,38,5.8
Banana,2002,Whole Year ,Goa,2116.0,15743,200321.72,529.0,7.44,27.57,1481.74,72.96,65,25,45,6.2
Coconut ,2002,Whole Year ,Goa,25068.0,122020000,2373187.56,6267.0,4867.56,27.57,1481.74,72.96,65,25,45,6.2
Sugarcane,2002,Whole Year ,Goa,1188.0,65470,112467.96,297.0,55.11,27.57,1481.74,72.96,65,25,45,6.2
Banana,2002,Whole Year ,Kerala,55668.0,421809,5270089.56,13917.0,8.055714286,27.05,1520.73,78.88,65,28,50,5.7
Coconut ,2002,Whole Year ,Kerala,899198.0,5709000000,85127074.66,224799.5,5969.78,27.05,1520.73,78.88,65,28,50,5.7
Garlic,2002,Whole Year ,Kerala,616.0,10472,58316.72,154.0,17.0,27.05,1520.73,78.88,65,28,50,5.7
Sugarcane,2002,Whole Year ,Kerala,3758.0,312830,355769.86,939.5,88.46083333,27.05,1520.73,78.88,65,28,50,5.7
Sweet potato,2002,Whole Year ,Kerala,850.0,10463,80469.5,212.5,11.46928571,27.05,1520.73,78.88,65,28,50,5.7
Tapioca,2002,Whole Year ,Kerala,104179.0,2413217,9862625.93,26044.75,24.47785714,27.05,1520.73,78.88,65,28,50,5.7
Tobacco,2002,Whole Year ,Kerala,90.0,501,8520.3,22.5,5.57,27.05,1520.73,78.88,65,28,50,5.7
Banana,2002,Whole Year ,Tamil Nadu,76771.0,2836916,7267910.57,19192.75,34.81964286,28.13,1046.29,71.59,80,38,30,6.6
Coconut ,2002,Whole Year ,Tamil Nadu,345825.0,2860700000,32739252.75,86456.25,8497.531111,28.13,1046.29,71.59,80,38,30,6.6
Garlic,2002,Whole Year ,Tamil Nadu,565.0,3378,53488.55,141.25,5.69,28.13,1046.29,71.59,80,38,30,6.6
Ginger,2002,Whole Year ,Tamil Nadu,416.0,6665,39382.72,104.0,16.00888889,28.13,1046.29,71.59,80,38,30,6.6
Onion,2002,Whole Year ,Tamil Nadu,23492.0,198715,2223987.64,5873.0,8.54625,28.13,1046.29,71.59,80,38,30,6.6
Potato,2002,Whole Year ,Tamil Nadu,4537.0,73362,429517.79,1134.25,18.3475,28.13,1046.29,71.59,80,38,30,6.6
Sugarcane,2002,Whole Year ,Tamil Nadu,261416.0,24165390,24748252.72,65354.0,89.04185185,28.13,1046.29,71.59,80,38,30,6.6
Sweet potato,2002,Whole Year ,Tamil Nadu,814.0,11121,77061.38,203.5,13.8292,28.13,1046.29,71.59,80,38,30,6.6
Tapioca,2002,Whole Year ,Tamil Nadu,67951.0,2146534,6432921.17,16987.75,32.53576923,28.13,1046.29,71.59,80,38,30,6.6
Coconut ,2002,Whole Year ,West Bengal,24976.0,324194500,2364477.92,6244.0,12229.29167,25.82,1391.99,74.07,85,40,45,6.2
Jute,2002,Kharif     ,West Bengal,636066.0,8505522,60216368.22,159016.5,14.35235294,25.82,1391.99,74.07,85,40,45,6.2
Mesta,2002,Kharif     ,West Bengal,8216.0,72572,777808.72,2054.0,10.04,25.82,1391.99,74.07,85,40,45,6.2
Potato,2002,Summer     ,West Bengal,2395.0,30807,226734.65,598.75,12.86,25.82,1391.99,74.07,85,40,45,6.2
Potato,2002,Winter     ,West Bengal,346906.0,6871659,32841591.02,86726.5,20.73388889,25.82,1391.99,74.07,85,40,45,6.2
Sannhamp,2002,Whole Year ,West Bengal,1374.0,6918,130076.58,343.5,5.218571429,25.82,1391.99,74.07,85,40,45,6.2
Sugarcane,2002,Whole Year ,West Bengal,19460.0,1281276,1842278.2,4865.0,64.52933333,25.82,1391.99,74.07,85,40,45,6.2
Banana,2003,Whole Year ,Andhra Pradesh,38714.0,515379,3831911.72,9291.36,15.68263158,28.31,857.23,68.83,78,45,22,6.8
Coconut ,2003,Whole Year ,Andhra Pradesh,103965.0,1195079360,10290455.7,24951.6,9524.628235,28.31,857.23,68.83,78,45,22,6.8
Maize,2003,Rabi       ,Andhra Pradesh,162802.0,805284,16114141.96,39072.48,5.081818182,28.31,857.23,68.83,78,45,22,6.8
Mesta,2003,Kharif     ,Andhra Pradesh,59177.0,470198,5857339.46,14202.48,7.792857143,28.31,857.23,68.83,78,45,22,6.8
Onion,2003,Kharif     ,Andhra Pradesh,16862.0,234546,1669000.76,4046.88,12.80157895,28.31,857.23,68.83,78,45,22,6.8
Onion,2003,Rabi       ,Andhra Pradesh,12187.0,284935,1206269.26,2924.88,19.88333333,28.31,857.23,68.83,78,45,22,6.8
Potato,2003,Whole Year ,Andhra Pradesh,2648.0,24049,262099.04,635.52,9.045,28.31,857.23,68.83,78,45,22,6.8
Sugarcane,2003,Whole Year ,Andhra Pradesh,208969.0,15069824,20683751.62,50152.56,74.48380952,28.31,857.23,68.83,78,45,22,6.8
Sweet potato,2003,Whole Year ,Andhra Pradesh,1263.0,9130,125011.74,303.12,7.32,28.31,857.23,68.83,78,45,22,6.8
Tapioca,2003,Whole Year ,Andhra Pradesh,19456.0,122145,1925754.88,4669.44,6.29,28.31,857.23,68.83,78,45,22,6.8
Banana,2003,Whole Year ,Assam,42982.0,594645,4254358.36,10315.68,13.78478261,22.45,2076.0,78.5,60,18,38,5.8
Coconut ,2003,Whole Year ,Assam,21309.0,154284000,2109164.82,5114.16,6763.011739,22.45,2076.0,78.5,60,18,38,5.8
Jute,2003,Kharif     ,Assam,64027.0,665268,6337392.46,15366.48,10.2626087,22.45,2076.0,78.5,60,18,38,5.8
Potato,2003,Whole Year ,Assam,77894.0,543070,7709948.12,18694.56,6.471304348,22.45,2076.0,78.5,60,18,38,5.8
Sugarcane,2003,Whole Year ,Assam,25431.0,981360,2517160.38,6103.44,37.43217391,22.45,2076.0,78.5,60,18,38,5.8
Banana,2003,Whole Year ,Goa,2179.0,16900,215677.42,522.96,7.76,27.88,1413.96,71.8,65,25,45,6.2
Coconut ,2003,Whole Year ,Goa,25110.0,122220000,2485387.8,6026.4,4867.38,27.88,1413.96,71.8,65,25,45,6.2
Sugarcane,2003,Whole Year ,Goa,1210.0,57607,119765.8,290.4,47.61,27.88,1413.96,71.8,65,25,45,6.2
Banana,2003,Whole Year ,Karnataka,33220.0,431463,3288115.6,7972.8,14.36222222,24.36,630.03,64.73,72,42,25,6.9
Coconut ,2003,Whole Year ,Karnataka,375957.0,1529139000,37212223.86,90229.68,4165.193333,24.36,630.03,64.73,72,42,25,6.9
Ginger,2003,Kharif     ,Karnataka,8281.0,108540,819653.38,1987.44,12.818125,24.36,630.03,64.73,72,42,25,6.9
Onion,2003,Whole Year ,Karnataka,101221.0,360469,10018854.58,24293.04,6.0956,24.36,630.03,64.73,72,42,25,6.9
Potato,2003,Whole Year ,Karnataka,53076.0,342752,5253462.48,12738.24,9.008666667,24.36,630.03,64.73,72,42,25,6.9
Sugarcane,2003,Whole Year ,Karnataka,243341.0,16015440,24085892.18,58401.84,72.1276,24.36,630.03,64.73,72,42,25,6.9
Sweet potato,2003,Whole Year ,Karnataka,3580.0,28718,354348.4,859.2,6.229333333,24.36,630.03,64.73,72,42,25,6.9
Tapioca,2003,Whole Year ,Karnataka,1058.0,8357,104720.84,253.92,9.595714286,24.36,630.03,64.73,72,42,25,6.9
Banana,2003,Whole Year ,Kerala,55906.0,442220,5533575.88,13417.44,8.215,27.08,1542.25,79.55,65,28,50,5.7
Coconut ,2003,Whole Year ,Kerala,898498.0,5876000000,88933332.04,215639.52,6097.778571,27.08,1542.25,79.55,65,28,50,5.7
Garlic,2003,Whole Year ,Kerala,638.0,10846,63149.24,153.12,17.0,27.08,1542.25,79.55,65,28,50,5.7
Sugarcane,2003,Whole Year ,Kerala,3535.0,290980,349894.3,848.4,82.35,27.08,1542.25,79.55,65,28,50,5.7
Sweet potato,2003,Whole Year ,Kerala,1002.0,11981,99177.96,240.48,11.52307692,27.08,1542.25,79.55,65,28,50,5.7
Tapioca,2003,Whole Year ,Kerala,94297.0,2540790,9333517.06,22631.28,28.62785714,27.08,1542.25,79.55,65,28,50,5.7
Tobacco,2003,Whole Year ,Kerala,76.0,423,7522.48,18.24,5.57,27.08,1542.25,79.55,65,28,50,5.7
Banana,2003,Whole Year ,Meghalaya,5628.0,66875,557059.44,1350.72,10.92714286,17.73,2608.08,82.11,52,16,33,5.6
Ginger,2003,Kharif     ,Meghalaya,8982.0,49215,889038.36,2155.68,6.782857143,17.73,2608.08,82.11,52,16,33,5.6
Jute,2003,Kharif     ,Meghalaya,4043.0,35699,400176.14,970.32,7.026666667,17.73,2608.08,82.11,52,16,33,5.6
Potato,2003,Whole Year ,Meghalaya,18035.0,149428,1785104.3,4328.4,7.241428571,17.73,2608.08,82.11,52,16,33,5.6
Tapioca,2003,Whole Year ,Meghalaya,3974.0,20588,393346.52,953.76,6.367142857,17.73,2608.08,82.11,52,16,33,5.6
Turmeric,2003,Whole Year ,Meghalaya,1561.0,8656,154507.78,374.64,5.471428571,17.73,2608.08,82.11,52,16,33,5.6
Banana,2003,Whole Year ,Puducherry,280.0,10095,27714.4,67.2,26.56,28.24,842.18,74.41,88,55,40,7.0
Coconut ,2003,Whole Year ,Puducherry,2252.0,30732000,222902.96,540.48,12300.735,28.24,842.18,74.41,88,55,40,7.0
Onion,2003,Whole Year ,Puducherry,7.0,100,692.86,1.68,8.75,28.24,842.18,74.41,88,55,40,7.0
Sugarcane,2003,Whole Year ,Puducherry,1733.0,146675,171532.34,415.92,54.985,28.24,842.18,74.41,88,55,40,7.0
Tapioca,2003,Whole Year ,Puducherry,567.0,16716,56121.66,136.08,20.005,28.24,842.18,74.41,88,55,40,7.0
Banana,2003,Whole Year ,Tamil Nadu,71088.0,2514729,7036290.24,17061.12,34.52965517,28.23,895.93,70.97,80,38,30,6.6
Coconut ,2003,Whole Year ,Tamil Nadu,352710.0,2560500000,34911235.8,84650.4,7781.805714,28.23,895.93,70.97,80,38,30,6.6
Garlic,2003,Whole Year ,Tamil Nadu,595.0,3411,58893.1,142.8,5.54,28.23,895.93,70.97,80,38,30,6.6
Ginger,2003,Kharif     ,Tamil Nadu,395.0,5599,39097.1,94.8,14.11833333,28.23,895.93,70.97,80,38,30,6.6
Onion,2003,Whole Year ,Tamil Nadu,23452.0,211173,2321278.96,5628.48,8.768076923,28.23,895.93,70.97,80,38,30,6.6
Potato,2003,Whole Year ,Tamil Nadu,4341.0,70103,429672.18,1041.84,17.054,28.23,895.93,70.97,80,38,30,6.6
Sugarcane,2003,Whole Year ,Tamil Nadu,192069.0,19529277,19010989.62,46096.56,96.11384615,28.23,895.93,70.97,80,38,30,6.6
Sweet potato,2003,Whole Year ,Tamil Nadu,1039.0,15049,102840.22,249.36,14.55,28.23,895.93,70.97,80,38,30,6.6
Tapioca,2003,Whole Year ,Tamil Nadu,95022.0,3201414,9405277.56,22805.28,33.38214286,28.23,895.93,70.97,80,38,30,6.6
Coconut ,2003,Whole Year ,West Bengal,24443.0,317488500,2419368.14,5866.32,12370.06944,25.84,1423.27,73.79,85,40,45,6.2
Jute,2003,Kharif     ,West Bengal,620421.0,8366723,61409270.58,148901.04,14.47764706,25.84,1423.27,73.79,85,40,45,6.2
Mesta,2003,Kharif     ,West Bengal,9715.0,98807,961590.7,2331.6,11.30461538,25.84,1423.27,73.79,85,40,45,6.2
Potato,2003,Whole Year ,West Bengal,308425.0,7621635,30527906.5,74022.0,21.86777778,25.84,1423.27,73.79,85,40,45,6.2
Sannhamp,2003,Whole Year ,West Bengal,1273.0,6669,126001.54,305.52,5.142857143,25.84,1423.27,73.79,85,40,45,6.2
Sugarcane,2003,Whole Year ,West Bengal,16903.0,1252628,1673058.94,4056.72,74.46533333,25.84,1423.27,73.79,85,40,45,6.2
Banana,2004,Whole Year ,Karnataka,41977.0,526898,4547788.18,8815.17,16.32777778,23.16,994.53,69.96,72,42,25,6.9
Coconut ,2004,Whole Year ,Karnataka,383206.0,1551729000,41516538.04,80473.26,4165.395185,23.16,994.53,69.96,72,42,25,6.9
Ginger,2004,Kharif     ,Karnataka,11019.0,143455,1193798.46,2313.99,12.84,23.16,994.53,69.96,72,42,25,6.9
Onion,2004,Whole Year ,Karnataka,136038.0,841333,14738356.92,28567.98,7.8688,23.16,994.53,69.96,72,42,25,6.9
Potato,2004,Whole Year ,Karnataka,51937.0,360759,5626854.58,10906.77,10.17875,23.16,994.53,69.96,72,42,25,6.9
Sweet potato,2004,Whole Year ,Karnataka,3583.0,29199,388182.22,752.43,6.102142857,23.16,994.53,69.96,72,42,25,6.9
Tapioca,2004,Whole Year ,Karnataka,1066.0,8428,115490.44,223.86,9.385,23.16,994.53,69.96,72,42,25,6.9
Banana,2004,Whole Year ,Kerala,58866.0,475371,6377542.44,12361.86,7.803571429,26.76,2080.13,80.59,65,28,50,5.7
Coconut ,2004,Whole Year ,Kerala,899267.0,6001000000,97426586.78,188846.07,6112.145714,26.76,2080.13,80.59,65,28,50,5.7
Garlic,2004,Whole Year ,Kerala,306.0,5202,33152.04,64.26,17.0,26.76,2080.13,80.59,65,28,50,5.7
Sugarcane,2004,Whole Year ,Kerala,1921.0,154300,208121.14,403.41,82.35153846,26.76,2080.13,80.59,65,28,50,5.7
Sweet potato,2004,Whole Year ,Kerala,836.0,10013,90572.24,175.56,11.52769231,26.76,2080.13,80.59,65,28,50,5.7
Tapioca,2004,Whole Year ,Kerala,88486.0,2400043,9586573.24,18582.06,28.10571429,26.76,2080.13,80.59,65,28,50,5.7
Tobacco,2004,Whole Year ,Kerala,40.0,223,4333.6,8.4,5.58,26.76,2080.13,80.59,65,28,50,5.7
Banana,2004,Whole Year ,Meghalaya,6276.0,67838,679941.84,1317.96,10.06571429,17.53,2896.44,82.48,52,16,33,5.6
Coriander,2004,Whole Year ,Meghalaya,53.0,306,5742.02,11.13,5.4925,17.53,2896.44,82.48,52,16,33,5.6
Ginger,2004,Kharif     ,Meghalaya,9222.0,47138,999111.48,1936.62,6.122857143,17.53,2896.44,82.48,52,16,33,5.6
Potato,2004,Whole Year ,Meghalaya,17287.0,141622,1872873.58,3630.27,7.178571429,17.53,2896.44,82.48,52,16,33,5.6
Tapioca,2004,Whole Year ,Meghalaya,3975.0,20644,430651.5,834.75,6.367142857,17.53,2896.44,82.48,52,16,33,5.6
Banana,2004,Whole Year ,Tamil Nadu,81498.0,3461788,8829493.32,17114.58,41.73931034,27.49,1358.53,73.69,80,38,30,6.6
Coconut ,2004,Whole Year ,Tamil Nadu,357056.0,4097000000,38683447.04,74981.76,10877.70276,27.49,1358.53,73.69,80,38,30,6.6
Garlic,2004,Whole Year ,Tamil Nadu,443.0,2632,47994.62,93.03,5.854,27.49,1358.53,73.69,80,38,30,6.6
Ginger,2004,Kharif     ,Tamil Nadu,574.0,11076,62187.16,120.54,19.255,27.49,1358.53,73.69,80,38,30,6.6
Onion,2004,Whole Year ,Tamil Nadu,26491.0,256359,2870034.94,5563.11,9.490357143,27.49,1358.53,73.69,80,38,30,6.6
Potato,2004,Whole Year ,Tamil Nadu,5034.0,79060,545383.56,1057.14,16.0325,27.49,1358.53,73.69,80,38,30,6.6
Sugarcane,2004,Whole Year ,Tamil Nadu,222188.0,24457244,24071847.92,46659.48,104.66,27.49,1358.53,73.69,80,38,30,6.6
Sweet potato,2004,Whole Year ,Tamil Nadu,1397.0,21118,151350.98,293.37,14.9992,27.49,1358.53,73.69,80,38,30,6.6
Tapioca,2004,Whole Year ,Tamil Nadu,110589.0,4563776,11981212.26,23223.69,41.5525,27.49,1358.53,73.69,80,38,30,6.6
Turmeric,2004,Whole Year ,Tamil Nadu,21616.0,118447,2341877.44,4539.36,5.096071429,27.49,1358.53,73.69,80,38,30,6.6
Banana,2005,Whole Year ,Andhra Pradesh,45642.0,935517,5473388.64,9584.82,23.9085,27.95,1192.26,71.1,78,45,22,6.8
Coconut ,2005,Whole Year ,Andhra Pradesh,104438.0,891991928,12524204.96,21931.98,7717.767778,27.95,1192.26,71.1,78,45,22,6.8
Ginger,2005,Whole Year ,Andhra Pradesh,2161.0,16456,259147.12,453.81,5.812222222,27.95,1192.26,71.1,78,45,22,6.8
Maize,2005,Rabi       ,Andhra Pradesh,164827.0,988711,19766053.84,34613.67,6.032272727,27.95,1192.26,71.1,78,45,22,6.8
Mesta,2005,Kharif     ,Andhra Pradesh,49827.0,455487,5975253.84,10463.67,8.926666667,27.95,1192.26,71.1,78,45,22,6.8
Onion,2005,Kharif     ,Andhra Pradesh,20434.0,364201,2450445.28,4291.14,15.5455,27.95,1192.26,71.1,78,45,22,6.8
Onion,2005,Rabi       ,Andhra Pradesh,15952.0,332092,1912963.84,3349.92,20.49047619,27.95,1192.26,71.1,78,45,22,6.8
Potato,2005,Whole Year ,Andhra Pradesh,3275.0,29564,392738.0,687.75,8.895,27.95,1192.26,71.1,78,45,22,6.8
Sugarcane,2005,Whole Year ,Andhra Pradesh,229960.0,17656395,27576803.2,48291.6,83.59,27.95,1192.26,71.1,78,45,22,6.8
Sweet potato,2005,Whole Year ,Andhra Pradesh,1085.0,8726,130113.2,227.85,8.547777778,27.95,1192.26,71.1,78,45,22,6.8
Tapioca,2005,Whole Year ,Andhra Pradesh,15281.0,125986,1832497.52,3209.01,7.2075,27.95,1192.26,71.1,78,45,22,6.8
Banana,2005,Whole Year ,Assam,41967.0,577713,5032682.64,8813.07,13.70555556,22.79,2104.81,77.53,60,18,38,5.8
Coconut ,2005,Whole Year ,Assam,19057.0,204937000,2285315.44,4001.97,8486.539565,22.79,2104.81,77.53,60,18,38,5.8
Jute,2005,Kharif     ,Assam,56757.0,578858,6806299.44,11918.97,10.28740741,22.79,2104.81,77.53,60,18,38,5.8
Potato,2005,Whole Year ,Assam,69638.0,353696,8350988.96,14623.98,5.326296296,22.79,2104.81,77.53,60,18,38,5.8
Sugarcane,2005,Whole Year ,Assam,23426.0,871219,2809245.92,4919.46,37.99444444,22.79,2104.81,77.53,60,18,38,5.8
Arecanut,2005,Whole Year ,Karnataka,161151.0,1033658,19325227.92,33841.71,6.212380952,23.3,1335.41,72.42,72,42,25,6.9
Banana,2005,Whole Year ,Karnataka,43562.0,517257,5223955.04,9148.02,15.48037037,23.3,1335.41,72.42,72,42,25,6.9
Coconut ,2005,Whole Year ,Karnataka,395885.0,1606890000,47474529.2,83135.85,4165.660741,23.3,1335.41,72.42,72,42,25,6.9
Ginger,2005,Whole Year ,Karnataka,21669.0,282411,2598546.48,4550.49,12.82411765,23.3,1335.41,72.42,72,42,25,6.9
Onion,2005,Kharif     ,Karnataka,136344.0,759619,16350372.48,28632.24,6.543913043,23.3,1335.41,72.42,72,42,25,6.9
Onion,2005,Rabi       ,Karnataka,10900.0,112992,1307128.0,2289.0,10.36952381,23.3,1335.41,72.42,72,42,25,6.9
Onion,2005,Summer     ,Karnataka,4075.0,67545,488674.0,855.75,16.31842105,23.3,1335.41,72.42,72,42,25,6.9
Peas & beans (Pulses),2005,Kharif     ,Karnataka,4174.0,25514,500546.08,876.54,5.612105263,23.3,1335.41,72.42,72,42,25,6.9
Peas & beans (Pulses),2005,Rabi       ,Karnataka,686.0,4824,82265.12,144.06,7.193333333,23.3,1335.41,72.42,72,42,25,6.9
Potato,2005,Rabi       ,Karnataka,5416.0,97924,649486.72,1137.36,17.84,23.3,1335.41,72.42,72,42,25,6.9
Potato,2005,Summer     ,Karnataka,317.0,5078,38014.64,66.57,15.45,23.3,1335.41,72.42,72,42,25,6.9
Sugarcane,2005,Whole Year ,Karnataka,221462.0,19647650,26557723.04,46507.02,90.63772727,23.3,1335.41,72.42,72,42,25,6.9
Sweet potato,2005,Whole Year ,Karnataka,3356.0,27360,402451.52,704.76,6.076153846,23.3,1335.41,72.42,72,42,25,6.9
Tapioca,2005,Whole Year ,Karnataka,841.0,6993,100852.72,176.61,9.59,23.3,1335.41,72.42,72,42,25,6.9
Turmeric,2005,Whole Year ,Karnataka,6346.0,33891,761012.32,1332.66,5.556363636,23.3,1335.41,72.42,72,42,25,6.9
Banana,2005,Whole Year ,Kerala,61400.0,491823,7363088.0,12894.0,8.060714286,26.88,2084.75,81.32,65,28,50,5.7
Coconut ,2005,Whole Year ,Kerala,897833.0,6326000000,107668133.4,188544.93,6500.859286,26.88,2084.75,81.32,65,28,50,5.7
Garlic,2005,Whole Year ,Kerala,65.0,1105,7794.8,13.65,17.0,26.88,2084.75,81.32,65,28,50,5.7
Sugarcane,2005,Whole Year ,Kerala,1222.0,91650,146542.24,256.62,66.14538462,26.88,2084.75,81.32,65,28,50,5.7
Sweet potato,2005,Whole Year ,Kerala,711.0,9013,85263.12,149.31,11.48692308,26.88,2084.75,81.32,65,28,50,5.7
Tapioca,2005,Whole Year ,Kerala,90539.0,2568284,10857436.88,19013.19,28.00928571,26.88,2084.75,81.32,65,28,50,5.7
Banana,2005,Whole Year ,Meghalaya,6426.0,71695,770605.92,1349.46,10.22428571,17.85,2764.31,82.42,52,16,33,5.6
Ginger,2005,Kharif     ,Meghalaya,9625.0,53609,1154230.0,2021.25,6.558571429,17.85,2764.31,82.42,52,16,33,5.6
Jute,2005,Kharif     ,Meghalaya,4017.0,35499,481718.64,843.57,7.11,17.85,2764.31,82.42,52,16,33,5.6
Potato,2005,Whole Year ,Meghalaya,17986.0,167030,2156881.12,3777.06,7.768571429,17.85,2764.31,82.42,52,16,33,5.6
Tapioca,2005,Whole Year ,Meghalaya,3989.0,20841,478360.88,837.69,6.392857143,17.85,2764.31,82.42,52,16,33,5.6
Turmeric,2005,Whole Year ,Meghalaya,1817.0,10508,217894.64,381.57,5.621428571,17.85,2764.31,82.42,52,16,33,5.6
Banana,2005,Whole Year ,Tamil Nadu,94648.0,4647635,11350188.16,19876.08,48.51965517,27.9,1894.66,73.91,80,38,30,6.6
Coconut ,2005,Whole Year ,Tamil Nadu,370515.0,4867100000,44432158.8,77808.15,11777.93172,27.9,1894.66,73.91,80,38,30,6.6
Garlic,2005,Whole Year ,Tamil Nadu,428.0,2561,51325.76,89.88,5.854,27.9,1894.66,73.91,80,38,30,6.6
Ginger,2005,Kharif     ,Tamil Nadu,660.0,12735,79147.2,138.6,19.31714286,27.9,1894.66,73.91,80,38,30,6.6
Onion,2005,Whole Year ,Tamil Nadu,29169.0,233796,3497946.48,6125.49,8.07826087,27.9,1894.66,73.91,80,38,30,6.6
Potato,2005,Whole Year ,Tamil Nadu,5005.0,74593,600199.6,1051.05,15.32,27.9,1894.66,73.91,80,38,30,6.6
Sugarcane,2005,Whole Year ,Tamil Nadu,335397.0,35113269,40220808.24,70433.37,102.4842857,27.9,1894.66,73.91,80,38,30,6.6
Sweet potato,2005,Whole Year ,Tamil Nadu,1417.0,29555,169926.64,297.57,20.8868,27.9,1894.66,73.91,80,38,30,6.6
Tapioca,2005,Whole Year ,Tamil Nadu,127122.0,4857440,15244470.24,26695.62,38.21481481,27.9,1894.66,73.91,80,38,30,6.6
Turmeric,2005,Whole Year ,Tamil Nadu,25970.0,143358,3114322.4,5453.7,5.547037037,27.9,1894.66,73.91,80,38,30,6.6
Coconut ,2005,Whole Year ,West Bengal,24884.0,323525800,2984089.28,5225.64,11972.035,25.96,1437.97,74.73,85,40,45,6.2
Jute,2005,Kharif     ,West Bengal,558938.0,7989246,67027844.96,117376.98,14.95882353,25.96,1437.97,74.73,85,40,45,6.2
Mesta,2005,Kharif     ,West Bengal,10358.0,125254,1242131.36,2175.18,11.78285714,25.96,1437.97,74.73,85,40,45,6.2
Potato,2005,Whole Year ,West Bengal,354455.0,7462464,42506243.6,74435.55,19.345,25.96,1437.97,74.73,85,40,45,6.2
Sannhamp,2005,Whole Year ,West Bengal,1257.0,6725,150739.44,263.97,5.41625,25.96,1437.97,74.73,85,40,45,6.2
Sugarcane,2005,Whole Year ,West Bengal,15031.0,1247713,1802517.52,3156.51,80.03066667,25.96,1437.97,74.73,85,40,45,6.2
Banana,2006,Kharif     ,Puducherry,305.0,9890,38951.55,67.1,22.23666667,27.89,1082.72,75.18,88,55,40,7.0
Sugarcane,2006,Kharif     ,Puducherry,2500.0,383706,319275.0,550.0,112.3,27.89,1082.72,75.18,88,55,40,7.0
Tapioca,2006,Kharif     ,Puducherry,357.0,14141,45592.47,78.54,26.93,27.89,1082.72,75.18,88,55,40,7.0
Banana,2006,Kharif     ,Meghalaya,6422.0,72367,820153.62,1412.84,10.31714286,18.05,2184.76,79.82,52,16,33,5.6
Ginger,2006,Kharif     ,Meghalaya,9639.0,57278,1230996.69,2120.58,7.088571429,18.05,2184.76,79.82,52,16,33,5.6
Jute,2006,Rabi       ,Meghalaya,3967.0,35304,506625.57,872.74,7.056666667,18.05,2184.76,79.82,52,16,33,5.6
Potato,2006,Rabi       ,Meghalaya,18173.0,188202,2320873.83,3998.06,8.212857143,18.05,2184.76,79.82,52,16,33,5.6
Tapioca,2006,Kharif     ,Meghalaya,3993.0,20870,509946.03,878.46,6.318571429,18.05,2184.76,79.82,52,16,33,5.6
Turmeric,2006,Rabi       ,Meghalaya,1912.0,14449,244181.52,420.64,6.125714286,18.05,2184.76,79.82,52,16,33,5.6
Banana,2006,Whole Year ,Andhra Pradesh,50286.0,1224106,6422025.06,11062.92,26.19809524,27.65,1343.62,71.34,78,45,22,6.8
Coconut ,2006,Whole Year ,Andhra Pradesh,105043.0,1326398065,13415041.53,23109.46,11710.48222,27.65,1343.62,71.34,78,45,22,6.8
Maize,2006,Rabi       ,Andhra Pradesh,190172.0,1177003,24286866.12,41837.84,6.363181818,27.65,1343.62,71.34,78,45,22,6.8
Mesta,2006,Kharif     ,Andhra Pradesh,61894.0,543574,7904482.74,13616.68,8.692222222,27.65,1343.62,71.34,78,45,22,6.8
Onion,2006,Kharif     ,Andhra Pradesh,18601.0,306843,2375533.71,4092.22,15.37055556,27.65,1343.62,71.34,78,45,22,6.8
Onion,2006,Rabi       ,Andhra Pradesh,12439.0,272602,1588584.69,2736.58,19.59105263,27.65,1343.62,71.34,78,45,22,6.8
Potato,2006,Whole Year ,Andhra Pradesh,3645.0,44728,465502.95,801.9,12.436,27.65,1343.62,71.34,78,45,22,6.8
Sugarcane,2006,Whole Year ,Andhra Pradesh,264333.0,21691638,33757967.43,58153.26,86.37380952,27.65,1343.62,71.34,78,45,22,6.8
Sweet potato,2006,Whole Year ,Andhra Pradesh,997.0,8608,127326.87,219.34,8.821764706,27.65,1343.62,71.34,78,45,22,6.8
Tapioca,2006,Whole Year ,Andhra Pradesh,19732.0,209152,2519973.72,4341.04,8.95,27.65,1343.62,71.34,78,45,22,6.8
Banana,2006,Whole Year ,Assam,43250.0,598857,5523457.5,9515.0,13.70814815,22.91,1531.41,75.46,60,18,38,5.8
Coconut ,2006,Whole Year ,Assam,18595.0,135725000,2374767.45,4090.9,6233.948519,22.91,1531.41,75.46,60,18,38,5.8
Jute,2006,Kharif     ,Assam,57663.0,558564,7364141.73,12685.86,9.352962963,22.91,1531.41,75.46,60,18,38,5.8
Potato,2006,Whole Year ,Assam,77712.0,504557,9924599.52,17096.64,6.657407407,22.91,1531.41,75.46,60,18,38,5.8
Sugarcane,2006,Whole Year ,Assam,26627.0,1055337,3400534.17,5857.94,39.10666667,22.91,1531.41,75.46,60,18,38,5.8
Banana,2006,Whole Year ,Karnataka,42646.0,851437,5446320.66,9382.12,19.95814815,23.26,664.25,70.02,72,42,25,6.9
Coconut ,2006,Whole Year ,Karnataka,403671.0,1635839000,51552823.41,88807.62,4164.715926,23.26,664.25,70.02,72,42,25,6.9
Ginger,2006,Whole Year ,Karnataka,17472.0,228694,2231349.12,3843.84,12.83352941,23.26,664.25,70.02,72,42,25,6.9
Onion,2006,Whole Year ,Karnataka,151289.0,859132,19321118.19,33283.58,6.4348,23.26,664.25,70.02,72,42,25,6.9
Potato,2006,Whole Year ,Karnataka,63374.0,561001,8093493.54,13942.28,12.976875,23.26,664.25,70.02,72,42,25,6.9
Sugarcane,2006,Whole Year ,Karnataka,269440.0,23641948,34410182.4,59276.8,90.2876,23.26,664.25,70.02,72,42,25,6.9
Sweet potato,2006,Whole Year ,Karnataka,3014.0,25028,384917.94,663.08,6.240714286,23.26,664.25,70.02,72,42,25,6.9
Tapioca,2006,Whole Year ,Karnataka,815.0,6869,104083.65,179.3,9.43375,23.26,664.25,70.02,72,42,25,6.9
Banana,2006,Whole Year ,Kerala,59143.0,463766,7553152.53,13011.46,7.988571429,26.48,2279.1,82.35,65,28,50,5.7
Coconut ,2006,Whole Year ,Kerala,872943.0,6054000000,111483550.5,192047.46,6522.32,26.48,2279.1,82.35,65,28,50,5.7
Garlic,2006,Whole Year ,Kerala,221.0,3757,28223.91,48.62,17.0,26.48,2279.1,82.35,65,28,50,5.7
Sugarcane,2006,Whole Year ,Kerala,1161.0,65790,148271.31,255.42,33.668,26.48,2279.1,82.35,65,28,50,5.7
Sweet potato,2006,Whole Year ,Kerala,505.0,6405,64493.55,111.1,11.50071429,26.48,2279.1,82.35,65,28,50,5.7
Tapioca,2006,Whole Year ,Kerala,87128.0,2518999,11127116.88,19168.16,29.46214286,26.48,2279.1,82.35,65,28,50,5.7
Banana,2006,Whole Year ,Tamil Nadu,105206.0,5637371,13435858.26,23145.32,54.02931034,27.82,1236.69,72.14,80,38,30,6.6
Coconut ,2006,Whole Year ,Tamil Nadu,374604.0,5429900000,47840676.84,82412.88,13584.69138,27.82,1236.69,72.14,80,38,30,6.6
Garlic,2006,Whole Year ,Tamil Nadu,528.0,3139,67430.88,116.16,5.304,27.82,1236.69,72.14,80,38,30,6.6
Ginger,2006,Whole Year ,Tamil Nadu,669.0,12468,85437.99,147.18,18.65625,27.82,1236.69,72.14,80,38,30,6.6
Onion,2006,Whole Year ,Tamil Nadu,29587.0,258333,3778555.77,6509.14,8.720454545,27.82,1236.69,72.14,80,38,30,6.6
Potato,2006,Whole Year ,Tamil Nadu,5190.0,77443,662814.9,1141.8,15.11333333,27.82,1236.69,72.14,80,38,30,6.6
Sugarcane,2006,Whole Year ,Tamil Nadu,391201.0,48037332,49960279.71,86064.22,118.1746429,27.82,1236.69,72.14,80,38,30,6.6
Sweet potato,2006,Whole Year ,Tamil Nadu,1127.0,18933,143929.17,247.94,17.74740741,27.82,1236.69,72.14,80,38,30,6.6
Tapioca,2006,Whole Year ,Tamil Nadu,139628.0,5635436,17831891.88,30718.16,41.62785714,27.82,1236.69,72.14,80,38,30,6.6
Turmeric,2006,Whole Year ,Tamil Nadu,30528.0,175388,3898730.88,6716.16,5.748148148,27.82,1236.69,72.14,80,38,30,6.6
Coconut ,2006,Whole Year ,West Bengal,25068.0,359065200,3201434.28,5514.96,13259.37833,25.91,1535.61,73.93,85,40,45,6.2
Jute,2006,Kharif     ,West Bengal,594874.0,8411537,75971358.54,130872.28,14.85647059,25.91,1535.61,73.93,85,40,45,6.2
Mesta,2006,Kharif     ,West Bengal,9660.0,94530,1233678.6,2125.2,9.248333333,25.91,1535.61,73.93,85,40,45,6.2
Potato,2006,Whole Year ,West Bengal,407941.0,5051962,52098145.11,89747.02,13.35111111,25.91,1535.61,73.93,85,40,45,6.2
Sannhamp,2006,Whole Year ,West Bengal,1294.0,7252,165256.74,284.68,5.58125,25.91,1535.61,73.93,85,40,45,6.2
Sugarcane,2006,Whole Year ,West Bengal,16583.0,1266705,2117814.93,3648.26,79.200625,25.91,1535.61,73.93,85,40,45,6.2
Banana,2007,Kharif     ,Puducherry,318.0,10457,42421.2,50.88,22.45,27.8,1151.09,75.64,88,55,40,7.0
Coconut ,2007,Whole Year ,Puducherry,2164.0,26615000,288677.6,346.24,10937.2025,27.8,1151.09,75.64,88,55,40,7.0
Onion,2007,Rabi       ,Puducherry,3.0,25,400.2,0.48,8.33,27.8,1151.09,75.64,88,55,40,7.0
Sugarcane,2007,Kharif     ,Puducherry,2323.0,228416,309888.2,371.68,86.75,27.8,1151.09,75.64,88,55,40,7.0
Tapioca,2007,Kharif     ,Puducherry,333.0,13371,44422.2,53.28,26.9,27.8,1151.09,75.64,88,55,40,7.0
Tapioca,2007,Rabi       ,Puducherry,6.0,245,800.4,0.96,40.83,27.8,1151.09,75.64,88,55,40,7.0
Banana,2007,Whole Year ,Assam,43999.0,606749,5869466.6,7039.84,13.68962963,22.52,1932.73,76.6,60,18,38,5.8
Coconut ,2007,Whole Year ,Assam,18812.0,147079000,2509520.8,3009.92,7202.371852,22.52,1932.73,76.6,60,18,38,5.8
Ginger,2007,Whole Year ,Assam,15624.0,107076,2084241.6,2499.84,6.94,22.52,1932.73,76.6,60,18,38,5.8
Jute,2007,Kharif     ,Assam,59842.0,656821,7982922.8,9574.72,10.37444444,22.52,1932.73,76.6,60,18,38,5.8
Potato,2007,Whole Year ,Assam,75197.0,520831,10031279.8,12031.52,6.564444444,22.52,1932.73,76.6,60,18,38,5.8
Sugarcane,2007,Whole Year ,Assam,25734.0,979860,3432915.6,4117.44,36.67259259,22.52,1932.73,76.6,60,18,38,5.8
Arecanut,2007,Whole Year ,Karnataka,174404.0,1114484,23265493.6,27904.64,6.211428571,23.25,1096.34,70.37,72,42,25,6.9
Banana,2007,Whole Year ,Karnataka,52191.0,922999,6962279.4,8350.56,19.55793103,23.25,1096.34,70.37,72,42,25,6.9
Coconut ,2007,Whole Year ,Karnataka,405328.0,2063855000,54070755.2,64852.48,5079.793793,23.25,1096.34,70.37,72,42,25,6.9
Ginger,2007,Whole Year ,Karnataka,14780.0,303354,1971652.0,2364.8,19.98210526,23.25,1096.34,70.37,72,42,25,6.9
Onion,2007,Kharif     ,Karnataka,165668.0,987538,22100111.2,26506.88,6.5028,23.25,1096.34,70.37,72,42,25,6.9
Onion,2007,Rabi       ,Karnataka,11727.0,98738,1564381.8,1876.32,8.509047619,23.25,1096.34,70.37,72,42,25,6.9
Onion,2007,Summer     ,Karnataka,4706.0,39752,627780.4,752.96,7.833809524,23.25,1096.34,70.37,72,42,25,6.9
Potato,2007,Rabi       ,Karnataka,2957.0,36386,394463.8,473.12,12.32909091,23.25,1096.34,70.37,72,42,25,6.9
Potato,2007,Summer     ,Karnataka,2156.0,34500,287610.4,344.96,15.924,23.25,1096.34,70.37,72,42,25,6.9
Sugarcane,2007,Whole Year ,Karnataka,307084.0,26028309,40965005.6,49133.44,83.41653846,23.25,1096.34,70.37,72,42,25,6.9
Sweet potato,2007,Whole Year ,Karnataka,2887.0,24141,385125.8,461.92,6.37625,23.25,1096.34,70.37,72,42,25,6.9
Tapioca,2007,Whole Year ,Karnataka,774.0,6393,103251.6,123.84,9.747142857,23.25,1096.34,70.37,72,42,25,6.9
Turmeric,2007,Whole Year ,Karnataka,13500.0,104980,1800900.0,2160.0,7.861111111,23.25,1096.34,70.37,72,42,25,6.9
Banana,2007,Whole Year ,Kerala,59341.0,439803,7916089.4,9494.56,7.534285714,26.63,2054.41,80.94,65,28,50,5.7
Coconut ,2007,Whole Year ,Kerala,818812.0,5641000000,109229520.8,131009.92,6390.165714,26.63,2054.41,80.94,65,28,50,5.7
Garlic,2007,Whole Year ,Kerala,350.0,5950,46690.0,56.0,17.0,26.63,2054.41,80.94,65,28,50,5.7
Sugarcane,2007,Whole Year ,Kerala,2991.0,159150,398999.4,478.56,37.17272727,26.63,2054.41,80.94,65,28,50,5.7
Sweet potato,2007,Whole Year ,Kerala,499.0,6343,66566.6,79.84,11.49785714,26.63,2054.41,80.94,65,28,50,5.7
Tapioca,2007,Whole Year ,Kerala,83990.0,2556455,11204266.0,13438.4,29.41142857,26.63,2054.41,80.94,65,28,50,5.7
Banana,2007,Whole Year ,Tamil Nadu,112793.0,5384825,15046586.2,18046.88,48.00758621,27.63,1255.81,73.32,80,38,30,6.6
Coconut ,2007,Whole Year ,Tamil Nadu,383366.0,5438500000,51141024.4,61338.56,13190.09759,27.63,1255.81,73.32,80,38,30,6.6
Garlic,2007,Whole Year ,Tamil Nadu,505.0,2994,67367.0,80.8,5.763333333,27.63,1255.81,73.32,80,38,30,6.6
Ginger,2007,Whole Year ,Tamil Nadu,625.0,11898,83375.0,100.0,18.97857143,27.63,1255.81,73.32,80,38,30,6.6
Onion,2007,Whole Year ,Tamil Nadu,29809.0,287208,3976520.6,4769.44,9.574347826,27.63,1255.81,73.32,80,38,30,6.6
Potato,2007,Whole Year ,Tamil Nadu,4066.0,68169,542404.4,650.56,17.018,27.63,1255.81,73.32,80,38,30,6.6
Sugarcane,2007,Whole Year ,Tamil Nadu,354022.0,38070965,47226534.8,56643.52,104.9803571,27.63,1255.81,73.32,80,38,30,6.6
Sweet potato,2007,Whole Year ,Tamil Nadu,1088.0,14780,145139.2,174.08,13.7055,27.63,1255.81,73.32,80,38,30,6.6
Tapioca,2007,Whole Year ,Tamil Nadu,140092.0,5912307,18688272.8,22414.72,42.09785714,27.63,1255.81,73.32,80,38,30,6.6
Turmeric,2007,Whole Year ,Tamil Nadu,27303.0,146008,3642220.2,4368.48,5.253846154,27.63,1255.81,73.32,80,38,30,6.6
Coconut ,2007,Whole Year ,West Bengal,28644.0,355531900,3821109.6,4583.04,12380.47722,25.47,1961.06,74.46,85,40,45,6.2
Garlic,2007,Kharif     ,West Bengal,3414.0,33728,455427.6,546.24,10.53722222,25.47,1961.06,74.46,85,40,45,6.2
Jute,2007,Kharif     ,West Bengal,609817.0,8216039,81349587.8,97570.72,14.07352941,25.47,1961.06,74.46,85,40,45,6.2
Mesta,2007,Kharif     ,West Bengal,7432.0,77499,991428.8,1189.12,7.864,25.47,1961.06,74.46,85,40,45,6.2
Potato,2007,Whole Year ,West Bengal,400786.0,9900846,53464852.4,64125.76,22.28666667,25.47,1961.06,74.46,85,40,45,6.2
Sannhamp,2007,Kharif     ,West Bengal,1134.0,6282,151275.6,181.44,5.4375,25.47,1961.06,74.46,85,40,45,6.2
Sugarcane,2007,Whole Year ,West Bengal,16868.0,1772001,2250191.2,2698.88,103.3246667,25.47,1961.06,74.46,85,40,45,6.2
Banana,2008,Kharif     ,Puducherry,285.0,10524,40766.4,25.65,26.55666667,27.74,1376.2,76.18,88,55,40,7.0
Coconut ,2008,Whole Year ,Puducherry,2084.0,30721000,298095.36,187.56,12012.7625,27.74,1376.2,76.18,88,55,40,7.0
Sugarcane,2008,Kharif     ,Puducherry,1945.0,162323,278212.8,175.05,79.25,27.74,1376.2,76.18,88,55,40,7.0
Tapioca,2008,Kharif     ,Puducherry,300.0,8880,42912.0,27.0,20.0,27.74,1376.2,76.18,88,55,40,7.0
Tapioca,2008,Rabi       ,Puducherry,1.0,29,143.04,0.09,29.0,27.74,1376.2,76.18,88,55,40,7.0
Banana,2008,Whole Year ,Andhra Pradesh,54100.0,1368488,7738464.0,4869.0,26.21611111,27.71,1157.69,70.95,78,45,22,6.8
Coconut ,2008,Whole Year ,Andhra Pradesh,106616.0,970056617,15250352.64,9595.44,9132.568235,27.71,1157.69,70.95,78,45,22,6.8
Maize,2008,Rabi       ,Andhra Pradesh,354157.0,2584881,50658617.28,31874.13,6.952727273,27.71,1157.69,70.95,78,45,22,6.8
Mesta,2008,Kharif     ,Andhra Pradesh,37163.0,295481,5315795.52,3344.67,7.881666667,27.71,1157.69,70.95,78,45,22,6.8
Onion,2008,Kharif     ,Andhra Pradesh,26723.0,439644,3822457.92,2405.07,15.30888889,27.71,1157.69,70.95,78,45,22,6.8
Onion,2008,Rabi       ,Andhra Pradesh,13737.0,289004,1964940.48,1236.33,18.40631579,27.71,1157.69,70.95,78,45,22,6.8
Potato,2008,Whole Year ,Andhra Pradesh,5227.0,50118,747670.08,470.43,9.332,27.71,1157.69,70.95,78,45,22,6.8
Sugarcane,2008,Whole Year ,Andhra Pradesh,196126.0,15382999,28053863.04,17651.34,81.6452381,27.71,1157.69,70.95,78,45,22,6.8
Sweet potato,2008,Whole Year ,Andhra Pradesh,903.0,9863,129165.12,81.27,8.952142857,27.71,1157.69,70.95,78,45,22,6.8
Tapioca,2008,Whole Year ,Andhra Pradesh,16765.0,208052,2398065.6,1508.85,9.871428571,27.71,1157.69,70.95,78,45,22,6.8
Banana,2008,Whole Year ,Assam,45580.0,629050,6519763.2,4102.2,13.89074074,22.57,1658.15,77.76,60,18,38,5.8
Coconut ,2008,Whole Year ,Assam,19135.0,180161000,2737070.4,1722.15,7716.895185,22.57,1658.15,77.76,60,18,38,5.8
Ginger,2008,Whole Year ,Assam,15210.0,103915,2175638.4,1368.9,6.942592593,22.57,1658.15,77.76,60,18,38,5.8
Jute,2008,Kharif     ,Assam,60111.0,647455,8598277.44,5409.99,10.38925926,22.57,1658.15,77.76,60,18,38,5.8
Potato,2008,Whole Year ,Assam,78317.0,515740,11202463.68,7048.53,6.5,22.57,1658.15,77.76,60,18,38,5.8
Sugarcane,2008,Whole Year ,Assam,28649.0,1099749,4097952.96,2578.41,37.27,22.57,1658.15,77.76,60,18,38,5.8
Arecanut,2008,Whole Year ,Karnataka,184515.0,1174591,26393025.6,16606.35,6.214285714,22.75,1131.17,72.77,72,42,25,6.9
Banana,2008,Whole Year ,Karnataka,61001.0,1059346,8725583.04,5490.09,20.47448276,22.75,1131.17,72.77,72,42,25,6.9
Coconut ,2008,Whole Year ,Karnataka,418581.0,2867660000,59873826.24,37672.29,6801.366552,22.75,1131.17,72.77,72,42,25,6.9
Ginger,2008,Whole Year ,Karnataka,25475.0,811631,3643944.0,2292.75,31.86789474,22.75,1131.17,72.77,72,42,25,6.9
Onion,2008,Kharif     ,Karnataka,117822.0,611170,16853258.88,10603.98,5.7176,22.75,1131.17,72.77,72,42,25,6.9
Onion,2008,Rabi       ,Karnataka,13415.0,89581,1918881.6,1207.35,6.771363636,22.75,1131.17,72.77,72,42,25,6.9
Onion,2008,Summer     ,Karnataka,3775.0,20587,539976.0,339.75,5.57952381,22.75,1131.17,72.77,72,42,25,6.9
Potato,2008,Rabi       ,Karnataka,6060.0,87080,866822.4,545.4,15.515,22.75,1131.17,72.77,72,42,25,6.9
Potato,2008,Summer     ,Karnataka,1907.0,30684,272777.28,171.63,15.96333333,22.75,1131.17,72.77,72,42,25,6.9
Sugarcane,2008,Whole Year ,Karnataka,281100.0,24266201,40208544.0,25299.0,85.54,22.75,1131.17,72.77,72,42,25,6.9
Sweet potato,2008,Whole Year ,Karnataka,2592.0,26230,370759.68,233.28,10.14066667,22.75,1131.17,72.77,72,42,25,6.9
Tapioca,2008,Whole Year ,Karnataka,872.0,8464,124730.88,78.48,9.78875,22.75,1131.17,72.77,72,42,25,6.9
Banana,2008,Whole Year ,Kerala,54739.0,435979,7829866.56,4926.51,7.93,26.48,1974.68,81.62,65,28,50,5.7
Coconut ,2008,Whole Year ,Kerala,787769.0,5802000000,112682477.8,70899.21,6765.202857,26.48,1974.68,81.62,65,28,50,5.7
Garlic,2008,Whole Year ,Kerala,320.0,5440,45772.8,28.8,17.0,26.48,1974.68,81.62,65,28,50,5.7
Sugarcane,2008,Whole Year ,Kerala,3392.0,275480,485191.68,305.28,73.525,26.48,1974.68,81.62,65,28,50,5.7
Sweet potato,2008,Whole Year ,Kerala,386.0,4827,55213.44,34.74,11.5,26.48,1974.68,81.62,65,28,50,5.7
Tapioca,2008,Whole Year ,Kerala,87241.0,2712114,12478952.64,7851.69,31.64142857,26.48,1974.68,81.62,65,28,50,5.7
Banana,2008,Whole Year ,Meghalaya,6522.0,74314,932906.88,586.98,10.37428571,17.72,2128.07,81.8,52,16,33,5.6
Ginger,2008,Kharif     ,Meghalaya,9283.0,50286,1327840.32,835.47,6.414285714,17.72,2128.07,81.8,52,16,33,5.6
Jute,2008,Kharif     ,Meghalaya,3951.0,34588,565151.04,355.59,6.31,17.72,2128.07,81.8,52,16,33,5.6
Potato,2008,Whole Year ,Meghalaya,17690.0,161138,2530377.6,1592.1,7.417142857,17.72,2128.07,81.8,52,16,33,5.6
Tapioca,2008,Whole Year ,Meghalaya,4187.0,21773,598908.48,376.83,6.267142857,17.72,2128.07,81.8,52,16,33,5.6
Banana,2008,Whole Year ,Tamil Nadu,115804.0,5148134,16564604.16,10422.36,44.54483871,27.66,1428.04,73.16,80,38,30,6.6
Cashewnut,2008,Whole Year ,Tamil Nadu,99168.0,51667,14184990.72,8925.12,338.5489655,27.66,1428.04,73.16,80,38,30,6.6
Coconut ,2008,Whole Year ,Tamil Nadu,389429.0,5362000000,55703924.16,35048.61,13834.07258,27.66,1428.04,73.16,80,38,30,6.6
Garlic,2008,Whole Year ,Tamil Nadu,351.0,2067,50207.04,31.59,5.76,27.66,1428.04,73.16,80,38,30,6.6
Ginger,2008,Whole Year ,Tamil Nadu,817.0,16340,116863.68,73.53,20.0,27.66,1428.04,73.16,80,38,30,6.6
Maize,2008,Whole Year ,Tamil Nadu,286639.0,1257882,41000842.56,25797.51,5.226296296,27.66,1428.04,73.16,80,38,30,6.6
Onion,2008,Whole Year ,Tamil Nadu,30255.0,286040,4327675.2,2722.95,10.1544,27.66,1428.04,73.16,80,38,30,6.6
Potato,2008,Whole Year ,Tamil Nadu,4367.0,80538,624655.68,393.03,19.39,27.66,1428.04,73.16,80,38,30,6.6
Sugarcane,2008,Whole Year ,Tamil Nadu,308800.0,32798888,44170752.0,27792.0,111.4553333,27.66,1428.04,73.16,80,38,30,6.6
Sweet potato,2008,Whole Year ,Tamil Nadu,658.0,8743,94120.32,59.22,13.52565217,27.66,1428.04,73.16,80,38,30,6.6
Tapioca,2008,Whole Year ,Tamil Nadu,124301.0,4533359,17780015.04,11187.09,35.91833333,27.66,1428.04,73.16,80,38,30,6.6
Turmeric,2008,Whole Year ,Tamil Nadu,29875.0,172334,4273320.0,2688.75,5.326296296,27.66,1428.04,73.16,80,38,30,6.6
Coconut ,2008,Whole Year ,West Bengal,28757.0,357235500,4113401.28,2588.13,12255.46667,25.32,1561.27,76.85,85,40,45,6.2
Jute,2008,Kharif     ,West Bengal,584238.0,7872588,83569403.52,52581.42,14.03470588,25.32,1561.27,76.85,85,40,45,6.2
Mesta,2008,Kharif     ,West Bengal,7908.0,92901,1131160.32,711.72,8.777,25.32,1561.27,76.85,85,40,45,6.2
Potato,2008,Whole Year ,West Bengal,385981.0,4121189,55210722.24,34738.29,13.99944444,25.32,1561.27,76.85,85,40,45,6.2
Sannhamp,2008,Kharif     ,West Bengal,968.0,5407,138462.72,87.12,5.3875,25.32,1561.27,76.85,85,40,45,6.2
Sugarcane,2008,Whole Year ,West Bengal,17557.0,1638267,2511353.28,1580.13,98.52,25.32,1561.27,76.85,85,40,45,6.2
Banana,2009,Kharif     ,Puducherry,285.0,10371,44408.7,48.45,26.09666667,28.23,1110.91,73.83,88,55,40,7.0
Coconut ,2009,Whole Year ,Puducherry,2138.0,31097000,333143.16,363.46,11782.4725,28.23,1110.91,73.83,88,55,40,7.0
Sugarcane,2009,Kharif     ,Puducherry,1785.0,247254,278138.7,303.45,97.28,28.23,1110.91,73.83,88,55,40,7.0
Tapioca,2009,Kharif     ,Puducherry,242.0,6769,37708.44,41.14,18.97,28.23,1110.91,73.83,88,55,40,7.0
Tapioca,2009,Rabi       ,Puducherry,3.0,44,467.46,0.51,17.5,28.23,1110.91,73.83,88,55,40,7.0
Banana,2009,Whole Year ,Andhra Pradesh,58229.0,1775347,9073242.78,9898.93,30.9435,28.42,819.63,68.11,78,45,22,6.8
Coconut ,2009,Whole Year ,Andhra Pradesh,104541.0,1149330226,16289578.62,17771.97,10004.87412,28.42,819.63,68.11,78,45,22,6.8
Ginger,2009,Whole Year ,Andhra Pradesh,2317.0,16674,361034.94,393.89,5.49625,28.42,819.63,68.11,78,45,22,6.8
Maize,2009,Rabi       ,Andhra Pradesh,281008.0,1764883,43786666.56,47771.36,6.097272727,28.42,819.63,68.11,78,45,22,6.8
Mesta,2009,Kharif     ,Andhra Pradesh,23045.0,191397,3590871.9,3917.65,8.421666667,28.42,819.63,68.11,78,45,22,6.8
Onion,2009,Kharif     ,Andhra Pradesh,22954.0,374804,3576692.28,3902.18,15.85611111,28.42,819.63,68.11,78,45,22,6.8
Onion,2009,Rabi       ,Andhra Pradesh,13608.0,333288,2120398.56,2313.36,25.09052632,28.42,819.63,68.11,78,45,22,6.8
Potato,2009,Whole Year ,Andhra Pradesh,5040.0,57159,785332.8,856.8,10.294,28.42,819.63,68.11,78,45,22,6.8
Sugarcane,2009,Whole Year ,Andhra Pradesh,157834.0,11695863,24593693.88,26831.78,83.372,28.42,819.63,68.11,78,45,22,6.8
Sweet potato,2009,Whole Year ,Andhra Pradesh,886.0,6781,138056.52,150.62,7.28625,28.42,819.63,68.11,78,45,22,6.8
Tapioca,2009,Whole Year ,Andhra Pradesh,11234.0,146366,1750481.88,1909.78,9.916666667,28.42,819.63,68.11,78,45,22,6.8
Banana,2009,Whole Year ,Assam,44980.0,621747,7008783.6,7646.6,13.76888889,23.06,1700.26,75.57,60,18,38,5.8
Coconut ,2009,Whole Year ,Assam,20368.0,185962000,3173741.76,3462.56,8446.091481,23.06,1700.26,75.57,60,18,38,5.8
Ginger,2009,Whole Year ,Assam,15690.0,107893,2444815.8,2667.3,6.941481481,23.06,1700.26,75.57,60,18,38,5.8
Jute,2009,Kharif     ,Assam,65270.0,713294,10170371.4,11095.9,10.61148148,23.06,1700.26,75.57,60,18,38,5.8
Potato,2009,Whole Year ,Assam,82629.0,600153,12875250.78,14046.93,7.163703704,23.06,1700.26,75.57,60,18,38,5.8
Sugarcane,2009,Whole Year ,Assam,27165.0,1062418,4232850.3,4618.05,38.25,23.06,1700.26,75.57,60,18,38,5.8
Arecanut,2009,Whole Year ,Karnataka,195802.0,1243385,30509867.64,33286.34,6.21047619,23.5,858.32,69.07,72,42,25,6.9
Banana,2009,Whole Year ,Karnataka,63981.0,1407316,9969519.42,10876.77,21.92,23.5,858.32,69.07,72,42,25,6.9
Coconut ,2009,Whole Year ,Karnataka,429860.0,3056353000,66980785.2,73076.2,7084.002414,23.5,858.32,69.07,72,42,25,6.9
Ginger,2009,Whole Year ,Karnataka,44837.0,1411977,6986501.34,7622.29,31.71,23.5,858.32,69.07,72,42,25,6.9
Onion,2009,Rabi       ,Karnataka,13815.0,81847,2152653.3,2348.55,7.0895,23.5,858.32,69.07,72,42,25,6.9
Onion,2009,Summer     ,Karnataka,3777.0,28828,588532.14,642.09,7.65,23.5,858.32,69.07,72,42,25,6.9
Potato,2009,Kharif     ,Karnataka,28305.0,175087,4410485.1,4811.85,6.492666667,23.5,858.32,69.07,72,42,25,6.9
Potato,2009,Rabi       ,Karnataka,5890.0,86967,917779.8,1001.3,15.23416667,23.5,858.32,69.07,72,42,25,6.9
Potato,2009,Summer     ,Karnataka,2913.0,46821,453903.66,495.21,15.96166667,23.5,858.32,69.07,72,42,25,6.9
Sugarcane,2009,Whole Year ,Karnataka,336521.0,32285023,52436702.22,57208.57,94.28791667,23.5,858.32,69.07,72,42,25,6.9
Sweet potato,2009,Whole Year ,Karnataka,2397.0,15751,373500.54,407.49,6.936666667,23.5,858.32,69.07,72,42,25,6.9
Tapioca,2009,Whole Year ,Karnataka,881.0,8161,137277.42,149.77,9.647777778,23.5,858.32,69.07,72,42,25,6.9
Banana,2009,Whole Year ,Kerala,51275.0,406242,7989670.5,8716.75,7.835714286,26.9,1558.44,79.8,65,28,50,5.7
Coconut ,2009,Whole Year ,Kerala,778618.0,5667000000,121324256.8,132365.06,6728.865,26.9,1558.44,79.8,65,28,50,5.7
Garlic,2009,Whole Year ,Kerala,336.0,5712,52355.52,57.12,17.0,26.9,1558.44,79.8,65,28,50,5.7
Sugarcane,2009,Whole Year ,Kerala,2972.0,284970,463097.04,505.24,50.8875,26.9,1558.44,79.8,65,28,50,5.7
Sweet potato,2009,Whole Year ,Kerala,399.0,4575,62172.18,67.83,11.49857143,26.9,1558.44,79.8,65,28,50,5.7
Tapioca,2009,Whole Year ,Kerala,74925.0,2525384,11674813.5,12737.25,34.51142857,26.9,1558.44,79.8,65,28,50,5.7
Banana,2009,Kharif     ,Meghalaya,6802.0,78822,1059887.64,1156.34,10.4,18.01,2328.88,80.74,52,16,33,5.6
Ginger,2009,Kharif     ,Meghalaya,9321.0,54008,1452398.22,1584.57,6.834285714,18.01,2328.88,80.74,52,16,33,5.6
Jute,2009,Kharif     ,Meghalaya,3928.0,34792,612060.96,667.76,6.803333333,18.01,2328.88,80.74,52,16,33,5.6
Potato,2009,Whole Year ,Meghalaya,17712.0,162445,2759883.84,3011.04,7.318571429,18.01,2328.88,80.74,52,16,33,5.6
Tapioca,2009,Kharif     ,Meghalaya,4210.0,21152,656002.2,715.7,6.02,18.01,2328.88,80.74,52,16,33,5.6
Banana,2009,Whole Year ,Tamil Nadu,113681.0,4887841,17713773.42,19325.77,43.52,28.22,1165.21,70.58,80,38,30,6.6
Coconut ,2009,Whole Year ,Tamil Nadu,400466.0,5547100000,62400612.12,68079.22,14134.65935,28.22,1165.21,70.58,80,38,30,6.6
Ginger,2009,Whole Year ,Tamil Nadu,864.0,13867,134628.48,146.88,16.036,28.22,1165.21,70.58,80,38,30,6.6
Onion,2009,Whole Year ,Tamil Nadu,31024.0,302563,4834159.68,5274.08,9.8704,28.22,1165.21,70.58,80,38,30,6.6
Potato,2009,Whole Year ,Tamil Nadu,4611.0,84683,718486.02,783.87,19.2475,28.22,1165.21,70.58,80,38,30,6.6
Sugarcane,2009,Whole Year ,Tamil Nadu,293329.0,29758209,45706524.78,49865.93,100.2083333,28.22,1165.21,70.58,80,38,30,6.6
Sweet potato,2009,Whole Year ,Tamil Nadu,778.0,11381,121227.96,132.26,14.6992,28.22,1165.21,70.58,80,38,30,6.6
Tapioca,2009,Whole Year ,Tamil Nadu,118647.0,4089545,18487575.54,20169.99,35.70034483,28.22,1165.21,70.58,80,38,30,6.6
Turmeric,2009,Whole Year ,Tamil Nadu,33366.0,169071,5199090.12,5672.22,5.103076923,28.22,1165.21,70.58,80,38,30,6.6
Banana,2010,Kharif     ,Puducherry,266.0,6368,44185.26,63.84,18.06666667,28.07,1434.44,77.22,88,55,40,7.0
Coconut ,2010,Whole Year ,Puducherry,2131.0,24464000,353980.41,511.44,11567.6575,28.07,1434.44,77.22,88,55,40,7.0
Onion,2010,Rabi       ,Puducherry,1.0,7,166.11,0.24,7.0,28.07,1434.44,77.22,88,55,40,7.0
Sugarcane,2010,Kharif     ,Puducherry,1765.0,277683,293184.15,423.6,115.19,28.07,1434.44,77.22,88,55,40,7.0
Sweet potato,2010,Kharif     ,Puducherry,1.0,8,166.11,0.24,8.0,28.07,1434.44,77.22,88,55,40,7.0
Tapioca,2010,Kharif     ,Puducherry,256.0,4783,42524.16,61.44,15.8,28.07,1434.44,77.22,88,55,40,7.0
Tapioca,2010,Rabi       ,Puducherry,3.0,57,498.33,0.72,19.0,28.07,1434.44,77.22,88,55,40,7.0
Banana,2010,Whole Year ,Assam,47628.0,653502,7911487.08,11430.72,13.76444444,22.89,2262.61,78.56,60,18,38,5.8
Coconut ,2010,Whole Year ,Assam,19426.0,158565000,3226852.86,4662.24,7185.195556,22.89,2262.61,78.56,60,18,38,5.8
Ginger,2010,Whole Year ,Assam,16386.0,112548,2721878.46,3932.64,6.940740741,22.89,2262.61,78.56,60,18,38,5.8
Jute,2010,Kharif     ,Assam,62267.0,625575,10343171.37,14944.08,10.21074074,22.89,2262.61,78.56,60,18,38,5.8
Potato,2010,Whole Year ,Assam,85023.0,657627,14123170.53,20405.52,7.705185185,22.89,2262.61,78.56,60,18,38,5.8
Sugarcane,2010,Whole Year ,Assam,29736.0,1076332,4939446.96,7136.64,36.27592593,22.89,2262.61,78.56,60,18,38,5.8
Banana,2010,Whole Year ,Andhra Pradesh,58876.0,1920403,9779892.36,14130.24,31.56263158,27.91,1557.24,73.66,78,45,22,6.8
Coconut ,2010,Whole Year ,Andhra Pradesh,103945.0,1220268000,17266303.95,24946.8,11116.99833,27.91,1557.24,73.66,78,45,22,6.8
Ginger,2010,Whole Year ,Andhra Pradesh,2472.0,23054,410623.92,593.28,8.911111111,27.91,1557.24,73.66,78,45,22,6.8
Maize,2010,Rabi       ,Andhra Pradesh,303916.0,2313946,50483486.76,72939.84,7.073636364,27.91,1557.24,73.66,78,45,22,6.8
Mesta,2010,Kharif     ,Andhra Pradesh,25244.0,225961,4193280.84,6058.56,8.89,27.91,1557.24,73.66,78,45,22,6.8
Onion,2010,Kharif     ,Andhra Pradesh,25612.0,499564,4254409.32,6146.88,17.78625,27.91,1557.24,73.66,78,45,22,6.8
Onion,2010,Rabi       ,Andhra Pradesh,17787.0,360959,2954598.57,4268.88,18.2145,27.91,1557.24,73.66,78,45,22,6.8
Potato,2010,Whole Year ,Andhra Pradesh,5953.0,66316,988852.83,1428.72,10.99875,27.91,1557.24,73.66,78,45,22,6.8
Sugarcane,2010,Whole Year ,Andhra Pradesh,191729.0,14942455,31848104.19,46014.96,81.58380952,27.91,1557.24,73.66,78,45,22,6.8
Sweet potato,2010,Whole Year ,Andhra Pradesh,850.0,10887,141193.5,204.0,12.70642857,27.91,1557.24,73.66,78,45,22,6.8
Tapioca,2010,Whole Year ,Andhra Pradesh,12859.0,84686,2136008.49,3086.16,6.1075,27.91,1557.24,73.66,78,45,22,6.8
Arecanut,2010,Whole Year ,Karnataka,211265.0,2284410,35093229.15,50703.6,10.94818182,23.76,969.11,71.33,72,42,25,6.9
Banana,2010,Whole Year ,Karnataka,65767.0,1536239,10924556.37,15784.08,23.71172414,23.76,969.11,71.33,72,42,25,6.9
Coconut ,2010,Whole Year ,Karnataka,440741.0,4213360000,73211487.51,105777.84,9678.503667,23.76,969.11,71.33,72,42,25,6.9
Onion,2010,Kharif     ,Karnataka,143154.0,893739,23779310.94,34356.96,6.8968,23.76,969.11,71.33,72,42,25,6.9
Onion,2010,Rabi       ,Karnataka,14430.0,98814,2396967.3,3463.2,7.219047619,23.76,969.11,71.33,72,42,25,6.9
Onion,2010,Summer     ,Karnataka,4680.0,49792,777394.8,1123.2,10.59809524,23.76,969.11,71.33,72,42,25,6.9
Peas & beans (Pulses),2010,Kharif     ,Karnataka,4019.0,35992,667596.09,964.56,8.276842105,23.76,969.11,71.33,72,42,25,6.9
Peas & beans (Pulses),2010,Rabi       ,Karnataka,2140.0,15096,355475.4,513.6,7.131764706,23.76,969.11,71.33,72,42,25,6.9
Peas & beans (Pulses),2010,Summer     ,Karnataka,1470.0,12493,244181.7,352.8,8.156875,23.76,969.11,71.33,72,42,25,6.9
Potato,2010,Kharif     ,Karnataka,32843.0,249472,5455550.73,7882.32,8.056875,23.76,969.11,71.33,72,42,25,6.9
Potato,2010,Rabi       ,Karnataka,5944.0,69194,987357.84,1426.56,12.75454545,23.76,969.11,71.33,72,42,25,6.9
Potato,2010,Summer     ,Karnataka,1437.0,22093,238700.07,344.88,15.26142857,23.76,969.11,71.33,72,42,25,6.9
Sugarcane,2010,Whole Year ,Karnataka,436798.0,42276713,72556515.78,104831.52,97.33137931,23.76,969.11,71.33,72,42,25,6.9
Sweet potato,2010,Whole Year ,Karnataka,2060.0,16977,342186.6,494.4,8.400666667,23.76,969.11,71.33,72,42,25,6.9
Tapioca,2010,Whole Year ,Karnataka,879.0,9712,146010.69,210.96,11.11777778,23.76,969.11,71.33,72,42,25,6.9
Banana,2010,Whole Year ,Kerala,58671.14,483667,9745863.065,14081.0736,8.239285714,26.9,1937.17,80.85,65,28,50,5.7
Coconut ,2010,Whole Year ,Kerala,770473.13,5286561000,127983291.6,184913.5512,6501.544286,26.9,1937.17,80.85,65,28,50,5.7
Sugarcane,2010,Whole Year ,Kerala,2844.91,271845,472568.0001,682.7784,41.51714286,26.9,1937.17,80.85,65,28,50,5.7
Tapioca,2010,Whole Year ,Kerala,72284.1,2408962,12007111.85,17348.184,34.24,26.9,1937.17,80.85,65,28,50,5.7
Banana,2010,Kharif     ,Meghalaya,6795.0,79954,1128717.45,1630.8,10.29285714,18.07,3082.63,83.27,52,16,33,5.6
Ginger,2010,Kharif     ,Meghalaya,9438.0,56622,1567746.18,2265.12,7.162857143,18.07,3082.63,83.27,52,16,33,5.6
Jute,2010,Kharif     ,Meghalaya,3881.0,34354,644672.91,931.44,6.72,18.07,3082.63,83.27,52,16,33,5.6
Potato,2010,Whole Year ,Meghalaya,17685.0,164647,2937655.35,4244.4,7.374285714,18.07,3082.63,83.27,52,16,33,5.6
Tapioca,2010,Kharif     ,Meghalaya,4180.0,21793,694339.8,1003.2,6.087142857,18.07,3082.63,83.27,52,16,33,5.6
Turmeric,2010,Whole Year ,Meghalaya,1928.0,10058,320260.08,462.72,5.167142857,18.07,3082.63,83.27,52,16,33,5.6
Banana,2011,Kharif     ,Puducherry,266.0,3263,44560.32,87.78,10.90333333,27.95,1264.88,75.01,88,55,40,7.0
Coconut ,2011,Whole Year ,Puducherry,2095.0,17313000,350954.4,691.35,9838.6475,27.95,1264.88,75.01,88,55,40,7.0
Onion,2011,Rabi       ,Puducherry,1.0,7,167.52,0.33,7.0,27.95,1264.88,75.01,88,55,40,7.0
Sugarcane,2011,Kharif     ,Puducherry,1949.0,287785,326496.48,643.17,147.66,27.95,1264.88,75.01,88,55,40,7.0
Tapioca,2011,Kharif     ,Puducherry,245.0,6064,41042.4,80.85,18.725,27.95,1264.88,75.01,88,55,40,7.0
Tapioca,2011,Rabi       ,Puducherry,1.0,24,167.52,0.33,24.0,27.95,1264.88,75.01,88,55,40,7.0
Banana,2011,Whole Year ,Assam,47563.0,729102,7967753.76,15695.79,14.98222222,22.6,1698.68,77.12,60,18,38,5.8
Coconut ,2011,Whole Year ,Assam,20710.0,175613000,3469339.2,6834.3,7299.402593,22.6,1698.68,77.12,60,18,38,5.8
Ginger,2011,Whole Year ,Assam,16338.0,121369,2736941.76,5391.54,7.513333333,22.6,1698.68,77.12,60,18,38,5.8
Jute,2011,Kharif     ,Assam,65560.0,608023,10982611.2,21634.8,9.125555556,22.6,1698.68,77.12,60,18,38,5.8
Mesta,2011,Kharif     ,Assam,4877.0,27718,816995.04,1609.41,5.8716,22.6,1698.68,77.12,60,18,38,5.8
Potato,2011,Whole Year ,Assam,97816.0,682597,16386136.32,32279.28,7.035925926,22.6,1698.68,77.12,60,18,38,5.8
Sugarcane,2011,Whole Year ,Assam,28404.0,1052514,4758238.08,9373.32,37.69074074,22.6,1698.68,77.12,60,18,38,5.8
Tapioca,2011,Whole Year ,Assam,3875.0,28281,649140.0,1278.75,8.222307692,22.6,1698.68,77.12,60,18,38,5.8
Banana,2011,Whole Year ,Andhra Pradesh,62103.0,2308295,10403494.56,20493.99,35.52157895,27.96,730.18,68.3,78,45,22,6.8
Coconut ,2011,Whole Year ,Andhra Pradesh,103967.0,1430853709,17416551.84,34309.11,12604.71833,27.96,730.18,68.3,78,45,22,6.8
Ginger,2011,Whole Year ,Andhra Pradesh,2369.0,21883,396854.88,781.77,8.742222222,27.96,730.18,68.3,78,45,22,6.8
Maize,2011,Rabi       ,Andhra Pradesh,332805.0,2163376,55751493.6,109825.65,6.432272727,27.96,730.18,68.3,78,45,22,6.8
Mesta,2011,Kharif     ,Andhra Pradesh,25760.0,199619,4315315.2,8500.8,5.77625,27.96,730.18,68.3,78,45,22,6.8
Onion,2011,Kharif     ,Andhra Pradesh,39613.0,554878,6635969.76,13072.29,13.41823529,27.96,730.18,68.3,78,45,22,6.8
Onion,2011,Rabi       ,Andhra Pradesh,17378.0,444871,2911162.56,5734.74,24.52894737,27.96,730.18,68.3,78,45,22,6.8
Potato,2011,Whole Year ,Andhra Pradesh,6057.0,60802,1014668.64,1998.81,10.52428571,27.96,730.18,68.3,78,45,22,6.8
Sugarcane,2011,Whole Year ,Andhra Pradesh,204038.0,16688857,34180445.76,67332.54,86.0155,27.96,730.18,68.3,78,45,22,6.8
Sweet potato,2011,Whole Year ,Andhra Pradesh,980.0,12599,164169.6,323.4,12.91733333,27.96,730.18,68.3,78,45,22,6.8
Tapioca,2011,Whole Year ,Andhra Pradesh,12793.0,127953,2143083.36,4221.69,9.755,27.96,730.18,68.3,78,45,22,6.8
other oilseeds,2011,Kharif     ,Andhra Pradesh,49216.0,1050821,8244664.32,16241.28,18.69818182,27.96,730.18,68.3,78,45,22,6.8
other oilseeds,2011,Rabi       ,Andhra Pradesh,6967.0,4422,1167111.84,2299.11,5.8575,27.96,730.18,68.3,78,45,22,6.8
Arecanut,2011,Whole Year ,Karnataka,216168.0,1750573,36212463.36,71335.44,8.221904762,23.49,641.34,67.15,72,42,25,6.9
Banana,2011,Whole Year ,Karnataka,69256.0,1730522,11601765.12,22854.48,25.06172414,23.49,641.34,67.15,72,42,25,6.9
Coconut ,2011,Whole Year ,Karnataka,443753.0,4411600000,74337502.56,146438.49,9984.488333,23.49,641.34,67.15,72,42,25,6.9
Onion,2011,Kharif     ,Karnataka,136540.0,674001,22873180.8,45058.2,5.5184,23.49,641.34,67.15,72,42,25,6.9
Onion,2011,Rabi       ,Karnataka,13695.0,108989,2294186.4,4519.35,8.495454545,23.49,641.34,67.15,72,42,25,6.9
Onion,2011,Summer     ,Karnataka,3572.0,21998,598381.44,1178.76,6.214285714,23.49,641.34,67.15,72,42,25,6.9
Peas & beans (Pulses),2011,Kharif     ,Karnataka,3589.0,31982,601229.28,1184.37,8.606666667,23.49,641.34,67.15,72,42,25,6.9
Peas & beans (Pulses),2011,Rabi       ,Karnataka,1321.0,9710,221293.92,435.93,7.387647059,23.49,641.34,67.15,72,42,25,6.9
Peas & beans (Pulses),2011,Summer     ,Karnataka,1345.0,12183,225314.4,443.85,8.729333333,23.49,641.34,67.15,72,42,25,6.9
Potato,2011,Kharif     ,Karnataka,30868.0,255098,5171007.36,10186.44,8.90875,23.49,641.34,67.15,72,42,25,6.9
Potato,2011,Rabi       ,Karnataka,6763.0,82152,1132937.76,2231.79,12.50666667,23.49,641.34,67.15,72,42,25,6.9
Potato,2011,Summer     ,Karnataka,737.0,10633,123462.24,243.21,14.4325,23.49,641.34,67.15,72,42,25,6.9
Sugarcane,2011,Whole Year ,Karnataka,431405.0,39470478,72268965.6,142363.65,89.37346154,23.49,641.34,67.15,72,42,25,6.9
Sweet potato,2011,Whole Year ,Karnataka,1836.0,26754,307566.72,605.88,14.10642857,23.49,641.34,67.15,72,42,25,6.9
Tapioca,2011,Whole Year ,Karnataka,860.0,9077,144067.2,283.8,10.35222222,23.49,641.34,67.15,72,42,25,6.9
Banana,2011,Whole Year ,Kerala,59069.4,514054,9895305.888,19492.902,8.229285714,26.75,1472.9,79.58,65,28,50,5.7
Coconut ,2011,Whole Year ,Kerala,820866.94,5940564000,137511629.8,270886.0902,6884.550714,26.75,1472.9,79.58,65,28,50,5.7
Potato,2011,Whole Year ,Kerala,386.0,4827,64662.72,127.38,11.5,26.75,1472.9,79.58,65,28,50,5.7
Sugarcane,2011,Whole Year ,Kerala,2604.41,263034,436290.7632,859.4553,38.00357143,26.75,1472.9,79.58,65,28,50,5.7
Tapioca,2011,Whole Year ,Kerala,74497.84,2547399,12479878.16,24584.2872,34.15642857,26.75,1472.9,79.58,65,28,50,5.7
Banana,2011,Kharif     ,Meghalaya,6919.0,82125,1159070.88,2283.27,10.37,17.61,2237.85,81.89,52,16,33,5.6
Ginger,2011,Kharif     ,Meghalaya,9461.0,58132,1584906.72,3122.13,7.397142857,17.61,2237.85,81.89,52,16,33,5.6
Jute,2011,Kharif     ,Meghalaya,3889.0,34563,651485.28,1283.37,6.87,17.61,2237.85,81.89,52,16,33,5.6
Potato,2011,Whole Year ,Meghalaya,17717.0,165670,2967951.84,5846.61,7.448571429,17.61,2237.85,81.89,52,16,33,5.6
Tapioca,2011,Kharif     ,Meghalaya,4203.0,22046,704086.56,1386.99,6.122857143,17.61,2237.85,81.89,52,16,33,5.6
Turmeric,2011,Whole Year ,Meghalaya,2000.0,10512,335040.0,660.0,5.21,17.61,2237.85,81.89,52,16,33,5.6
Banana,2011,Whole Year ,Tamil Nadu,103107.0,4505435,17272484.64,34025.31,43.34580645,27.72,1371.22,72.46,80,38,30,6.6
Coconut ,2011,Whole Year ,Tamil Nadu,419400.0,6200900000,70257888.0,138402.0,13248.16226,27.72,1371.22,72.46,80,38,30,6.6
Ginger,2011,Whole Year ,Tamil Nadu,635.0,7011,106375.2,209.55,11.01444444,27.72,1371.22,72.46,80,38,30,6.6
Maize,2011,Kharif     ,Tamil Nadu,176287.0,1001667,29531598.24,58174.71,5.832307692,27.72,1371.22,72.46,80,38,30,6.6
Maize,2011,Rabi       ,Tamil Nadu,104342.0,693800,17479371.84,34432.86,6.611481481,27.72,1371.22,72.46,80,38,30,6.6
Onion,2011,Whole Year ,Tamil Nadu,34913.0,376947,5848625.76,11521.29,11.16703704,27.72,1371.22,72.46,80,38,30,6.6
Potato,2011,Whole Year ,Tamil Nadu,4673.0,92207,782820.96,1542.09,19.59125,27.72,1371.22,72.46,80,38,30,6.6
Sugarcane,2011,Whole Year ,Tamil Nadu,346350.0,38974842,58020552.0,114295.5,113.736,27.72,1371.22,72.46,80,38,30,6.6
Sweet potato,2011,Whole Year ,Tamil Nadu,390.0,7991,65332.8,128.7,20.57238095,27.72,1371.22,72.46,80,38,30,6.6
Tapioca,2011,Whole Year ,Tamil Nadu,105350.0,3967751,17648232.0,34765.5,37.77344828,27.72,1371.22,72.46,80,38,30,6.6
Turmeric,2011,Whole Year ,Tamil Nadu,67246.0,368413,11265049.92,22191.18,5.563793103,27.72,1371.22,72.46,80,38,30,6.6
Coconut ,2012,Whole Year ,Andhra Pradesh,99825.0,1670659000,15053610.0,30945.75,14794.63,27.87,1192.65,70.2,78,45,22,6.8
Ginger,2012,Kharif     ,Andhra Pradesh,702.0,2587,105861.6,217.62,6.5525,27.87,1192.65,70.2,78,45,22,6.8
Ginger,2012,Rabi       ,Andhra Pradesh,1.0,8,150.8,0.31,8.0,27.87,1192.65,70.2,78,45,22,6.8
Maize,2012,Rabi       ,Andhra Pradesh,407000.0,2513000,61375600.0,126170.0,6.119545455,27.87,1192.65,70.2,78,45,22,6.8
Mesta,2012,Kharif     ,Andhra Pradesh,15000.0,126000,2262000.0,4650.0,7.125,27.87,1192.65,70.2,78,45,22,6.8
Onion,2012,Kharif     ,Andhra Pradesh,25000.0,450000,3770000.0,7750.0,15.35285714,27.87,1192.65,70.2,78,45,22,6.8
Onion,2012,Rabi       ,Andhra Pradesh,14000.0,386000,2111200.0,4340.0,25.34375,27.87,1192.65,70.2,78,45,22,6.8
Potato,2012,Kharif     ,Andhra Pradesh,267.0,4093,40263.6,82.77,16.335,27.87,1192.65,70.2,78,45,22,6.8
Potato,2012,Rabi       ,Andhra Pradesh,934.0,14306,140847.2,289.54,17.176,27.87,1192.65,70.2,78,45,22,6.8
Sugarcane,2012,Whole Year ,Andhra Pradesh,196000.0,15448000,29556800.0,60760.0,81.79941176,27.87,1192.65,70.2,78,45,22,6.8
Sweet potato,2012,Kharif     ,Andhra Pradesh,131.0,1341,19754.8,40.61,10.002,27.87,1192.65,70.2,78,45,22,6.8
Sweet potato,2012,Rabi       ,Andhra Pradesh,650.0,6257,98020.0,201.5,9.615454545,27.87,1192.65,70.2,78,45,22,6.8
Tapioca,2012,Kharif     ,Andhra Pradesh,11619.0,213952,1752145.2,3601.89,18.414,27.87,1192.65,70.2,78,45,22,6.8
Tobacco,2012,Kharif     ,Andhra Pradesh,18006.0,151392,2715304.8,5581.86,8.578461538,27.87,1192.65,70.2,78,45,22,6.8
Tobacco,2012,Rabi       ,Andhra Pradesh,56.0,286,8444.8,17.36,5.255,27.87,1192.65,70.2,78,45,22,6.8
Banana,2012,Whole Year ,Assam,47063.0,763234,7097100.4,14589.53,15.99074074,22.78,2102.52,76.25,60,18,38,5.8
Coconut ,2012,Whole Year ,Assam,20233.0,136640000,3051136.4,6272.23,6245.638519,22.78,2102.52,76.25,60,18,38,5.8
Ginger,2012,Whole Year ,Assam,16718.0,132305,2521074.4,5182.58,7.902962963,22.78,2102.52,76.25,60,18,38,5.8
Jute,2012,Kharif     ,Assam,65092.0,557990,9815873.6,20178.52,8.367777778,22.78,2102.52,76.25,60,18,38,5.8
Mesta,2012,Kharif     ,Assam,4479.0,25096,675433.2,1388.49,5.216923077,22.78,2102.52,76.25,60,18,38,5.8
Potato,2012,Whole Year ,Assam,95436.0,708632,14391748.8,29585.16,7.105555556,22.78,2102.52,76.25,60,18,38,5.8
Sugarcane,2012,Whole Year ,Assam,28871.0,1028161,4353746.8,8950.01,35.72222222,22.78,2102.52,76.25,60,18,38,5.8
Tapioca,2012,Whole Year ,Assam,3866.0,31306,582992.8,1198.46,8.665555556,22.78,2102.52,76.25,60,18,38,5.8
Arecanut,2012,Whole Year ,Karnataka,221337.0,1776427,33377619.6,68614.47,8.184,24.37,488.69,62.56,72,42,25,6.9
Coconut ,2012,Whole Year ,Karnataka,441048.0,4342441000,66510038.4,136724.88,9923.938333,24.37,488.69,62.56,72,42,25,6.9
Ginger,2012,Whole Year ,Karnataka,16513.0,526093,2490160.4,5119.03,31.67157895,24.37,488.69,62.56,72,42,25,6.9
Onion,2012,Kharif     ,Karnataka,67739.0,359625,10215041.2,20999.09,5.5388,24.37,488.69,62.56,72,42,25,6.9
Onion,2012,Rabi       ,Karnataka,12087.0,79118,1822719.6,3746.97,7.056666667,24.37,488.69,62.56,72,42,25,6.9
Onion,2012,Summer     ,Karnataka,3543.0,20096,534284.4,1098.33,5.650952381,24.37,488.69,62.56,72,42,25,6.9
Potato,2012,Kharif     ,Karnataka,27314.0,174423,4118951.2,8467.34,7.302,24.37,488.69,62.56,72,42,25,6.9
Potato,2012,Rabi       ,Karnataka,6843.0,116214,1031924.4,2121.33,16.72363636,24.37,488.69,62.56,72,42,25,6.9
Potato,2012,Summer     ,Karnataka,729.0,15896,109933.2,225.99,21.82333333,24.37,488.69,62.56,72,42,25,6.9
Sugarcane,2012,Whole Year ,Karnataka,425393.0,35510714,64149264.4,131871.83,83.30689655,24.37,488.69,62.56,72,42,25,6.9
Sweet potato,2012,Whole Year ,Karnataka,3450.0,53516,520260.0,1069.5,14.994375,24.37,488.69,62.56,72,42,25,6.9
Tapioca,2012,Whole Year ,Karnataka,892.0,9424,134513.6,276.52,10.38090909,24.37,488.69,62.56,72,42,25,6.9
Banana,2012,Whole Year ,Kerala,61011.0,515607,9200458.8,18913.41,8.320714286,27.14,1152.35,77.86,65,28,50,5.7
Coconut ,2012,Whole Year ,Kerala,798162.0,5799000000,120362829.6,247430.22,6706.261429,27.14,1152.35,77.86,65,28,50,5.7
Garlic,2012,Whole Year ,Kerala,72.0,658,10857.6,22.32,9.14,27.14,1152.35,77.86,65,28,50,5.7
Potato,2012,Whole Year ,Kerala,975.0,19050,147030.0,302.25,18.905,27.14,1152.35,77.86,65,28,50,5.7
Sugarcane,2012,Whole Year ,Kerala,1742.0,165720,262693.6,540.02,48.69090909,27.14,1152.35,77.86,65,28,50,5.7
Sweet potato,2012,Whole Year ,Kerala,282.0,4780,42525.6,87.42,13.72230769,27.14,1152.35,77.86,65,28,50,5.7
Tapioca,2012,Whole Year ,Kerala,69586.0,2458515,10493568.8,21571.66,35.29428571,27.14,1152.35,77.86,65,28,50,5.7
Banana,2012,Kharif     ,Meghalaya,6992.0,84613,1054393.6,2167.52,10.55571429,17.79,2851.85,80.28,52,16,33,5.6
Ginger,2012,Kharif     ,Meghalaya,9587.0,60149,1445719.6,2971.97,7.545714286,17.79,2851.85,80.28,52,16,33,5.6
Jute,2012,Kharif     ,Meghalaya,6380.0,63800,962104.0,1977.8,8.833333333,17.79,2851.85,80.28,52,16,33,5.6
Mesta,2012,Kharif     ,Meghalaya,4435.0,25871,668798.0,1374.85,6.01,17.79,2851.85,80.28,52,16,33,5.6
Potato,2012,Whole Year ,Meghalaya,18139.0,172955,2735361.2,5623.09,7.585714286,17.79,2851.85,80.28,52,16,33,5.6
Tapioca,2012,Kharif     ,Meghalaya,4983.0,29749,751436.4,1544.73,6.795714286,17.79,2851.85,80.28,52,16,33,5.6
Turmeric,2012,Whole Year ,Meghalaya,2208.0,12831,332966.4,684.48,5.747142857,17.79,2851.85,80.28,52,16,33,5.6
Banana,2013,Whole Year ,Andhra Pradesh,60626.0,1888161,8759850.74,16369.02,31.62769231,27.45,1279.53,72.34,78,45,22,6.8
Coconut ,2013,Whole Year ,Andhra Pradesh,99066.0,1610007000,14314046.34,26747.82,13712.57308,27.45,1279.53,72.34,78,45,22,6.8
Ginger,2013,Kharif     ,Andhra Pradesh,358.0,1369,51727.42,96.66,5.35,27.45,1279.53,72.34,78,45,22,6.8
Maize,2013,Rabi       ,Andhra Pradesh,242269.0,1805828,35005447.81,65412.63,7.458461538,27.45,1279.53,72.34,78,45,22,6.8
Mesta,2013,Kharif     ,Andhra Pradesh,9112.0,83557,1316592.88,2460.24,9.203333333,27.45,1279.53,72.34,78,45,22,6.8
Mesta,2013,Rabi       ,Andhra Pradesh,52.0,472,7513.48,14.04,9.08,27.45,1279.53,72.34,78,45,22,6.8
Onion,2013,Kharif     ,Andhra Pradesh,20959.0,394680,3028365.91,5658.93,18.40181818,27.45,1279.53,72.34,78,45,22,6.8
Onion,2013,Rabi       ,Andhra Pradesh,5326.0,117905,769553.74,1438.02,19.63545455,27.45,1279.53,72.34,78,45,22,6.8
Potato,2013,Kharif     ,Andhra Pradesh,385.0,6710,55628.65,103.95,16.03,27.45,1279.53,72.34,78,45,22,6.8
Potato,2013,Rabi       ,Andhra Pradesh,1073.0,18530,155037.77,289.71,15.024,27.45,1279.53,72.34,78,45,22,6.8
Sugarcane,2013,Whole Year ,Andhra Pradesh,152847.0,12008047,22084863.03,41268.69,84.42615385,27.45,1279.53,72.34,78,45,22,6.8
Sweet potato,2013,Kharif     ,Andhra Pradesh,170.0,1660,24563.3,45.9,9.261666667,27.45,1279.53,72.34,78,45,22,6.8
Sweet potato,2013,Rabi       ,Andhra Pradesh,616.0,6049,89005.84,166.32,9.127777778,27.45,1279.53,72.34,78,45,22,6.8
Tapioca,2013,Kharif     ,Andhra Pradesh,10588.0,194968,1529860.12,2858.76,18.4125,27.45,1279.53,72.34,78,45,22,6.8
Tapioca,2013,Rabi       ,Andhra Pradesh,20.0,368,2889.8,5.4,18.4,27.45,1279.53,72.34,78,45,22,6.8
Tobacco,2013,Kharif     ,Andhra Pradesh,22309.0,164772,3223427.41,6023.43,6.22,27.45,1279.53,72.34,78,45,22,6.8
other oilseeds,2013,Kharif     ,Andhra Pradesh,106548.0,1263934,15395120.52,28767.96,11.70230769,27.45,1279.53,72.34,78,45,22,6.8
Banana,2013,Whole Year ,Assam,50806.0,857720,7340958.94,13717.62,16.40037037,23.2,1838.45,75.92,60,18,38,5.8
Coconut ,2013,Whole Year ,Assam,21141.0,146808000,3054663.09,5708.07,6475.464074,23.2,1838.45,75.92,60,18,38,5.8
Ginger,2013,Whole Year ,Assam,15683.0,122307,2266036.67,4234.41,7.903333333,23.2,1838.45,75.92,60,18,38,5.8
Jute,2013,Kharif     ,Assam,69822.0,717261,10088580.78,18851.94,9.991111111,23.2,1838.45,75.92,60,18,38,5.8
Mesta,2013,Kharif     ,Assam,4444.0,29293,642113.56,1199.88,5.858148148,23.2,1838.45,75.92,60,18,38,5.8
Potato,2013,Whole Year ,Assam,97956.0,700144,14153662.44,26448.12,7.258148148,23.2,1838.45,75.92,60,18,38,5.8
Sugarcane,2013,Whole Year ,Assam,29083.0,1075171,4202202.67,7852.41,36.24925926,23.2,1838.45,75.92,60,18,38,5.8
Sweet potato,2013,Whole Year ,Assam,6046.0,30513,873586.54,1632.42,5.091481481,23.2,1838.45,75.92,60,18,38,5.8
Tapioca,2013,Whole Year ,Assam,3128.0,27642,451964.72,844.56,8.4792,23.2,1838.45,75.92,60,18,38,5.8
Banana,2013,Whole Year ,Goa,2324.0,26308,335794.76,627.48,11.315,27.31,2110.26,73.57,65,25,45,6.2
Coconut ,2013,Whole Year ,Goa,25750.0,128100000,3720617.5,6952.5,4972.855,27.31,2110.26,73.57,65,25,45,6.2
Sugarcane,2013,Whole Year ,Goa,872.0,47669,125995.28,235.44,48.06,27.31,2110.26,73.57,65,25,45,6.2
Arecanut,2013,Whole Year ,Karnataka,218007.0,2428335,31499831.43,58861.89,10.93,23.6,878.57,68.73,72,42,25,6.9
Coconut ,2013,Whole Year ,Karnataka,430774.0,3417792000,62242535.26,116308.98,8039.727,23.6,878.57,68.73,72,42,25,6.9
Ginger,2013,Whole Year ,Karnataka,18957.0,524048,2739096.93,5118.39,27.30210526,23.6,878.57,68.73,72,42,25,6.9
Onion,2013,Kharif     ,Karnataka,112723.0,745697,16287346.27,30435.21,6.9688,23.6,878.57,68.73,72,42,25,6.9
Onion,2013,Rabi       ,Karnataka,19940.0,140107,2881130.6,5383.8,7.312608696,23.6,878.57,68.73,72,42,25,6.9
Onion,2013,Summer     ,Karnataka,5914.0,46434,854513.86,1596.78,8.033333333,23.6,878.57,68.73,72,42,25,6.9
Potato,2013,Kharif     ,Karnataka,29813.0,196133,4307680.37,8049.51,7.544117647,23.6,878.57,68.73,72,42,25,6.9
Potato,2013,Rabi       ,Karnataka,7354.0,111892,1062579.46,1985.58,15.11727273,23.6,878.57,68.73,72,42,25,6.9
Potato,2013,Summer     ,Karnataka,582.0,8176,84093.18,157.14,14.03416667,23.6,878.57,68.73,72,42,25,6.9
Sugarcane,2013,Whole Year ,Karnataka,420022.0,38042382,60688978.78,113405.94,87.8824,23.6,878.57,68.73,72,42,25,6.9
Sweet potato,2013,Whole Year ,Karnataka,3125.0,45861,451531.25,843.75,13.866,23.6,878.57,68.73,72,42,25,6.9
Tapioca,2013,Whole Year ,Karnataka,772.0,6751,111546.28,208.44,8.904444444,23.6,878.57,68.73,72,42,25,6.9
Banana,2013,Whole Year ,Kerala,62261.0,531299,8996091.89,16810.47,8.377857143,26.95,1766.57,79.46,65,28,50,5.7
Coconut ,2013,Whole Year ,Kerala,808647.0,5921000000,116841405.0,218334.69,6785.354286,26.95,1766.57,79.46,65,28,50,5.7
Garlic,2013,Whole Year ,Kerala,146.0,1314,21095.54,39.42,9.0,26.95,1766.57,79.46,65,28,50,5.7
Potato,2013,Whole Year ,Kerala,759.0,14846,109667.91,204.93,19.56,26.95,1766.57,79.46,65,28,50,5.7
Sugarcane,2013,Whole Year ,Kerala,2210.29,221520,319364.8021,596.7783,59.56181818,26.95,1766.57,79.46,65,28,50,5.7
Sweet potato,2013,Whole Year ,Kerala,330.0,5451,47681.7,89.1,14.14285714,26.95,1766.57,79.46,65,28,50,5.7
Tapioca,2013,Whole Year ,Kerala,67589.0,2473070,9765934.61,18249.03,36.01214286,26.95,1766.57,79.46,65,28,50,5.7
Banana,2013,Kharif     ,Meghalaya,7039.0,86432,1017065.11,1900.53,10.12363636,18.22,2467.09,80.52,52,16,33,5.6
Ginger,2013,Kharif     ,Meghalaya,9752.0,63251,1409066.48,2633.04,9.559090909,18.22,2467.09,80.52,52,16,33,5.6
Jute,2013,Kharif     ,Meghalaya,6500.0,65542,939185.0,1755.0,9.706,18.22,2467.09,80.52,52,16,33,5.6
Mesta,2013,Kharif     ,Meghalaya,4475.0,26228,646592.75,1208.25,6.042,18.22,2467.09,80.52,52,16,33,5.6
Potato,2013,Whole Year ,Meghalaya,18449.0,181813,2665696.01,4981.23,7.969090909,18.22,2467.09,80.52,52,16,33,5.6
Tapioca,2013,Kharif     ,Meghalaya,5298.0,31947,765508.02,1430.46,6.927272727,18.22,2467.09,80.52,52,16,33,5.6
Turmeric,2013,Whole Year ,Meghalaya,2465.0,15126,356167.85,665.55,5.89,18.22,2467.09,80.52,52,16,33,5.6
Banana,2013,Whole Year ,Tamil Nadu,92463.0,3840375,13359978.87,24965.01,42.13096774,27.79,1023.06,72.75,80,38,30,6.6
Coconut ,2013,Whole Year ,Tamil Nadu,428538.0,4668000000,61919455.62,115705.26,9606.394516,27.79,1023.06,72.75,80,38,30,6.6
Ginger,2013,Whole Year ,Tamil Nadu,304.0,2117,43924.96,82.08,6.993333333,27.79,1023.06,72.75,80,38,30,6.6
Maize,2013,Kharif     ,Tamil Nadu,223113.0,1458297,32237597.37,60240.51,6.161111111,27.79,1023.06,72.75,80,38,30,6.6
Maize,2013,Rabi       ,Tamil Nadu,157316.0,786919,22730588.84,42475.32,5.431724138,27.79,1023.06,72.75,80,38,30,6.6
Onion,2013,Kharif     ,Tamil Nadu,9104.0,105866,1315436.96,2458.08,11.31961538,27.79,1023.06,72.75,80,38,30,6.6
Onion,2013,Rabi       ,Tamil Nadu,15883.0,134505,2294934.67,4288.41,8.304615385,27.79,1023.06,72.75,80,38,30,6.6
Potato,2013,Kharif     ,Tamil Nadu,3875.0,70206,559898.75,1046.25,18.37333333,27.79,1023.06,72.75,80,38,30,6.6
Potato,2013,Rabi       ,Tamil Nadu,2044.0,52531,295337.56,551.88,24.145,27.79,1023.06,72.75,80,38,30,6.6
Sugarcane,2013,Whole Year ,Tamil Nadu,313343.0,32454135,45274930.07,84602.61,97.58677419,27.79,1023.06,72.75,80,38,30,6.6
Sweet potato,2013,Whole Year ,Tamil Nadu,592.0,12496,85538.08,159.84,22.102,27.79,1023.06,72.75,80,38,30,6.6
Tapioca,2013,Whole Year ,Tamil Nadu,83526.0,2499280,12068671.74,22552.02,32.50806452,27.79,1023.06,72.75,80,38,30,6.6
Banana,2014,Whole Year ,Andhra Pradesh,61607.0,1945126,9300192.72,20330.31,31.49384615,28.18,749.08,66.95,78,45,22,6.8
Coconut ,2014,Whole Year ,Andhra Pradesh,99097.0,1447900000,14959683.12,32702.01,12941.33667,28.18,749.08,66.95,78,45,22,6.8
Dry chillies,2014,Kharif     ,Andhra Pradesh,109316.0,614517,16502343.36,36074.28,5.321,28.18,749.08,66.95,78,45,22,6.8
Maize,2014,Rabi       ,Andhra Pradesh,203463.0,1609315,30714774.48,67142.79,7.481538462,28.18,749.08,66.95,78,45,22,6.8
Mesta,2014,Kharif     ,Andhra Pradesh,6637.0,47061,1001921.52,2190.21,7.143333333,28.18,749.08,66.95,78,45,22,6.8
Mesta,2014,Rabi       ,Andhra Pradesh,52.0,355,7849.92,17.16,6.83,28.18,749.08,66.95,78,45,22,6.8
Onion,2014,Kharif     ,Andhra Pradesh,29445.0,540640,4445017.2,9716.85,17.84545455,28.18,749.08,66.95,78,45,22,6.8
Onion,2014,Rabi       ,Andhra Pradesh,3983.0,85150,601273.68,1314.39,19.12090909,28.18,749.08,66.95,78,45,22,6.8
Potato,2014,Kharif     ,Andhra Pradesh,351.0,6055,52986.96,115.83,17.6225,28.18,749.08,66.95,78,45,22,6.8
Potato,2014,Rabi       ,Andhra Pradesh,1034.0,17881,156092.64,341.22,17.564,28.18,749.08,66.95,78,45,22,6.8
Sugarcane,2014,Whole Year ,Andhra Pradesh,139226.0,10002941,21017556.96,45944.58,81.93615385,28.18,749.08,66.95,78,45,22,6.8
Sweet potato,2014,Kharif     ,Andhra Pradesh,103.0,1146,15548.88,33.99,10.885,28.18,749.08,66.95,78,45,22,6.8
Sweet potato,2014,Rabi       ,Andhra Pradesh,674.0,7428,101747.04,222.42,10.783,28.18,749.08,66.95,78,45,22,6.8
Tapioca,2014,Kharif     ,Andhra Pradesh,10736.0,210558,1620706.56,3542.88,18.75,28.18,749.08,66.95,78,45,22,6.8
Tobacco,2014,Kharif     ,Andhra Pradesh,19733.0,152700,2978893.68,6511.89,6.8325,28.18,749.08,66.95,78,45,22,6.8
other oilseeds,2014,Kharif     ,Andhra Pradesh,60992.0,1307544,9207352.32,20127.36,16.19272727,28.18,749.08,66.95,78,45,22,6.8
Banana,2014,Whole Year ,Assam,51279.0,865669,7741077.84,16922.07,16.40037037,23.51,1623.83,75.27,60,18,38,5.8
Coconut ,2014,Whole Year ,Assam,20340.0,139518000,3070526.4,6712.2,6784.791481,23.51,1623.83,75.27,60,18,38,5.8
Ginger,2014,Whole Year ,Assam,16525.0,142093,2494614.0,5453.25,8.160740741,23.51,1623.83,75.27,60,18,38,5.8
Jute,2014,Kharif     ,Assam,70403.0,767548,10628036.88,23232.99,10.46592593,23.51,1623.83,75.27,60,18,38,5.8
Mesta,2014,Kharif     ,Assam,4599.0,25716,694265.04,1517.67,5.331153846,23.51,1623.83,75.27,60,18,38,5.8
Potato,2014,Whole Year ,Assam,104521.0,783768,15778490.16,34491.93,7.653703704,23.51,1623.83,75.27,60,18,38,5.8
Sugarcane,2014,Whole Year ,Assam,29900.0,1099134,4513704.0,9867.0,36.59814815,23.51,1623.83,75.27,60,18,38,5.8
Sweet potato,2014,Whole Year ,Assam,6213.0,32858,937914.48,2050.29,5.173333333,23.51,1623.83,75.27,60,18,38,5.8
Tapioca,2014,Whole Year ,Assam,3301.0,30090,498318.96,1089.33,8.383461538,23.51,1623.83,75.27,60,18,38,5.8
Banana,2014,Whole Year ,Goa,2380.0,26882,359284.8,785.4,11.29,27.59,2194.71,72.99,65,25,45,6.2
Coconut ,2014,Whole Year ,Goa,25786.0,127800000,3892654.56,8509.38,4955.305,27.59,2194.71,72.99,65,25,45,6.2
Sugarcane,2014,Whole Year ,Goa,808.0,49215,121975.68,266.64,54.35,27.59,2194.71,72.99,65,25,45,6.2
Arecanut,2014,Whole Year ,Karnataka,235774.0,2181441,35592443.04,77805.42,9.524545455,24.06,605.9,64.95,72,42,25,6.9
Coconut ,2014,Whole Year ,Karnataka,440514.0,3931007000,66499993.44,145369.62,9449.426667,24.06,605.9,64.95,72,42,25,6.9
Ginger,2014,Whole Year ,Karnataka,30787.0,894354,4647605.52,10159.71,28.71863636,24.06,605.9,64.95,72,42,25,6.9
Onion,2014,Kharif     ,Karnataka,165553.0,850280,24991880.88,54632.49,5.48,24.06,605.9,64.95,72,42,25,6.9
Onion,2014,Rabi       ,Karnataka,13779.0,91319,2080077.84,4547.07,7.599090909,24.06,605.9,64.95,72,42,25,6.9
Onion,2014,Summer     ,Karnataka,5782.0,28365,872850.72,1908.06,5.114090909,24.06,605.9,64.95,72,42,25,6.9
Potato,2014,Kharif     ,Karnataka,33572.0,206657,5068029.12,11078.76,6.655555556,24.06,605.9,64.95,72,42,25,6.9
Potato,2014,Rabi       ,Karnataka,7334.0,112971,1107140.64,2420.22,15.352,24.06,605.9,64.95,72,42,25,6.9
Potato,2014,Summer     ,Karnataka,562.0,7705,84839.52,185.46,13.72166667,24.06,605.9,64.95,72,42,25,6.9
Sugarcane,2014,Whole Year ,Karnataka,480222.0,43838057,72494313.12,158473.26,92.69038462,24.06,605.9,64.95,72,42,25,6.9
Sweet potato,2014,Whole Year ,Karnataka,3385.0,57413,510999.6,1117.05,16.24142857,24.06,605.9,64.95,72,42,25,6.9
Tapioca,2014,Whole Year ,Karnataka,730.0,6557,110200.8,240.9,9.176666667,24.06,605.9,64.95,72,42,25,6.9
Turmeric,2014,Whole Year ,Karnataka,12824.0,76777,1935911.04,4231.92,5.373684211,24.06,605.9,64.95,72,42,25,6.9
Banana,2014,Whole Year ,Kerala,61936.0,545431,9349858.56,20438.88,8.282857143,27.01,1901.93,80.06,65,28,50,5.7
Coconut ,2014,Whole Year ,Kerala,793856.0,5947000000,119840501.8,261972.48,6883.315,27.01,1901.93,80.06,65,28,50,5.7
Garlic,2014,Whole Year ,Kerala,75.0,625,11322.0,24.75,8.33,27.01,1901.93,80.06,65,28,50,5.7
Potato,2014,Whole Year ,Kerala,852.0,15811,128617.92,281.16,18.56,27.01,1901.93,80.06,65,28,50,5.7
Sugarcane,2014,Whole Year ,Kerala,1517.06,148530,229015.3776,500.6298,45.05384615,27.01,1901.93,80.06,65,28,50,5.7
Sweet potato,2014,Whole Year ,Kerala,361.0,5123,54496.56,119.13,13.18642857,27.01,1901.93,80.06,65,28,50,5.7
Tapioca,2014,Whole Year ,Kerala,75493.0,2943919,11396423.28,24912.69,38.105,27.01,1901.93,80.06,65,28,50,5.7
Banana,2014,Kharif     ,Meghalaya,7072.0,87186,1067589.12,2333.76,10.16727273,18.24,2285.61,80.91,52,16,33,5.6
Ginger,2014,Kharif     ,Meghalaya,9777.0,63555,1475935.92,3226.41,9.29,18.24,2285.61,80.91,52,16,33,5.6
Jute,2014,Kharif     ,Meghalaya,6590.0,66256,994826.4,2174.7,9.78,18.24,2285.61,80.91,52,16,33,5.6
Mesta,2014,Kharif     ,Meghalaya,4496.0,26384,678716.16,1483.68,6.07,18.24,2285.61,80.91,52,16,33,5.6
Onion,2014,Rabi       ,Meghalaya,499.0,4231,75329.04,164.67,8.006,18.24,2285.61,80.91,52,16,33,5.6
Potato,2014,Summer     ,Meghalaya,12435.0,139328,1877187.6,4103.55,8.149090909,18.24,2285.61,80.91,52,16,33,5.6
Potato,2014,Winter     ,Meghalaya,6038.0,42957,911496.48,1992.54,6.598181818,18.24,2285.61,80.91,52,16,33,5.6
Tapioca,2014,Kharif     ,Meghalaya,5349.0,32551,807485.04,1765.17,6.94,18.24,2285.61,80.91,52,16,33,5.6
Turmeric,2014,Whole Year ,Meghalaya,2516.0,15671,379815.36,830.28,5.997272727,18.24,2285.61,80.91,52,16,33,5.6
Banana,2014,Whole Year ,Tamil Nadu,91410.0,3725937,13799253.6,30165.3,42.5,27.98,1096.01,71.05,80,38,30,6.6
Coconut ,2014,Whole Year ,Tamil Nadu,427841.0,4986500000,64586877.36,141187.53,10713.87226,27.98,1096.01,71.05,80,38,30,6.6
Maize,2014,Kharif     ,Tamil Nadu,191481.0,1663616,28905971.76,63188.73,8.406538462,27.98,1096.01,71.05,80,38,30,6.6
Maize,2014,Rabi       ,Tamil Nadu,130471.0,984135,19695902.16,43055.43,7.637586207,27.98,1096.01,71.05,80,38,30,6.6
Onion,2014,Kharif     ,Tamil Nadu,11835.0,100221,1786611.6,3905.55,8.114074074,27.98,1096.01,71.05,80,38,30,6.6
Onion,2014,Rabi       ,Tamil Nadu,16270.0,140110,2456119.2,5369.1,8.551111111,27.98,1096.01,71.05,80,38,30,6.6
Potato,2014,Kharif     ,Tamil Nadu,3018.0,68463,455597.28,995.94,21.70833333,27.98,1096.01,71.05,80,38,30,6.6
Potato,2014,Rabi       ,Tamil Nadu,1719.0,43468,259500.24,567.27,22.54,27.98,1096.01,71.05,80,38,30,6.6
Sugarcane,2014,Whole Year ,Tamil Nadu,263066.0,28092784,39712443.36,86811.78,99.26033333,27.98,1096.01,71.05,80,38,30,6.6
Sweet potato,2014,Whole Year ,Tamil Nadu,631.0,11094,95255.76,208.23,17.51894737,27.98,1096.01,71.05,80,38,30,6.6
Tapioca,2014,Whole Year ,Tamil Nadu,87924.0,2851761,13273007.04,29014.92,35.751,27.98,1096.01,71.05,80,38,30,6.6
Banana,2015,Whole Year ,Andhra Pradesh,59428.0,2322913,9384275.48,19611.24,39.59461538,28.21,824.0,67.96,78,45,22,6.8
Coconut ,2015,Whole Year ,Andhra Pradesh,103948.0,1427745000,16414428.68,34302.84,12616.92333,28.21,824.0,67.96,78,45,22,6.8
Maize,2015,Rabi       ,Andhra Pradesh,157628.0,1135482,24891037.48,52017.24,5.915384615,28.21,824.0,67.96,78,45,22,6.8
Mesta,2015,Kharif     ,Andhra Pradesh,5355.0,44366,845608.05,1767.15,8.23,28.21,824.0,67.96,78,45,22,6.8
Mesta,2015,Rabi       ,Andhra Pradesh,15.0,140,2368.65,4.95,9.33,28.21,824.0,67.96,78,45,22,6.8
Oilseeds total,2015,Kharif     ,Andhra Pradesh,849779.0,1945561,134188601.9,280427.07,5.453076923,28.21,824.0,67.96,78,45,22,6.8
Onion,2015,Kharif     ,Andhra Pradesh,33867.0,573224,5347937.97,11176.11,16.65909091,28.21,824.0,67.96,78,45,22,6.8
Onion,2015,Rabi       ,Andhra Pradesh,7375.0,122524,1164586.25,2433.75,14.99583333,28.21,824.0,67.96,78,45,22,6.8
Potato,2015,Kharif     ,Andhra Pradesh,574.0,7851,90640.34,189.42,7.96,28.21,824.0,67.96,78,45,22,6.8
Potato,2015,Rabi       ,Andhra Pradesh,1472.0,17105,232443.52,485.76,8.875,28.21,824.0,67.96,78,45,22,6.8
Sugarcane,2015,Whole Year ,Andhra Pradesh,121685.0,9353418,19215278.35,40156.05,85.06461538,28.21,824.0,67.96,78,45,22,6.8
Sweet potato,2015,Kharif     ,Andhra Pradesh,135.0,1310,21317.85,44.55,11.0375,28.21,824.0,67.96,78,45,22,6.8
Sweet potato,2015,Rabi       ,Andhra Pradesh,457.0,5575,72164.87,150.81,11.82090909,28.21,824.0,67.96,78,45,22,6.8
Tapioca,2015,Kharif     ,Andhra Pradesh,8572.0,111270,1353604.52,2828.76,14.00333333,28.21,824.0,67.96,78,45,22,6.8
Tapioca,2015,Rabi       ,Andhra Pradesh,61.0,763,9632.51,20.13,11.06,28.21,824.0,67.96,78,45,22,6.8
Tobacco,2015,Kharif     ,Andhra Pradesh,19100.0,128256,3016081.0,6303.0,5.955263158,28.21,824.0,67.96,78,45,22,6.8
Banana,2015,Kharif     ,Puducherry,246.0,6235,38845.86,81.18,15.98666667,28.11,1567.72,75.71,88,55,40,7.0
Coconut ,2015,Whole Year ,Puducherry,1941.0,28632000,306503.31,640.53,12467.6075,28.11,1567.72,75.71,88,55,40,7.0
Dry chillies,2015,Rabi       ,Puducherry,3.0,30,473.73,0.99,10.0,28.11,1567.72,75.71,88,55,40,7.0
Onion,2015,Summer     ,Puducherry,1.0,6,157.91,0.33,6.0,28.11,1567.72,75.71,88,55,40,7.0
Sugarcane,2015,Kharif     ,Puducherry,1821.0,213968,287554.11,600.93,117.5,28.11,1567.72,75.71,88,55,40,7.0
Sweet potato,2015,Kharif     ,Puducherry,5.0,73,789.55,1.65,14.6,28.11,1567.72,75.71,88,55,40,7.0
Sweet potato,2015,Rabi       ,Puducherry,3.0,34,473.73,0.99,11.33,28.11,1567.72,75.71,88,55,40,7.0
Tapioca,2015,Rabi       ,Puducherry,209.0,4388,33003.19,68.97,30.17,28.11,1567.72,75.71,88,55,40,7.0
Tobacco,2015,Rabi       ,Puducherry,209.0,4388,33003.19,68.97,30.17,28.11,1567.72,75.71,88,55,40,7.0
Banana,2015,Whole Year ,Assam,51103.0,882706,8069674.73,16863.99,16.6337037,23.56,2064.92,77.16,60,18,38,5.8
Coconut ,2015,Whole Year ,Assam,20602.0,154656000,3253261.82,6798.66,7708.538889,23.56,2064.92,77.16,60,18,38,5.8
Ginger,2015,Whole Year ,Assam,16306.0,141441,2574880.46,5380.98,8.173333333,23.56,2064.92,77.16,60,18,38,5.8
Jute,2015,Kharif     ,Assam,72128.0,865805,11389732.48,23802.24,11.72703704,23.56,2064.92,77.16,60,18,38,5.8
Mesta,2015,Kharif     ,Assam,4304.0,28260,679644.64,1420.32,6.224230769,23.56,2064.92,77.16,60,18,38,5.8
Onion,2015,Whole Year ,Assam,8503.0,80339,1342708.73,2805.99,6.916296296,23.56,2064.92,77.16,60,18,38,5.8
Potato,2015,Whole Year ,Assam,103812.0,694002,16392952.92,34257.96,6.482962963,23.56,2064.92,77.16,60,18,38,5.8
Sugarcane,2015,Whole Year ,Assam,29460.0,1038329,4652028.6,9721.8,35.5662963,23.56,2064.92,77.16,60,18,38,5.8
Sweet potato,2015,Whole Year ,Assam,5436.0,29339,858398.76,1793.88,5.399259259,23.56,2064.92,77.16,60,18,38,5.8
Tapioca,2015,Whole Year ,Assam,3177.0,29139,501680.07,1048.41,8.456538462,23.56,2064.92,77.16,60,18,38,5.8
Banana,2015,Kharif     ,Meghalaya,7112.0,88709,1123055.92,2346.96,10.28909091,18.19,2901.61,83.59,52,16,33,5.6
Ginger,2015,Kharif     ,Meghalaya,9911.0,65979,1565046.01,3270.63,9.690909091,18.19,2901.61,83.59,52,16,33,5.6
Jute,2015,Kharif     ,Meghalaya,6659.0,68281,1051522.69,2197.47,9.91,18.19,2901.61,83.59,52,16,33,5.6
Mesta,2015,Kharif     ,Meghalaya,4469.0,26263,705699.79,1474.77,6.104,18.19,2901.61,83.59,52,16,33,5.6
Onion,2015,Rabi       ,Meghalaya,521.0,4595,82271.11,171.93,8.331,18.19,2901.61,83.59,52,16,33,5.6
Potato,2015,Summer     ,Meghalaya,12498.0,140311,1973559.18,4124.34,8.179090909,18.19,2901.61,83.59,52,16,33,5.6
Potato,2015,Winter     ,Meghalaya,6063.0,43505,957408.33,2000.79,6.711818182,18.19,2901.61,83.59,52,16,33,5.6
Tapioca,2015,Kharif     ,Meghalaya,5414.0,33304,854924.74,1786.62,7.021818182,18.19,2901.61,83.59,52,16,33,5.6
Turmeric,2015,Whole Year ,Meghalaya,2577.0,16324,406934.07,850.41,6.138181818,18.19,2901.61,83.59,52,16,33,5.6
Banana,2015,Whole Year ,Goa,2414.0,27302,381194.74,796.62,11.315,27.72,1993.22,72.98,65,25,45,6.2
Coconut ,2015,Whole Year ,Goa,25818.0,129400000,4076920.38,8519.94,5011.155,27.72,1993.22,72.98,65,25,45,6.2
Sugarcane,2015,Whole Year ,Goa,1139.0,58077,179859.49,375.87,53.265,27.72,1993.22,72.98,65,25,45,6.2
Arecanut,2015,Whole Year ,Karnataka,247927.0,2430194,39150152.57,81815.91,10.21047619,23.87,824.43,67.37,72,42,25,6.9
Coconut ,2015,Whole Year ,Karnataka,441100.0,3688825000,69654101.0,145563.0,8706.411724,23.87,824.43,67.37,72,42,25,6.9
Ginger,2015,Whole Year ,Karnataka,29285.0,1093397,4624394.35,9664.05,36.35782609,23.87,824.43,67.37,72,42,25,6.9
Onion,2015,Rabi       ,Karnataka,15694.0,88814,2478239.54,5179.02,6.207083333,23.87,824.43,67.37,72,42,25,6.9
Potato,2015,Rabi       ,Karnataka,6029.0,90778,952039.39,1989.57,14.405,23.87,824.43,67.37,72,42,25,6.9
Potato,2015,Summer     ,Karnataka,464.0,7517,73270.24,153.12,15.74090909,23.87,824.43,67.37,72,42,25,6.9
Sugarcane,2015,Whole Year ,Karnataka,449586.0,36314129,70994125.26,148363.38,85.546,23.87,824.43,67.37,72,42,25,6.9
Sweet potato,2015,Whole Year ,Karnataka,3207.0,50994,506417.37,1058.31,14.82866667,23.87,824.43,67.37,72,42,25,6.9
Tapioca,2015,Whole Year ,Karnataka,1277.0,9560,201651.07,421.41,7.701818182,23.87,824.43,67.37,72,42,25,6.9
Banana,2015,Whole Year ,Kerala,59834.61,536155,9448483.265,19745.4213,8.779285714,27.01,2093.51,81.07,65,28,50,5.7
Coconut ,2015,Whole Year ,Kerala,790223.0,5873000000,124784113.9,260773.59,6721.946429,27.01,2093.51,81.07,65,28,50,5.7
Garlic,2015,Whole Year ,Kerala,62.0,375,9790.42,20.46,6.05,27.01,2093.51,81.07,65,28,50,5.7
Potato,2015,Whole Year ,Kerala,491.0,6581,77533.81,162.03,7.215,27.01,2093.51,81.07,65,28,50,5.7
Sugarcane,2015,Whole Year ,Kerala,1361.588,138125,215008.3611,449.32404,42.25571429,27.01,2093.51,81.07,65,28,50,5.7
Sweet potato,2015,Whole Year ,Kerala,279.0,3922,44056.89,92.07,13.18642857,27.01,2093.51,81.07,65,28,50,5.7
Tapioca,2015,Whole Year ,Kerala,69404.71,2662610,10959697.76,22903.5543,38.13857143,27.01,2093.51,81.07,65,28,50,5.7
Banana,2015,Whole Year ,Tamil Nadu,94214.0,3610173,14877332.74,31090.62,38.35645161,27.87,1961.46,73.24,80,38,30,6.6
Coconut ,2015,Whole Year ,Tamil Nadu,434875.0,5962500000,68671111.25,143508.75,11907.64581,27.87,1961.46,73.24,80,38,30,6.6
Ginger,2015,Whole Year ,Tamil Nadu,390.0,3448,61584.9,128.7,8.910833333,27.87,1961.46,73.24,80,38,30,6.6
Maize,2015,Kharif     ,Tamil Nadu,201750.0,1483163,31858342.5,66577.5,7.782,27.87,1961.46,73.24,80,38,30,6.6
Maize,2015,Rabi       ,Tamil Nadu,153314.0,1049167,24209813.74,50593.62,6.849655172,27.87,1961.46,73.24,80,38,30,6.6
Onion,2015,Kharif     ,Tamil Nadu,16013.0,154375,2528612.83,5284.29,9.524166667,27.87,1961.46,73.24,80,38,30,6.6
Onion,2015,Rabi       ,Tamil Nadu,19796.0,128339,3125986.36,6532.68,6.711071429,27.87,1961.46,73.24,80,38,30,6.6
Potato,2015,Kharif     ,Tamil Nadu,3235.0,65799,510838.85,1067.55,20.9825,27.87,1961.46,73.24,80,38,30,6.6
Potato,2015,Rabi       ,Tamil Nadu,1071.0,24164,169121.61,353.43,22.4075,27.87,1961.46,73.24,80,38,30,6.6
Sugarcane,2015,Whole Year ,Tamil Nadu,252272.0,25508824,39836271.52,83249.76,98.0,27.87,1961.46,73.24,80,38,30,6.6
Sweet potato,2015,Whole Year ,Tamil Nadu,586.0,9536,92535.26,193.38,17.21473684,27.87,1961.46,73.24,80,38,30,6.6
Tapioca,2015,Whole Year ,Tamil Nadu,86236.0,2366723,13617526.76,28457.88,30.10548387,27.87,1961.46,73.24,80,38,30,6.6
Banana,2016,Whole Year ,Andhra Pradesh,55743.0,2303705,8542614.75,19510.05,41.42769231,28.04,935.87,68.69,78,45,22,6.8
Coconut ,2016,Whole Year ,Andhra Pradesh,102548.0,1415300000,15715481.0,35891.8,13934.1225,28.04,935.87,68.69,78,45,22,6.8
Maize,2016,Rabi       ,Andhra Pradesh,164778.0,1298137,25252228.5,57672.3,6.493846154,28.04,935.87,68.69,78,45,22,6.8
Mesta,2016,Kharif     ,Andhra Pradesh,6702.0,63394,1027081.5,2345.7,9.31,28.04,935.87,68.69,78,45,22,6.8
Onion,2016,Kharif     ,Andhra Pradesh,32006.0,555944,4904919.5,11202.1,21.05416667,28.04,935.87,68.69,78,45,22,6.8
Onion,2016,Rabi       ,Andhra Pradesh,3511.0,77209,538060.75,1228.85,22.11,28.04,935.87,68.69,78,45,22,6.8
Potato,2016,Kharif     ,Andhra Pradesh,527.0,4751,80762.75,184.45,9.09,28.04,935.87,68.69,78,45,22,6.8
Potato,2016,Rabi       ,Andhra Pradesh,1164.0,10675,178383.0,407.4,9.715,28.04,935.87,68.69,78,45,22,6.8
Sugarcane,2016,Whole Year ,Andhra Pradesh,102732.0,7830250,15743679.0,35956.2,86.50846154,28.04,935.87,68.69,78,45,22,6.8
Sweet potato,2016,Kharif     ,Andhra Pradesh,149.0,2262,22834.25,52.15,14.88166667,28.04,935.87,68.69,78,45,22,6.8
Sweet potato,2016,Rabi       ,Andhra Pradesh,484.0,7431,74173.0,169.4,15.741,28.04,935.87,68.69,78,45,22,6.8
Tapioca,2016,Kharif     ,Andhra Pradesh,7122.0,83906,1091446.5,2492.7,13.00333333,28.04,935.87,68.69,78,45,22,6.8
Tapioca,2016,Rabi       ,Andhra Pradesh,19.0,189,2911.75,6.65,10.0875,28.04,935.87,68.69,78,45,22,6.8
Banana,2016,Kharif     ,Puducherry,252.0,3052,38619.0,88.2,13.02666667,28.23,765.27,74.08,88,55,40,7.0
Coconut ,2016,Whole Year ,Puducherry,1930.0,21737000,295772.5,675.5,10804.615,28.23,765.27,74.08,88,55,40,7.0
Dry chillies,2016,Rabi       ,Puducherry,4.0,26,613.0,1.4,6.5,28.23,765.27,74.08,88,55,40,7.0
Sugarcane,2016,Kharif     ,Puducherry,1677.0,209625,257000.25,586.95,125.0,28.23,765.27,74.08,88,55,40,7.0
Sweet potato,2016,Kharif     ,Puducherry,6.0,60,919.5,2.1,10.0,28.23,765.27,74.08,88,55,40,7.0
Tapioca,2016,Kharif     ,Puducherry,157.0,3215,24060.25,54.95,27.5,28.23,765.27,74.08,88,55,40,7.0
Tapioca,2016,Rabi       ,Puducherry,11.0,173,1685.75,3.85,15.73,28.23,765.27,74.08,88,55,40,7.0
Banana,2016,Whole Year ,Assam,49266.0,854853,7550014.5,17243.1,16.79111111,23.94,2251.68,77.39,60,18,38,5.8
Coconut ,2016,Whole Year ,Assam,20041.0,161658000,3071283.25,7014.35,8735.670741,23.94,2251.68,77.39,60,18,38,5.8
Ginger,2016,Whole Year ,Assam,17632.0,156662,2702104.0,6171.2,8.37,23.94,2251.68,77.39,60,18,38,5.8
Jute,2016,Kharif     ,Assam,75140.0,802705,11515205.0,26299.0,10.32555556,23.94,2251.68,77.39,60,18,38,5.8
Mesta,2016,Kharif     ,Assam,3544.0,21344,543118.0,1240.4,5.905384615,23.94,2251.68,77.39,60,18,38,5.8
Onion,2016,Whole Year ,Assam,8266.0,81282,1266764.5,2893.1,7.141111111,23.94,2251.68,77.39,60,18,38,5.8
Potato,2016,Whole Year ,Assam,106437.0,777829,16311470.25,37252.95,7.258518519,23.94,2251.68,77.39,60,18,38,5.8
Sugarcane,2016,Whole Year ,Assam,31383.0,1207167,4809444.75,10984.05,37.7337037,23.94,2251.68,77.39,60,18,38,5.8
Sweet potato,2016,Whole Year ,Assam,5254.0,28584,805175.5,1838.9,5.516296296,23.94,2251.68,77.39,60,18,38,5.8
Tapioca,2016,Whole Year ,Assam,3266.0,30050,500514.5,1143.1,8.355,23.94,2251.68,77.39,60,18,38,5.8
Banana,2016,Kharif     ,Meghalaya,7240.0,94295,1109530.0,2534.0,10.72545455,18.6,4088.19,84.09,52,16,33,5.6
Ginger,2016,Kharif     ,Meghalaya,9929.0,66055,1521619.25,3475.15,9.662727273,18.6,4088.19,84.09,52,16,33,5.6
Jute,2016,Kharif     ,Meghalaya,6665.0,68365,1021411.25,2332.75,9.924,18.6,4088.19,84.09,52,16,33,5.6
Mesta,2016,Kharif     ,Meghalaya,4464.0,26301,684108.0,1562.4,6.296,18.6,4088.19,84.09,52,16,33,5.6
Onion,2016,Rabi       ,Meghalaya,551.0,4939,84440.75,192.85,8.427,18.6,4088.19,84.09,52,16,33,5.6
Potato,2016,Summer     ,Meghalaya,12554.0,142859,1923900.5,4393.9,8.252727273,18.6,4088.19,84.09,52,16,33,5.6
Potato,2016,Winter     ,Meghalaya,6341.0,44026,971758.25,2219.35,6.522727273,18.6,4088.19,84.09,52,16,33,5.6
Tapioca,2016,Kharif     ,Meghalaya,5392.0,35407,826324.0,1887.2,7.550909091,18.6,4088.19,84.09,52,16,33,5.6
Turmeric,2016,Whole Year ,Meghalaya,2632.0,16386,403354.0,921.2,5.911818182,18.6,4088.19,84.09,52,16,33,5.6
Banana,2016,Whole Year ,Goa,2435.0,26908,373163.75,852.25,11.1,27.35,2582.83,73.0,65,25,45,6.2
Coconut ,2016,Whole Year ,Goa,25913.0,132160000,3971167.25,9069.55,5087.315,27.35,2582.83,73.0,65,25,45,6.2
Sugarcane,2016,Whole Year ,Goa,897.0,40222,137465.25,313.95,41.525,27.35,2582.83,73.0,65,25,45,6.2
Arecanut,2016,Whole Year ,Karnataka,254640.0,2586795,39023580.0,89124.0,10.12181818,24.49,586.82,61.99,72,42,25,6.9
Coconut ,2016,Whole Year ,Karnataka,437099.0,3417203000,66985421.75,152984.65,7996.762143,24.49,586.82,61.99,72,42,25,6.9
Ginger,2016,Whole Year ,Karnataka,23088.0,583856,3538236.0,8080.8,25.64045455,24.49,586.82,61.99,72,42,25,6.9
Onion,2016,Kharif     ,Karnataka,183065.0,1314804,28054711.25,64072.75,7.5872,24.49,586.82,61.99,72,42,25,6.9
Onion,2016,Rabi       ,Karnataka,14675.0,210164,2248943.75,5136.25,13.12625,24.49,586.82,61.99,72,42,25,6.9
Onion,2016,Summer     ,Karnataka,3231.0,47561,495150.75,1130.85,14.20695652,24.49,586.82,61.99,72,42,25,6.9
Potato,2016,Kharif     ,Karnataka,19963.0,196136,3059329.75,6987.05,10.48722222,24.49,586.82,61.99,72,42,25,6.9
Potato,2016,Rabi       ,Karnataka,5929.0,82004,908619.25,2075.15,13.475,24.49,586.82,61.99,72,42,25,6.9
Potato,2016,Summer     ,Karnataka,244.0,3796,37393.0,85.4,15.46571429,24.49,586.82,61.99,72,42,25,6.9
Sugarcane,2016,Whole Year ,Karnataka,397098.0,27378389,60855268.5,138984.3,75.5836,24.49,586.82,61.99,72,42,25,6.9
Sweet potato,2016,Whole Year ,Karnataka,3079.0,36908,471856.75,1077.65,11.27153846,24.49,586.82,61.99,72,42,25,6.9
Tapioca,2016,Whole Year ,Karnataka,687.0,4166,105282.75,240.45,6.5375,24.49,586.82,61.99,72,42,25,6.9
Turmeric,2016,Whole Year ,Karnataka,19327.0,114511,2961862.75,6764.45,5.775294118,24.49,586.82,61.99,72,42,25,6.9
Banana,2016,Whole Year ,Kerala,57158.0,489322,8759463.5,20005.3,8.442857143,27.27,1153.76,78.78,65,28,50,5.7
Coconut ,2016,Whole Year ,Kerala,781496.0,5384000000,119764262.0,273523.6,6418.719286,27.27,1153.76,78.78,65,28,50,5.7
Potato,2016,Whole Year ,Kerala,556.0,8823,85207.0,194.6,15.87,27.27,1153.76,78.78,65,28,50,5.7
Sugarcane,2016,Whole Year ,Kerala,1062.502,113130,162828.4315,371.8757,72.10375,27.27,1153.76,78.78,65,28,50,5.7
Sweet potato,2016,Whole Year ,Kerala,220.0,3086,33715.0,77.0,13.35923077,27.27,1153.76,78.78,65,28,50,5.7
Tapioca,2016,Whole Year ,Kerala,68664.0,2529729,10522758.0,24032.4,36.88928571,27.27,1153.76,78.78,65,28,50,5.7
Banana,2016,Whole Year ,Tamil Nadu,90993.0,3028869,13944677.25,31847.55,33.24096774,28.11,811.36,70.68,80,38,30,6.6
Coconut ,2016,Whole Year ,Tamil Nadu,435621.0,4706400000,66758918.25,152467.35,10719.08742,28.11,811.36,70.68,80,38,30,6.6
Garlic,2016,Whole Year ,Tamil Nadu,781.0,4545,119688.25,273.35,5.206666667,28.11,811.36,70.68,80,38,30,6.6
Ginger,2016,Whole Year ,Tamil Nadu,371.0,8133,56855.75,129.85,22.459,28.11,811.36,70.68,80,38,30,6.6
Onion,2016,Kharif     ,Tamil Nadu,13602.0,141117,2084506.5,4760.7,10.27692308,28.11,811.36,70.68,80,38,30,6.6
Onion,2016,Rabi       ,Tamil Nadu,17597.0,89105,2696740.25,6158.95,5.267407407,28.11,811.36,70.68,80,38,30,6.6
Potato,2016,Kharif     ,Tamil Nadu,3194.0,77476,489480.5,1117.9,24.5825,28.11,811.36,70.68,80,38,30,6.6
Potato,2016,Rabi       ,Tamil Nadu,1653.0,31493,253322.25,578.55,21.248,28.11,811.36,70.68,80,38,30,6.6
Sugarcane,2016,Whole Year ,Tamil Nadu,218262.0,18987555,33448651.5,76391.7,78.37766667,28.11,811.36,70.68,80,38,30,6.6
Sweet potato,2016,Whole Year ,Tamil Nadu,283.0,2623,43369.75,99.05,9.951052632,28.11,811.36,70.68,80,38,30,6.6
Tapioca,2016,Whole Year ,Tamil Nadu,76420.0,2012746,11711365.0,26747.0,26.67741935,28.11,811.36,70.68,80,38,30,6.6
Arecanut,2017,Kharif     ,Andhra Pradesh,697.0,4369,109735.68,264.86,5.5825,28.14,991.2,69.86,78,45,22,6.8
Banana,2017,Whole Year ,Andhra Pradesh,55130.0,5961326,8679667.2,20949.4,116.2230769,28.14,991.2,69.86,78,45,22,6.8
Coconut ,2017,Whole Year ,Andhra Pradesh,103968.0,1397800000,16368721.92,39507.84,12746.54,28.14,991.2,69.86,78,45,22,6.8
Maize,2017,Rabi       ,Andhra Pradesh,229264.0,1824103,36095324.16,87120.32,7.576153846,28.14,991.2,69.86,78,45,22,6.8
Mesta,2017,Kharif     ,Andhra Pradesh,4850.0,45800,763584.0,1843.0,8.73,28.14,991.2,69.86,78,45,22,6.8
Oilseeds total,2017,Kharif     ,Andhra Pradesh,786064.0,2643671,123757916.2,298704.32,7.239230769,28.14,991.2,69.86,78,45,22,6.8
Onion,2017,Kharif     ,Andhra Pradesh,17336.0,662728,2729379.84,6587.68,381.42,28.14,991.2,69.86,78,45,22,6.8
Onion,2017,Rabi       ,Andhra Pradesh,7382.0,249866,1162222.08,2805.16,44.62,28.14,991.2,69.86,78,45,22,6.8
Potato,2017,Kharif     ,Andhra Pradesh,457.0,4758,71950.08,173.66,7.15,28.14,991.2,69.86,78,45,22,6.8
Potato,2017,Rabi       ,Andhra Pradesh,994.0,10912,156495.36,377.72,8.49,28.14,991.2,69.86,78,45,22,6.8
Sugarcane,2017,Whole Year ,Andhra Pradesh,98912.0,7782670,15572705.28,37586.56,92.49384615,28.14,991.2,69.86,78,45,22,6.8
Sweet potato,2017,Kharif     ,Andhra Pradesh,188.0,2360,29598.72,71.44,12.68571429,28.14,991.2,69.86,78,45,22,6.8
Sweet potato,2017,Rabi       ,Andhra Pradesh,513.0,6015,80766.72,194.94,11.86,28.14,991.2,69.86,78,45,22,6.8
Tapioca,2017,Kharif     ,Andhra Pradesh,7468.0,92603,1175761.92,2837.84,13.26666667,28.14,991.2,69.86,78,45,22,6.8
Tapioca,2017,Rabi       ,Andhra Pradesh,39.0,474,6140.16,14.82,9.53,28.14,991.2,69.86,78,45,22,6.8
Tobacco,2017,Kharif     ,Andhra Pradesh,33229.0,359587,5231573.76,12627.02,8.184444444,28.14,991.2,69.86,78,45,22,6.8
other oilseeds,2017,Kharif     ,Andhra Pradesh,90131.0,1780969,14190224.64,34249.78,15.18,28.14,991.2,69.86,78,45,22,6.8
Banana,2017,Kharif     ,Puducherry,249.0,2946,39202.56,94.62,11.33333333,28.29,1248.7,74.81,88,55,40,7.0
Coconut ,2017,Whole Year ,Puducherry,1910.0,20895000,300710.4,725.8,11820.71,28.29,1248.7,74.81,88,55,40,7.0
Dry chillies,2017,Kharif     ,Puducherry,1.0,10,157.44,0.38,10.0,28.29,1248.7,74.81,88,55,40,7.0
Dry chillies,2017,Rabi       ,Puducherry,3.0,30,472.32,1.14,10.0,28.29,1248.7,74.81,88,55,40,7.0
Dry chillies,2017,Summer     ,Puducherry,3.0,24,472.32,1.14,8.0,28.29,1248.7,74.81,88,55,40,7.0
Sugarcane,2017,Kharif     ,Puducherry,1445.0,180625,227500.8,549.1,125.0,28.29,1248.7,74.81,88,55,40,7.0
Sweet potato,2017,Rabi       ,Puducherry,1.0,8,157.44,0.38,8.0,28.29,1248.7,74.81,88,55,40,7.0
Tapioca,2017,Kharif     ,Puducherry,183.0,3770,28811.52,69.54,31.0,28.29,1248.7,74.81,88,55,40,7.0
Tapioca,2017,Rabi       ,Puducherry,4.0,80,629.76,1.52,20.0,28.29,1248.7,74.81,88,55,40,7.0
Banana,2017,Whole Year ,Assam,53082.0,913272,8357230.08,20171.16,16.84185185,23.5,2621.54,79.34,60,18,38,5.8
Coconut ,2017,Whole Year ,Assam,19917.0,178353000,3135732.48,7568.46,9156.942222,23.5,2621.54,79.34,60,18,38,5.8
Ginger,2017,Whole Year ,Assam,18105.0,161604,2850451.2,6879.9,8.38962963,23.5,2621.54,79.34,60,18,38,5.8
Jute,2017,Kharif     ,Assam,69926.0,841150,11009149.44,26571.88,11.3137037,23.5,2621.54,79.34,60,18,38,5.8
Mesta,2017,Kharif     ,Assam,3418.0,20167,538129.92,1298.84,5.701538462,23.5,2621.54,79.34,60,18,38,5.8
Onion,2017,Whole Year ,Assam,8338.0,80374,1312734.72,3168.44,7.297037037,23.5,2621.54,79.34,60,18,38,5.8
Potato,2017,Whole Year ,Assam,102868.0,720968,16195537.92,39089.84,7.139259259,23.5,2621.54,79.34,60,18,38,5.8
Sugarcane,2017,Whole Year ,Assam,30559.0,1142974,4811208.96,11612.42,36.48703704,23.5,2621.54,79.34,60,18,38,5.8
Sweet potato,2017,Whole Year ,Assam,5303.0,29199,834904.32,2015.14,5.514814815,23.5,2621.54,79.34,60,18,38,5.8
Tapioca,2017,Whole Year ,Assam,3117.0,28868,490740.48,1184.46,8.3752,23.5,2621.54,79.34,60,18,38,5.8
Banana,2017,Kharif     ,Meghalaya,7264.0,94603,1143644.16,2760.32,10.72727273,18.43,5244.36,84.21,52,16,33,5.6
Ginger,2017,Kharif     ,Meghalaya,9944.0,66195,1565583.36,3778.72,9.665454545,18.43,5244.36,84.21,52,16,33,5.6
Jute,2017,Kharif     ,Meghalaya,6673.0,68465,1050597.12,2535.74,9.934,18.43,5244.36,84.21,52,16,33,5.6
Mesta,2017,Kharif     ,Meghalaya,4470.0,26353,703756.8,1698.6,6.3,18.43,5244.36,84.21,52,16,33,5.6
Onion,2017,Rabi       ,Meghalaya,551.0,4939,86749.44,209.38,8.427,18.43,5244.36,84.21,52,16,33,5.6
Potato,2017,Summer     ,Meghalaya,12559.0,142923,1977288.96,4772.42,8.254545455,18.43,5244.36,84.21,52,16,33,5.6
Potato,2017,Winter     ,Meghalaya,6354.0,44124,1000373.76,2414.52,6.526363636,18.43,5244.36,84.21,52,16,33,5.6
Tapioca,2017,Kharif     ,Meghalaya,5408.0,35528,851435.52,2055.04,7.553636364,18.43,5244.36,84.21,52,16,33,5.6
Turmeric,2017,Whole Year ,Meghalaya,2649.0,16497,417058.56,1006.62,5.915454545,18.43,5244.36,84.21,52,16,33,5.6
Banana,2017,Whole Year ,Goa,2428.0,26975,382264.32,922.64,11.115,27.48,1982.62,74.01,65,25,45,6.2
Coconut ,2017,Whole Year ,Goa,26169.0,131600000,4120047.36,9944.22,5027.095,27.48,1982.62,74.01,65,25,45,6.2
Sugarcane,2017,Whole Year ,Goa,910.0,47160,143270.4,345.8,45.41,27.48,1982.62,74.01,65,25,45,6.2
Arecanut,2017,Whole Year ,Karnataka,279459.0,3030925,43998024.96,106194.42,10.92,23.74,1088.08,68.27,72,42,25,6.9
Coconut ,2017,Whole Year ,Karnataka,446607.0,3531305000,70313806.08,169710.66,8182.769667,23.74,1088.08,68.27,72,42,25,6.9
Ginger,2017,Whole Year ,Karnataka,20809.0,537454,3276168.96,7907.42,25.74913043,23.74,1088.08,68.27,72,42,25,6.9
Onion,2017,Kharif     ,Karnataka,117973.0,1302084,18573669.12,44829.74,11.2825,23.74,1088.08,68.27,72,42,25,6.9
Onion,2017,Rabi       ,Karnataka,21870.0,310093,3443212.8,8310.6,13.49416667,23.74,1088.08,68.27,72,42,25,6.9
Onion,2017,Summer     ,Karnataka,5651.0,68169,889693.44,2147.38,11.80772727,23.74,1088.08,68.27,72,42,25,6.9
Potato,2017,Kharif     ,Karnataka,23219.0,223849,3655599.36,8823.22,9.301176471,23.74,1088.08,68.27,72,42,25,6.9
Potato,2017,Rabi       ,Karnataka,5557.0,103976,874894.08,2111.66,18.17769231,23.74,1088.08,68.27,72,42,25,6.9
Potato,2017,Summer     ,Karnataka,1705.0,23510,268435.2,647.9,14.78714286,23.74,1088.08,68.27,72,42,25,6.9
Sugarcane,2017,Whole Year ,Karnataka,400000.0,37460951,62976000.0,152000.0,91.89956522,23.74,1088.08,68.27,72,42,25,6.9
Sweet potato,2017,Whole Year ,Karnataka,2766.0,35891,435479.04,1051.08,12.25,23.74,1088.08,68.27,72,42,25,6.9
Tapioca,2017,Whole Year ,Karnataka,731.0,6116,115088.64,277.78,8.602,23.74,1088.08,68.27,72,42,25,6.9
Turmeric,2017,Whole Year ,Karnataka,19339.0,122764,3044732.16,7348.82,6.2215,23.74,1088.08,68.27,72,42,25,6.9
Banana,2017,Whole Year ,Kerala,62108.0,565829,9778283.52,23601.04,8.570714286,27.14,1693.59,79.58,65,28,50,5.7
Coconut ,2017,Whole Year ,Kerala,760443.0,5230000000,119724145.9,288968.34,6400.547143,27.14,1693.59,79.58,65,28,50,5.7
Garlic,2017,Whole Year ,Kerala,71.0,398,11178.24,26.98,5.61,27.14,1693.59,79.58,65,28,50,5.7
Potato,2017,Whole Year ,Kerala,516.0,7303,81239.04,196.08,14.15,27.14,1693.59,79.58,65,28,50,5.7
Sugarcane,2017,Whole Year ,Kerala,1047.674,115110,164945.7946,398.11612,68.18888889,27.14,1693.59,79.58,65,28,50,5.7
Sweet potato,2017,Whole Year ,Kerala,295.0,4277,46444.8,112.1,13.17785714,27.14,1693.59,79.58,65,28,50,5.7
Tapioca,2017,Whole Year ,Kerala,70193.0,2697319,11051185.92,26673.34,38.12142857,27.14,1693.59,79.58,65,28,50,5.7
Banana,2017,Whole Year ,Tamil Nadu,78482.0,3044122,12356206.08,29823.16,37.84677419,28.13,1290.07,72.2,80,38,30,6.6
Coconut ,2017,Whole Year ,Tamil Nadu,436024.0,4176500000,68647618.56,165689.12,9387.334516,28.13,1290.07,72.2,80,38,30,6.6
Ginger,2017,Whole Year ,Tamil Nadu,380.0,7425,59827.2,144.4,19.705,28.13,1290.07,72.2,80,38,30,6.6
Maize,2017,Kharif     ,Tamil Nadu,166195.0,1532106,26165740.8,63154.1,8.962,28.13,1290.07,72.2,80,38,30,6.6
Maize,2017,Rabi       ,Tamil Nadu,158323.0,1059526,24926373.12,60162.74,6.956785714,28.13,1290.07,72.2,80,38,30,6.6
Onion,2017,Kharif     ,Tamil Nadu,6293.0,61084,990769.92,2391.34,9.714166667,28.13,1290.07,72.2,80,38,30,6.6
Onion,2017,Rabi       ,Tamil Nadu,16518.0,153558,2600593.92,6276.84,9.684074074,28.13,1290.07,72.2,80,38,30,6.6
Potato,2017,Kharif     ,Tamil Nadu,2358.0,40817,371243.52,896.04,16.698,28.13,1290.07,72.2,80,38,30,6.6
Potato,2017,Rabi       ,Tamil Nadu,1224.0,27698,192706.56,465.12,23.12,28.13,1290.07,72.2,80,38,30,6.6
Sugarcane,2017,Whole Year ,Tamil Nadu,171856.0,17155603,27057008.64,65305.28,94.5,28.13,1290.07,72.2,80,38,30,6.6
Sweet potato,2017,Whole Year ,Tamil Nadu,302.0,7946,47546.88,114.76,26.33944444,28.13,1290.07,72.2,80,38,30,6.6
Tapioca,2017,Whole Year ,Tamil Nadu,79344.0,2715116,12491919.36,30150.72,34.53967742,28.13,1290.07,72.2,80,38,30,6.6
Banana,2018,Whole Year ,Andhra Pradesh,59098.0,6223680,9585695.6,20684.3,126.3876923,28.18,927.05,67.4,78,45,22,6.8
Coconut ,2018,Whole Year ,Andhra Pradesh,104530.0,1571100000,16954766.0,36585.5,15636.63231,28.18,927.05,67.4,78,45,22,6.8
Maize,2018,Rabi       ,Andhra Pradesh,161853.0,1131719,26252556.6,56648.55,5.788461538,28.18,927.05,67.4,78,45,22,6.8
Mesta,2018,Kharif     ,Andhra Pradesh,2934.0,29662,475894.8,1026.9,9.88,28.18,927.05,67.4,78,45,22,6.8
Onion,2018,Kharif     ,Andhra Pradesh,24750.0,677050,4014450.0,8662.5,247.5727273,28.18,927.05,67.4,78,45,22,6.8
Onion,2018,Rabi       ,Andhra Pradesh,5021.0,299805,814406.2,1757.35,80.268,28.18,927.05,67.4,78,45,22,6.8
Potato,2018,Kharif     ,Andhra Pradesh,486.0,2992,78829.2,170.1,7.44,28.18,927.05,67.4,78,45,22,6.8
Potato,2018,Rabi       ,Andhra Pradesh,970.0,6026,157334.0,339.5,8.096666667,28.18,927.05,67.4,78,45,22,6.8
Sugarcane,2018,Kharif     ,Andhra Pradesh,101525.0,8056925,16467355.0,35533.75,84.04769231,28.18,927.05,67.4,78,45,22,6.8
Sweet potato,2018,Kharif     ,Andhra Pradesh,91.0,1476,14760.2,31.85,17.15,28.18,927.05,67.4,78,45,22,6.8
Sweet potato,2018,Rabi       ,Andhra Pradesh,418.0,8479,67799.6,146.3,18.64777778,28.18,927.05,67.4,78,45,22,6.8
Tapioca,2018,Kharif     ,Andhra Pradesh,7350.0,86912,1192170.0,2572.5,12.895,28.18,927.05,67.4,78,45,22,6.8
Tapioca,2018,Rabi       ,Andhra Pradesh,83.0,743,13462.6,29.05,11.4425,28.18,927.05,67.4,78,45,22,6.8
Tobacco,2018,Kharif     ,Andhra Pradesh,24635.0,327589,3995797.0,8622.25,57.1205,28.18,927.05,67.4,78,45,22,6.8
other oilseeds,2018,Kharif     ,Andhra Pradesh,94090.0,1965083,15261398.0,32931.5,16.59090909,28.18,927.05,67.4,78,45,22,6.8
Banana,2018,Kharif     ,Puducherry,262.0,9124,42496.4,91.7,24.5,28.04,947.36,75.1,88,55,40,7.0
Coconut ,2018,Whole Year ,Puducherry,1877.0,17923000,304449.4,656.95,8363.155,28.04,947.36,75.1,88,55,40,7.0
Dry chillies,2018,Kharif     ,Puducherry,1.0,14,162.2,0.35,14.0,28.04,947.36,75.1,88,55,40,7.0
Dry chillies,2018,Rabi       ,Puducherry,2.0,21,324.4,0.7,10.5,28.04,947.36,75.1,88,55,40,7.0
Dry chillies,2018,Summer     ,Puducherry,3.0,41,486.6,1.05,13.67,28.04,947.36,75.1,88,55,40,7.0
Onion,2018,Summer     ,Puducherry,1.0,6,162.2,0.35,6.0,28.04,947.36,75.1,88,55,40,7.0
Sugarcane,2018,Kharif     ,Puducherry,1444.0,187720,234216.8,505.4,130.0,28.04,947.36,75.1,88,55,40,7.0
Sweet potato,2018,Kharif     ,Puducherry,3.0,24,486.6,1.05,8.0,28.04,947.36,75.1,88,55,40,7.0
Tapioca,2018,Kharif     ,Puducherry,182.0,4537,29520.4,63.7,32.25,28.04,947.36,75.1,88,55,40,7.0
Tapioca,2018,Rabi       ,Puducherry,6.0,147,973.2,2.1,24.5,28.04,947.36,75.1,88,55,40,7.0
Banana,2018,Whole Year ,Assam,51113.0,917792,8290528.6,17889.55,17.68037037,23.04,1825.84,78.58,60,18,38,5.8
Coconut ,2018,Whole Year ,Assam,20752.0,160226000,3365974.4,7263.2,8664.686667,23.04,1825.84,78.58,60,18,38,5.8
Ginger,2018,Whole Year ,Assam,17865.0,166272,2897703.0,6252.75,9.172222222,23.04,1825.84,78.58,60,18,38,5.8
Jute,2018,Kharif     ,Assam,65789.0,761571,10670975.8,23026.15,11.11888889,23.04,1825.84,78.58,60,18,38,5.8
Mesta,2018,Kharif     ,Assam,3287.0,19722,533151.4,1150.45,5.711153846,23.04,1825.84,78.58,60,18,38,5.8
Onion,2018,Whole Year ,Assam,8211.0,84835,1331824.2,2873.85,7.455185185,23.04,1825.84,78.58,60,18,38,5.8
Potato,2018,Whole Year ,Assam,103205.0,773481,16739851.0,36121.75,7.511851852,23.04,1825.84,78.58,60,18,38,5.8
Sugarcane,2018,Whole Year ,Assam,31199.0,1093930,5060477.8,10919.65,33.76481481,23.04,1825.84,78.58,60,18,38,5.8
Sweet potato,2018,Whole Year ,Assam,5020.0,26342,814244.0,1757.0,5.694814815,23.04,1825.84,78.58,60,18,38,5.8
Tapioca,2018,Whole Year ,Assam,3364.0,31751,545640.8,1177.4,8.9004,23.04,1825.84,78.58,60,18,38,5.8
Banana,2018,Kharif     ,Meghalaya,7273.0,94721,1179680.6,2545.55,10.72727273,17.87,3403.4,83.31,52,16,33,5.6
Ginger,2018,Kharif     ,Meghalaya,9953.0,66273,1614376.6,3483.55,9.666363636,17.87,3403.4,83.31,52,16,33,5.6
Jute,2018,Kharif     ,Meghalaya,6678.0,68539,1083171.6,2337.3,9.938,17.87,3403.4,83.31,52,16,33,5.6
Mesta,2018,Kharif     ,Meghalaya,4475.0,26401,725845.0,1566.25,6.302,17.87,3403.4,83.31,52,16,33,5.6
Onion,2018,Rabi       ,Meghalaya,557.0,4997,90345.4,194.95,8.429,17.87,3403.4,83.31,52,16,33,5.6
Potato,2018,Summer     ,Meghalaya,12569.0,143031,2038691.8,4399.15,8.255454545,17.87,3403.4,83.31,52,16,33,5.6
Potato,2018,Winter     ,Meghalaya,6360.0,44175,1031592.0,2226.0,6.526363636,17.87,3403.4,83.31,52,16,33,5.6
Tapioca,2018,Kharif     ,Meghalaya,5416.0,35594,878475.2,1895.6,7.553636364,17.87,3403.4,83.31,52,16,33,5.6
Turmeric,2018,Whole Year ,Meghalaya,2658.0,16557,431127.6,930.3,5.918181818,17.87,3403.4,83.31,52,16,33,5.6
Banana,2018,Whole Year ,Goa,2411.0,26979,391064.2,843.85,11.18,27.57,2090.67,71.99,65,25,45,6.2
Coconut ,2018,Whole Year ,Goa,26381.0,132750000,4278998.2,9233.35,5013.69,27.57,2090.67,71.99,65,25,45,6.2
Sugarcane,2018,Whole Year ,Goa,888.0,35296,144033.6,310.8,34.38,27.57,2090.67,71.99,65,25,45,6.2
Arecanut,2018,Whole Year ,Karnataka,476378.0,4253453,77268511.6,166732.3,9.04,23.97,586.33,64.89,72,42,25,6.9
Coconut ,2018,Whole Year ,Karnataka,610234.0,4321762000,98979954.8,213581.9,7502.488,23.97,586.33,64.89,72,42,25,6.9
Garlic,2018,Whole Year ,Karnataka,4006.0,26551,649773.2,1402.1,6.4125,23.97,586.33,64.89,72,42,25,6.9
Ginger,2018,Whole Year ,Karnataka,15858.0,244065,2572167.6,5550.3,15.20103448,23.97,586.33,64.89,72,42,25,6.9
Onion,2018,Kharif     ,Karnataka,193156.0,1462077,31329903.2,67604.6,8.4024,23.97,586.33,64.89,72,42,25,6.9
Onion,2018,Rabi       ,Karnataka,16788.0,222577,2723013.6,5875.8,12.06083333,23.97,586.33,64.89,72,42,25,6.9
Onion,2018,Summer     ,Karnataka,3665.0,38682,594463.0,1282.75,10.361,23.97,586.33,64.89,72,42,25,6.9
Potato,2018,Kharif     ,Karnataka,21372.0,169235,3466538.4,7480.2,8.165862069,23.97,586.33,64.89,72,42,25,6.9
Potato,2018,Rabi       ,Karnataka,6482.0,98231,1051380.4,2268.7,14.73,23.97,586.33,64.89,72,42,25,6.9
Potato,2018,Summer     ,Karnataka,410.0,6626,66502.0,143.5,16.26142857,23.97,586.33,64.89,72,42,25,6.9
Sugarcane,2018,Whole Year ,Karnataka,495932.0,42323211,80440170.4,173576.2,83.26862069,23.97,586.33,64.89,72,42,25,6.9
Sweet potato,2018,Whole Year ,Karnataka,5032.0,73050,816190.4,1761.2,14.20703704,23.97,586.33,64.89,72,42,25,6.9
Tapioca,2018,Whole Year ,Karnataka,635.0,8439,102997.0,222.25,13.2452381,23.97,586.33,64.89,72,42,25,6.9
Turmeric,2018,Whole Year ,Karnataka,26579.0,153767,4311113.8,9302.65,5.617142857,23.97,586.33,64.89,72,42,25,6.9
Banana,2018,Whole Year ,Kerala,52898.61,429061,8580154.542,18514.5135,7.930714286,26.92,1799.12,80.47,65,28,50,5.7
Coconut ,2018,Whole Year ,Kerala,760946.81,5299000000,123425572.6,266331.3835,6426.82,26.92,1799.12,80.47,65,28,50,5.7
Potato,2018,Whole Year ,Kerala,536.9,7381,87085.18,187.915,13.75,26.92,1799.12,80.47,65,28,50,5.7
Sugarcane,2018,Whole Year ,Kerala,1011.88,106299,164126.936,354.158,81.14875,26.92,1799.12,80.47,65,28,50,5.7
Sweet potato,2018,Whole Year ,Kerala,210.41,3059,34128.502,73.6435,13.17714286,26.92,1799.12,80.47,65,28,50,5.7
Tapioca,2018,Whole Year ,Kerala,61874.16,2325006,10035988.75,21655.956,36.30214286,26.92,1799.12,80.47,65,28,50,5.7
Banana,2018,Whole Year ,Tamil Nadu,87514.0,3483248,14194770.8,30629.9,37.39125,28.08,832.38,70.88,80,38,30,6.6
Coconut ,2018,Whole Year ,Tamil Nadu,439745.0,5214000000,71326639.0,153910.75,11263.83,28.08,832.38,70.88,80,38,30,6.6
Ginger,2018,Whole Year ,Tamil Nadu,377.0,7263,61149.4,131.95,19.86428571,28.08,832.38,70.88,80,38,30,6.6
Maize,2018,Kharif     ,Tamil Nadu,168944.0,1283603,27402716.8,59130.4,7.625384615,28.08,832.38,70.88,80,38,30,6.6
Maize,2018,Rabi       ,Tamil Nadu,221658.0,1550834,35952927.6,77580.3,6.984,28.08,832.38,70.88,80,38,30,6.6
Onion,2018,Kharif     ,Tamil Nadu,12414.0,108888,2013550.8,4344.9,8.912692308,28.08,832.38,70.88,80,38,30,6.6
Onion,2018,Rabi       ,Tamil Nadu,19273.0,109707,3126080.6,6745.55,5.878518519,28.08,832.38,70.88,80,38,30,6.6
Potato,2018,Kharif     ,Tamil Nadu,2334.0,25622,378574.8,816.9,13.195,28.08,832.38,70.88,80,38,30,6.6
Potato,2018,Rabi       ,Tamil Nadu,1198.0,23750,194315.6,419.3,23.2225,28.08,832.38,70.88,80,38,30,6.6
Sugarcane,2018,Whole Year ,Tamil Nadu,166415.0,17096330,26992513.0,58245.25,99.34166667,28.08,832.38,70.88,80,38,30,6.6
Sweet potato,2018,Whole Year ,Tamil Nadu,328.0,8848,53201.6,114.8,25.31238095,28.08,832.38,70.88,80,38,30,6.6
Tapioca,2018,Whole Year ,Tamil Nadu,75644.0,2629655,12269456.8,26475.4,34.88068966,28.08,832.38,70.88,80,38,30,6.6
Arecanut,2019,Kharif     ,Andhra Pradesh,1096.0,10418,188248.96,405.52,7.253333333,28.2,1027.8,71.25,78,45,22,6.8
Banana,2019,Whole Year ,Andhra Pradesh,97695.0,5861700,16780093.2,36147.15,60.0,28.2,1027.8,71.25,78,45,22,6.8
Coconut ,2019,Whole Year ,Andhra Pradesh,104027.0,1912224000,17867677.52,38489.99,16935.05846,28.2,1027.8,71.25,78,45,22,6.8
Maize,2019,Rabi       ,Andhra Pradesh,205100.0,1670288,35227976.0,75887.0,6.698461538,28.2,1027.8,71.25,78,45,22,6.8
Mesta,2019,Kharif     ,Andhra Pradesh,1714.0,18265,294396.64,634.18,10.135,28.2,1027.8,71.25,78,45,22,6.8
Oilseeds total,2019,Kharif     ,Andhra Pradesh,712037.0,2914652,122299475.1,263453.69,8.527692308,28.2,1027.8,71.25,78,45,22,6.8
Onion,2019,Kharif     ,Andhra Pradesh,23864.0,524198,4098880.64,8829.68,22.22444444,28.2,1027.8,71.25,78,45,22,6.8
Onion,2019,Rabi       ,Andhra Pradesh,12250.0,256890,2104060.0,4532.5,21.7675,28.2,1027.8,71.25,78,45,22,6.8
Potato,2019,Kharif     ,Andhra Pradesh,453.0,6648,77807.28,167.61,12.21,28.2,1027.8,71.25,78,45,22,6.8
Potato,2019,Rabi       ,Andhra Pradesh,1050.0,15919,180348.0,388.5,13.155,28.2,1027.8,71.25,78,45,22,6.8
Sugarcane,2019,Kharif     ,Andhra Pradesh,85911.0,6714729,14756073.36,31787.07,83.44538462,28.2,1027.8,71.25,78,45,22,6.8
Sweet potato,2019,Kharif     ,Andhra Pradesh,54.0,895,9275.04,19.98,18.038,28.2,1027.8,71.25,78,45,22,6.8
Sweet potato,2019,Rabi       ,Andhra Pradesh,360.0,6271,61833.6,133.2,16.747,28.2,1027.8,71.25,78,45,22,6.8
Tapioca,2019,Kharif     ,Andhra Pradesh,6986.0,84845,1199915.36,2584.82,13.61166667,28.2,1027.8,71.25,78,45,22,6.8
Tapioca,2019,Rabi       ,Andhra Pradesh,54.0,512,9275.04,19.98,14.415,28.2,1027.8,71.25,78,45,22,6.8
Tobacco,2019,Kharif     ,Andhra Pradesh,36504.0,375719,6269927.04,13506.48,8.732352941,28.2,1027.8,71.25,78,45,22,6.8
other oilseeds,2019,Kharif     ,Andhra Pradesh,97782.0,2262487,16795036.32,36179.34,16.12818182,28.2,1027.8,71.25,78,45,22,6.8
Banana,2019,Kharif     ,Puducherry,273.0,16637,46890.48,101.01,32.76666667,28.41,1060.94,75.48,88,55,40,7.0
Coconut ,2019,Whole Year ,Puducherry,1857.0,18661000,318958.32,687.09,9474.625,28.41,1060.94,75.48,88,55,40,7.0
Dry chillies,2019,Kharif     ,Puducherry,2.0,26,343.52,0.74,13.0,28.41,1060.94,75.48,88,55,40,7.0
Dry chillies,2019,Rabi       ,Puducherry,3.0,41,515.28,1.11,13.67,28.41,1060.94,75.48,88,55,40,7.0
Dry chillies,2019,Summer     ,Puducherry,2.0,26,343.52,0.74,13.0,28.41,1060.94,75.48,88,55,40,7.0
Sugarcane,2019,Kharif     ,Puducherry,1308.0,183120,224662.08,483.96,140.0,28.41,1060.94,75.48,88,55,40,7.0
Sweet potato,2019,Kharif     ,Puducherry,5.0,45,858.8,1.85,9.0,28.41,1060.94,75.48,88,55,40,7.0
Sweet potato,2019,Rabi       ,Puducherry,1.0,9,171.76,0.37,9.0,28.41,1060.94,75.48,88,55,40,7.0
Tapioca,2019,Kharif     ,Puducherry,170.0,4218,29199.2,62.9,29.75,28.41,1060.94,75.48,88,55,40,7.0
Tapioca,2019,Rabi       ,Puducherry,8.0,196,1374.08,2.96,24.5,28.41,1060.94,75.48,88,55,40,7.0
Turmeric,2019,Kharif     ,Puducherry,11.0,165,1889.36,4.07,15.0,28.41,1060.94,75.48,88,55,40,7.0
Banana,2019,Whole Year ,Assam,49445.0,906683,8492673.2,18294.65,18.07555556,23.09,2368.95,78.3,60,18,38,5.8
Coconut ,2019,Whole Year ,Assam,20800.0,148629000,3572608.0,7696.0,7582.287813,23.09,2368.95,78.3,60,18,38,5.8
Ginger,2019,Whole Year ,Assam,17786.0,167803,3054923.36,6580.82,9.395185185,23.09,2368.95,78.3,60,18,38,5.8
Jute,2019,Kharif     ,Assam,64247.0,791512,11035064.72,23771.39,11.66851852,23.09,2368.95,78.3,60,18,38,5.8
Mesta,2019,Kharif     ,Assam,3221.0,20010,553238.96,1191.77,6.1756,23.09,2368.95,78.3,60,18,38,5.8
Onion,2019,Whole Year ,Assam,8155.0,88892,1400702.8,3017.35,8.022962963,23.09,2368.95,78.3,60,18,38,5.8
Potato,2019,Whole Year ,Assam,104750.0,756222,17991860.0,38757.5,7.303703704,23.09,2368.95,78.3,60,18,38,5.8
Sugarcane,2019,Whole Year ,Assam,29703.0,1218118,5101787.28,10990.11,38.92111111,23.09,2368.95,78.3,60,18,38,5.8
Sweet potato,2019,Whole Year ,Assam,4926.0,25640,846089.76,1822.62,5.578518519,23.09,2368.95,78.3,60,18,38,5.8
Tapioca,2019,Whole Year ,Assam,3289.0,31794,564918.64,1216.93,8.9104,23.09,2368.95,78.3,60,18,38,5.8
Banana,2019,Kharif     ,Meghalaya,7284.0,94870,1251099.84,2695.08,10.73090909,18.07,4360.57,82.43,52,16,33,5.6
Ginger,2019,Kharif     ,Meghalaya,9963.0,66379,1711244.88,3686.31,9.668181818,18.07,4360.57,82.43,52,16,33,5.6
Jute,2019,Kharif     ,Meghalaya,6680.0,68562,1147356.8,2471.6,9.946,18.07,4360.57,82.43,52,16,33,5.6
Mesta,2019,Kharif     ,Meghalaya,4480.0,26455,769484.8,1657.6,6.312,18.07,4360.57,82.43,52,16,33,5.6
Onion,2019,Rabi       ,Meghalaya,561.0,5037,96357.36,207.57,8.431,18.07,4360.57,82.43,52,16,33,5.6
Potato,2019,Summer     ,Meghalaya,12577.0,143122,2160225.52,4653.49,8.257272727,18.07,4360.57,82.43,52,16,33,5.6
Potato,2019,Winter     ,Meghalaya,6366.0,44226,1093424.16,2355.42,6.527272727,18.07,4360.57,82.43,52,16,33,5.6
Tapioca,2019,Kharif     ,Meghalaya,5424.0,35658,931626.24,2006.88,7.553636364,18.07,4360.57,82.43,52,16,33,5.6
Turmeric,2019,Whole Year ,Meghalaya,2980.0,18614,511844.8,1102.6,5.923636364,18.07,4360.57,82.43,52,16,33,5.6
Banana,2019,Whole Year ,Goa,2460.0,30898,422529.6,910.2,13.095,27.55,3627.84,74.47,65,25,45,6.2
Coconut ,2019,Whole Year ,Goa,26542.0,167000000,4558853.92,9820.54,6359.69,27.55,3627.84,74.47,65,25,45,6.2
Sugarcane,2019,Whole Year ,Goa,811.0,53708,139297.36,300.07,70.115,27.55,3627.84,74.47,65,25,45,6.2
Arecanut,2019,Whole Year ,Karnataka,500522.0,5409381,85969658.72,185193.14,10.7724,24.57,818.07,65.92,72,42,25,6.9
Coconut ,2019,Whole Year ,Karnataka,610324.0,5030774000,104829250.2,225819.88,8344.984,24.57,818.07,65.92,72,42,25,6.9
Garlic,2019,Whole Year ,Karnataka,1706.0,8741,293022.56,631.22,5.177727273,24.57,818.07,65.92,72,42,25,6.9
Ginger,2019,Whole Year ,Karnataka,22388.0,234176,3845362.88,8283.56,10.60275862,24.57,818.07,65.92,72,42,25,6.9
Onion,2019,Kharif     ,Karnataka,155401.0,1255733,26691675.76,57498.37,8.256153846,24.57,818.07,65.92,72,42,25,6.9
Onion,2019,Rabi       ,Karnataka,36940.0,515416,6344814.4,13667.8,13.21884615,24.57,818.07,65.92,72,42,25,6.9
Onion,2019,Summer     ,Karnataka,10300.0,119070,1769128.0,3811.0,11.37333333,24.57,818.07,65.92,72,42,25,6.9
Potato,2019,Kharif     ,Karnataka,17797.0,124958,3056812.72,6584.89,7.178214286,24.57,818.07,65.92,72,42,25,6.9
Potato,2019,Rabi       ,Karnataka,4477.0,69340,768969.52,1656.49,15.27291667,24.57,818.07,65.92,72,42,25,6.9
Potato,2019,Summer     ,Karnataka,458.0,7162,78666.08,169.46,15.88222222,24.57,818.07,65.92,72,42,25,6.9
Sugarcane,2019,Whole Year ,Karnataka,428540.0,36034028,73606030.4,158559.8,81.45551724,24.57,818.07,65.92,72,42,25,6.9
Sweet potato,2019,Whole Year ,Karnataka,5105.0,98495,876834.8,1888.85,18.80518519,24.57,818.07,65.92,72,42,25,6.9
Tapioca,2019,Whole Year ,Karnataka,860.0,10921,147713.6,318.2,12.70956522,24.57,818.07,65.92,72,42,25,6.9
Turmeric,2019,Whole Year ,Karnataka,20740.0,132668,3562302.4,7673.8,6.133571429,24.57,818.07,65.92,72,42,25,6.9
Banana,2019,Whole Year ,Kerala,60678.0,548425,10422053.28,22450.86,8.815,27.57,1778.18,78.55,65,28,50,5.7
Coconut ,2019,Whole Year ,Kerala,760776.0,4814000000,130670885.8,281487.12,5882.037143,27.57,1778.18,78.55,65,28,50,5.7
Garlic,2019,Whole Year ,Kerala,191.0,990,32806.16,70.67,5.18,27.57,1778.18,78.55,65,28,50,5.7
Potato,2019,Whole Year ,Kerala,490.0,6569,84162.4,181.3,13.41,27.57,1778.18,78.55,65,28,50,5.7
Sugarcane,2019,Whole Year ,Kerala,950.04,120835,163178.8704,351.5148,83.834,27.57,1778.18,78.55,65,28,50,5.7
Sweet potato,2019,Whole Year ,Kerala,194.0,2782,33321.44,71.78,13.1125,27.57,1778.18,78.55,65,28,50,5.7
Tapioca,2019,Whole Year ,Kerala,62070.0,2592633,10661143.2,22965.9,41.95142857,27.57,1778.18,78.55,65,28,50,5.7
Banana,2019,Whole Year ,Tamil Nadu,92440.0,3987895,15877494.4,34202.8,42.7084375,28.36,1207.03,72.52,80,38,30,6.6
Coconut ,2019,Whole Year ,Tamil Nadu,438935.0,4946800000,75391475.6,162405.95,8795.260556,28.36,1207.03,72.52,80,38,30,6.6
Garlic,2019,Whole Year ,Tamil Nadu,1433.0,8519,246132.08,530.21,5.5525,28.36,1207.03,72.52,80,38,30,6.6
Ginger,2019,Whole Year ,Tamil Nadu,193.0,3038,33149.68,71.41,16.075,28.36,1207.03,72.52,80,38,30,6.6
Maize,2019,Kharif     ,Tamil Nadu,168587.0,1506526,28956503.12,62377.19,8.614827586,28.36,1207.03,72.52,80,38,30,6.6
Maize,2019,Rabi       ,Tamil Nadu,164978.0,1108221,28336621.28,61041.86,6.841666667,28.36,1207.03,72.52,80,38,30,6.6
Onion,2019,Kharif     ,Tamil Nadu,11137.0,101952,1912891.12,4120.69,9.088148148,28.36,1207.03,72.52,80,38,30,6.6
Onion,2019,Rabi       ,Tamil Nadu,22663.0,159883,3892596.88,8385.31,7.237407407,28.36,1207.03,72.52,80,38,30,6.6
Potato,2019,Kharif     ,Tamil Nadu,2900.0,60513,498104.0,1073.0,21.384,28.36,1207.03,72.52,80,38,30,6.6
Potato,2019,Rabi       ,Tamil Nadu,1113.0,24207,191168.88,411.81,21.68,28.36,1207.03,72.52,80,38,30,6.6
Sugarcane,2019,Whole Year ,Tamil Nadu,131207.0,14119210,22536114.32,48546.59,102.7843333,28.36,1207.03,72.52,80,38,30,6.6
Sweet potato,2019,Whole Year ,Tamil Nadu,585.0,14383,100479.6,216.45,23.39619048,28.36,1207.03,72.52,80,38,30,6.6
Tapioca,2019,Whole Year ,Tamil Nadu,81143.0,3065106,13937121.68,30022.91,40.04866667,28.36,1207.03,72.52,80,38,30,6.6
Turmeric,2019,Whole Year ,Tamil Nadu,18432.0,96253,3165880.32,6819.84,5.298148148,28.36,1207.03,72.52,80,38,30,6.6
Potato,1997,Whole Year ,Odisha,8887.0,87413,845775.79,2754.97,8.774,26.76,1508.87,70.98,67,26,32,6.3
Sugarcane,1997,Winter     ,Odisha,18682.0,1144012,1777965.94,5791.42,55.64206897,26.76,1508.87,70.98,67,26,32,6.3
Mesta,1997,Kharif     ,Andhra Pradesh,85800.0,561600,8165586.0,26598.0,5.98,28.21,1191.08,69.56,78,45,22,6.8
Sugarcane,1997,Kharif     ,Andhra Pradesh,192500.0,13953300,18320225.0,59675.0,77.1065,28.21,1191.08,69.56,78,45,22,6.8
Banana,1997,Whole Year ,Bihar,18197.0,440763,1731808.49,5641.07,24.0412,25.76,1263.31,54.36,85,30,25,7.2
Jute,1997,Kharif     ,Bihar,147527.0,1327863,14040144.59,45733.37,8.642631579,25.76,1263.31,54.36,85,30,25,7.2
Mesta,1997,Kharif     ,Bihar,19855.0,135202,1889600.35,6155.05,8.318387097,25.76,1263.31,54.36,85,30,25,7.2
Onion,1997,Whole Year ,Bihar,18061.0,137869,1718865.37,5598.91,7.817272727,25.76,1263.31,54.36,85,30,25,7.2
Potato,1997,Whole Year ,Bihar,168074.0,1465659,15995602.58,52102.94,8.929636364,25.76,1263.31,54.36,85,30,25,7.2
Sugarcane,1997,Whole Year ,Bihar,107424.0,4939899,10223542.08,33301.44,50.18152174,25.76,1263.31,54.36,85,30,25,7.2
Sweet potato,1997,Whole Year ,Bihar,14114.0,186123,1343229.38,4375.34,13.03461538,25.76,1263.31,54.36,85,30,25,7.2
Banana,1997,Whole Year ,Gujarat,19300.0,1108400,1836781.0,5983.0,55.276,26.78,1009.83,51.08,75,38,28,7.8
Garlic,1997,Whole Year ,Gujarat,20200.0,133900,1922434.0,6262.0,6.340909091,26.78,1009.83,51.08,75,38,28,7.8
Onion,1997,Whole Year ,Gujarat,20900.0,615900,1989053.0,6479.0,30.12733333,26.78,1009.83,51.08,75,38,28,7.8
Potato,1997,Whole Year ,Gujarat,28500.0,623900,2712345.0,8835.0,21.167,26.78,1009.83,51.08,75,38,28,7.8
Sugarcane,1997,Whole Year ,Gujarat,165000.0,11832000,15703050.0,51150.0,72.99533333,26.78,1009.83,51.08,75,38,28,7.8
Cotton(lint),1997,Whole Year ,Maharashtra,31292.0,1753100,2978059.64,9700.52,95.99391304,26.37,2053.66,68.68,75,43,26,7.1
Maize,1997,Autumn     ,Maharashtra,21.0,19695,1998.57,6.51,989.87,26.37,2053.66,68.68,75,43,26,7.1
Rice,1997,Kharif     ,Maharashtra,1339000.0,2330000,127432630.0,415090.0,8.778275862,26.37,2053.66,68.68,75,43,26,7.1
Sugarcane,1997,Whole Year ,Mizoram,1252.0,7488,119152.84,388.12,5.8,22.66,1730.69,73.06,54,15,34,5.7
Tapioca,1997,Whole Year ,Mizoram,478.0,6956,45491.26,148.18,9.34,22.66,1730.69,73.06,54,15,34,5.7
Sugarcane,1997,Whole Year ,Punjab,126000.0,7150000,11991420.0,39060.0,58.046875,23.39,942.38,46.2,150,50,40,8.0
Onion,1997,Kharif     ,Uttar Pradesh,20151.0,209189,1917770.67,6246.81,10.23036364,26.03,711.1,45.12,120,45,35,7.6
Potato,1997,Whole Year ,Uttar Pradesh,400234.0,5869975,38090269.78,124072.54,13.6445,26.03,711.1,45.12,120,45,35,7.6
Sugarcane,1997,Kharif     ,Uttar Pradesh,6719.0,379133,639447.23,2082.89,56.43,26.03,711.1,45.12,120,45,35,7.6
Sugarcane,1997,Whole Year ,Uttar Pradesh,1985223.0,121066703,188933672.9,615419.13,53.15815789,26.03,711.1,45.12,120,45,35,7.6
Mesta,1998,Kharif     ,Andhra Pradesh,69600.0,541300,6876480.0,20184.0,7.7425,28.21,1100.41,71.95,78,45,22,6.8
Sugarcane,1998,Whole Year ,Andhra Pradesh,213700.0,16501700,21113560.0,61973.0,81.223,28.21,1100.41,71.95,78,45,22,6.8
Banana,1998,Whole Year ,Bihar,17743.0,323667,1753008.4,5145.47,17.85958333,26.1,1017.81,58.59,85,30,25,7.2
Mesta,1998,Kharif     ,Bihar,19457.0,121098,1922351.6,5642.53,6.356896552,26.1,1017.81,58.59,85,30,25,7.2
Onion,1998,Whole Year ,Bihar,20408.0,192991,2016310.4,5918.32,9.368181818,26.1,1017.81,58.59,85,30,25,7.2
Potato,1998,Whole Year ,Bihar,178428.0,1721987,17628686.4,51744.12,9.751454545,26.1,1017.81,58.59,85,30,25,7.2
Sugarcane,1998,Whole Year ,Bihar,106935.0,5101066,10565178.0,31011.15,39.29543478,26.1,1017.81,58.59,85,30,25,7.2
Sweet potato,1998,Whole Year ,Bihar,17925.0,193770,1770990.0,5198.25,11.04475,26.1,1017.81,58.59,85,30,25,7.2
Banana,1998,Whole Year ,Gujarat,18400.0,1204800,1817920.0,5336.0,63.259,27.88,758.93,47.48,75,38,28,7.8
Garlic,1998,Whole Year ,Gujarat,28300.0,198500,2796040.0,8207.0,6.504,27.88,758.93,47.48,75,38,28,7.8
Onion,1998,Whole Year ,Gujarat,52200.0,1462100,5157360.0,15138.0,30.61888889,27.88,758.93,47.48,75,38,28,7.8
Potato,1998,Whole Year ,Gujarat,31600.0,712900,3122080.0,9164.0,22.369,27.88,758.93,47.48,75,38,28,7.8
Sugarcane,1998,Whole Year ,Gujarat,196300.0,13565000,19394440.0,56927.0,70.090625,27.88,758.93,47.48,75,38,28,7.8
Onion,1998,Whole Year ,Haryana,4707.0,59700,465051.6,1365.03,13.94882353,24.04,986.16,46.65,130,48,35,7.9
Potato,1998,Whole Year ,Haryana,13467.0,212700,1330539.6,3905.43,14.64631579,24.04,986.16,46.65,130,48,35,7.9
Sugarcane,1998,Whole Year ,Haryana,128074.0,7010000,12653711.2,37141.46,51.58421053,24.04,986.16,46.65,130,48,35,7.9
Sweet potato,1998,Whole Year ,Haryana,88.0,1500,8694.4,25.52,14.696,24.04,986.16,46.65,130,48,35,7.9
Potato,1998,Kharif     ,Himachal Pradesh,10580.0,124547,1045304.0,3068.2,11.007,21.24,962.76,47.03,60,20,40,6.0
Potato,1998,Rabi       ,Himachal Pradesh,3251.0,28756,321198.8,942.79,10.772,21.24,962.76,47.03,60,20,40,6.0
Sugarcane,1998,Whole Year ,Madhya Pradesh,72440.0,1609360,7157072.0,21007.6,17.87372881,25.01,1049.84,56.61,70,40,20,7.4
Sugarcane,1998,Kharif     ,Maharashtra,529800.0,47151100,52344240.0,153642.0,84.55434783,26.75,2133.35,69.3,75,43,26,7.1
Sugarcane,1998,Whole Year ,Punjab,103000.0,6130000,10176400.0,29870.0,60.698,24.04,986.16,46.65,150,50,40,8.0
Banana,1998,Whole Year ,Tamil Nadu,74681.0,3649318,7378482.8,21657.49,44.85214286,28.32,1115.79,72.23,80,38,30,6.6
Garlic,1998,Whole Year ,Tamil Nadu,2015.0,10629,199082.0,584.35,5.474285714,28.32,1115.79,72.23,80,38,30,6.6
Ginger,1998,Kharif     ,Tamil Nadu,600.0,19006,59280.0,174.0,31.69166667,28.32,1115.79,72.23,80,38,30,6.6
Onion,1998,Whole Year ,Tamil Nadu,37185.0,289717,3673878.0,10783.65,7.577727273,28.32,1115.79,72.23,80,38,30,6.6
Potato,1998,Whole Year ,Tamil Nadu,2864.0,47513,282963.2,830.56,19.0875,28.32,1115.79,72.23,80,38,30,6.6
Sugarcane,1998,Whole Year ,Tamil Nadu,347910.0,46672800,34373508.0,100893.9,136.0751852,28.32,1115.79,72.23,80,38,30,6.6
Sweet potato,1998,Whole Year ,Tamil Nadu,718.0,12462,70938.4,208.22,17.78736842,28.32,1115.79,72.23,80,38,30,6.6
Tapioca,1998,Whole Year ,Tamil Nadu,78346.0,2909934,7740584.8,22720.34,37.1056,28.32,1115.79,72.23,80,38,30,6.6
Turmeric,1998,Whole Year ,Tamil Nadu,21657.0,126569,2139711.6,6280.53,6.06,28.32,1115.79,72.23,80,38,30,6.6
Jute,1998,Kharif     ,Tripura,1260.0,10000,124488.0,365.4,7.8975,25.37,1919.99,73.93,62,20,35,5.9
Mesta,1998,Kharif     ,Tripura,2175.0,15250,214890.0,630.75,7.255,25.37,1919.99,73.93,62,20,35,5.9
Sugarcane,1998,Whole Year ,Tripura,1080.0,51300,106704.0,313.2,48.21,25.37,1919.99,73.93,62,20,35,5.9
Onion,1998,Whole Year ,Uttar Pradesh,24949.0,302996,2464961.2,7235.21,12.188125,25.83,962.01,51.68,120,45,35,7.6
Potato,1998,Whole Year ,Uttar Pradesh,429231.0,9793745,42408022.8,124476.99,21.38225,25.83,962.01,51.68,120,45,35,7.6
Sugarcane,1998,Whole Year ,Uttar Pradesh,1974642.0,116483396,195094629.6,572646.18,51.80960526,25.83,962.01,51.68,120,45,35,7.6
Tobacco,1998,Whole Year ,Uttar Pradesh,18679.0,123903,1845485.2,5416.91,6.295531915,25.83,962.01,51.68,120,45,35,7.6
Banana,1999,Whole Year ,Bihar,15386.0,207607,1632916.18,4154.22,12.55909091,26.37,887.84,51.93,85,30,25,7.2
Jute,1999,Kharif     ,Bihar,149123.0,1098574,15826423.99,40263.21,7.803888889,26.37,887.84,51.93,85,30,25,7.2
Mesta,1999,Kharif     ,Bihar,26199.0,177851,2780499.87,7073.73,6.502083333,26.37,887.84,51.93,85,30,25,7.2
Onion,1999,Whole Year ,Bihar,17783.0,196037,1887309.79,4801.41,11.98918919,26.37,887.84,51.93,85,30,25,7.2
Potato,1999,Whole Year ,Bihar,144461.0,1381179,15331645.93,39004.47,9.737297297,26.37,887.84,51.93,85,30,25,7.2
Sugarcane,1999,Whole Year ,Bihar,97198.0,4088505,10315623.74,26243.46,36.62083333,26.37,887.84,51.93,85,30,25,7.2
Sweet potato,1999,Whole Year ,Bihar,5804.0,79132,615978.52,1567.08,13.63172414,26.37,887.84,51.93,85,30,25,7.2
Banana,1999,Whole Year ,Gujarat,16700.0,1043400,1772371.0,4509.0,61.247,28.45,440.13,40.06,75,38,28,7.8
Onion,1999,Whole Year ,Gujarat,19900.0,450700,2111987.0,5373.0,24.14705882,28.45,440.13,40.06,75,38,28,7.8
Potato,1999,Whole Year ,Gujarat,31300.0,687900,3321869.0,8451.0,20.62111111,28.45,440.13,40.06,75,38,28,7.8
Sugarcane,1999,Whole Year ,Gujarat,201400.0,14065000,21374582.0,54378.0,73.26,28.45,440.13,40.06,75,38,28,7.8
Onion,1999,Whole Year ,Haryana,2669.0,36800,283260.97,720.63,12.858,25.49,537.97,34.47,130,48,35,7.9
Potato,1999,Whole Year ,Haryana,12659.0,199800,1343499.67,3417.93,21.46470588,25.49,537.97,34.47,130,48,35,7.9
Sugarcane,1999,Whole Year ,Haryana,136696.0,7640000,14507546.48,36907.92,44.50210526,25.49,537.97,34.47,130,48,35,7.9
Potato,1999,Whole Year ,Himachal Pradesh,627.0,5395,66543.51,169.29,5.58,22.3,572.46,36.63,60,20,40,6.0
Sugarcane,1999,Whole Year ,Himachal Pradesh,3005.0,15470,318920.65,811.35,5.206666667,22.3,572.46,36.63,60,20,40,6.0
Banana,1999,Whole Year ,Karnataka,29043.0,671891,3082333.59,7841.61,23.41576923,22.94,856.67,69.63,72,42,25,6.9
Coconut ,1999,Whole Year ,Karnataka,321158.0,1671774000,34084498.54,86712.66,4680.495926,22.94,856.67,69.63,72,42,25,6.9
Ginger,1999,Kharif     ,Karnataka,7461.0,98354,791835.93,2014.47,12.85294118,22.94,856.67,69.63,72,42,25,6.9
Onion,1999,Whole Year ,Karnataka,124478.0,792305,13210850.14,33609.06,8.5684,22.94,856.67,69.63,72,42,25,6.9
Potato,1999,Whole Year ,Karnataka,27990.0,412775,2970578.7,7557.3,17.287,22.94,856.67,69.63,72,42,25,6.9
Sugarcane,1999,Whole Year ,Karnataka,371332.0,37397876,39409465.16,100259.64,102.486,22.94,856.67,69.63,72,42,25,6.9
Sweet potato,1999,Whole Year ,Karnataka,2833.0,21648,300666.29,764.91,6.267857143,22.94,856.67,69.63,72,42,25,6.9
Tapioca,1999,Whole Year ,Karnataka,948.0,7545,100611.24,255.96,9.898333333,22.94,856.67,69.63,72,42,25,6.9
Onion,1999,Whole Year ,Madhya Pradesh,28722.0,389338,3048265.86,7754.94,12.03627119,25.0,1021.78,51.04,70,40,20,7.4
Potato,1999,Whole Year ,Madhya Pradesh,67359.0,856854,7148810.67,18186.93,12.04827586,25.0,1021.78,51.04,70,40,20,7.4
Sugarcane,1999,Whole Year ,Madhya Pradesh,44930.0,1951640,4768420.9,12131.1,32.28931034,25.0,1021.78,51.04,70,40,20,7.4
Sweet potato,1999,Whole Year ,Madhya Pradesh,6591.0,40325,699502.83,1779.57,6.262241379,25.0,1021.78,51.04,70,40,20,7.4
Sugarcane,1999,Whole Year ,Maharashtra,590100.0,53140400,62627313.0,159327.0,86.55576923,26.19,1622.75,68.41,75,43,26,7.1
Potato,1999,Whole Year ,Nagaland,4130.0,44800,438316.9,1115.1,10.82857143,19.18,684.23,65.25,56,16,36,5.8
Sugarcane,1999,Whole Year ,Nagaland,600.0,30000,63678.0,162.0,50.0,19.18,684.23,65.25,56,16,36,5.8
Jute,1999,Kharif     ,Odisha,13890.0,91740,1474145.7,3750.3,5.435,26.2,1304.31,72.99,67,26,32,6.3
Onion,1999,Whole Year ,Odisha,46400.0,368350,4924432.0,12528.0,7.043,26.2,1304.31,72.99,67,26,32,6.3
Potato,1999,Whole Year ,Odisha,8740.0,91050,927576.2,2359.8,9.781851852,26.2,1304.31,72.99,67,26,32,6.3
Sugarcane,1999,Winter     ,Odisha,30970.0,1826930,3286846.1,8361.9,60.69166667,26.2,1304.31,72.99,67,26,32,6.3
Sweet potato,1999,Kharif     ,Odisha,34100.0,292450,3619033.0,9207.0,8.429642857,26.2,1304.31,72.99,67,26,32,6.3
Sweet potato,1999,Rabi       ,Odisha,9780.0,68770,1037951.4,2640.6,7.766153846,26.2,1304.31,72.99,67,26,32,6.3
Sugarcane,1999,Whole Year ,Punjab,108000.0,6770000,11462040.0,29160.0,62.67266667,25.49,537.97,34.47,150,50,40,8.0
Banana,1999,Whole Year ,Tamil Nadu,86449.0,2762324,9174832.37,23341.23,29.60071429,27.7,931.08,71.53,80,38,30,6.6
Garlic,1999,Whole Year ,Tamil Nadu,543.0,3145,57628.59,146.61,5.8,27.7,931.08,71.53,80,38,30,6.6
Ginger,1999,Kharif     ,Tamil Nadu,468.0,12354,49668.84,126.36,25.9,27.7,931.08,71.53,80,38,30,6.6
Guar seed,1999,Whole Year ,Tamil Nadu,332323.0,3514258,35269439.99,89727.21,10.65148148,27.7,931.08,71.53,80,38,30,6.6
Onion,1999,Whole Year ,Tamil Nadu,38384.0,315748,4073693.92,10363.68,8.005217391,27.7,931.08,71.53,80,38,30,6.6
Potato,1999,Whole Year ,Tamil Nadu,3803.0,72239,403612.39,1026.81,18.72,27.7,931.08,71.53,80,38,30,6.6
Sugarcane,1999,Whole Year ,Tamil Nadu,332332.0,35501817,35270395.16,89729.64,107.9448148,27.7,931.08,71.53,80,38,30,6.6
Sweet potato,1999,Whole Year ,Tamil Nadu,1860.0,22519,197401.8,502.2,12.04052632,27.7,931.08,71.53,80,38,30,6.6
Tapioca,1999,Whole Year ,Tamil Nadu,97165.0,3425515,10312121.45,26234.55,35.97692308,27.7,931.08,71.53,80,38,30,6.6
Turmeric,1999,Whole Year ,Tamil Nadu,28325.0,149977,3006132.25,7647.75,5.419130435,27.7,931.08,71.53,80,38,30,6.6
Onion,1999,Whole Year ,Uttar Pradesh,28666.0,404070,3042322.58,7739.82,14.15512195,26.85,649.86,42.16,120,45,35,7.6
Potato,1999,Whole Year ,Uttar Pradesh,441656.0,9952976,46872951.28,119247.12,21.67878049,26.85,649.86,42.16,120,45,35,7.6
Sugarcane,1999,Whole Year ,Uttar Pradesh,2011024.0,115418883,213429977.1,542976.48,52.28773333,26.85,649.86,42.16,120,45,35,7.6
Tobacco,1999,Whole Year ,Uttar Pradesh,19468.0,133250,2066138.84,5256.36,6.125365854,26.85,649.86,42.16,120,45,35,7.6
Banana,2000,Whole Year ,Bihar,16186.0,339988,1588979.62,4208.36,17.94875,26.02,1005.78,51.8,85,30,25,7.2
Jute,2000,Kharif     ,Bihar,135296.0,1083701,13282008.32,35176.96,8.147692308,26.02,1005.78,51.8,85,30,25,7.2
Mesta,2000,Kharif     ,Bihar,31906.0,246248,3132212.02,8295.56,6.971052632,26.02,1005.78,51.8,85,30,25,7.2
Onion,2000,Whole Year ,Bihar,13788.0,140786,1353567.96,3584.88,10.16783784,26.02,1005.78,51.8,85,30,25,7.2
Potato,2000,Whole Year ,Bihar,144563.0,1400358,14191749.71,37586.38,9.984594595,26.02,1005.78,51.8,85,30,25,7.2
Sugarcane,2000,Whole Year ,Bihar,93529.0,3985577,9181741.93,24317.54,37.13647059,26.02,1005.78,51.8,85,30,25,7.2
Sweet potato,2000,Whole Year ,Bihar,5009.0,60707,491733.53,1302.34,12.08833333,26.02,1005.78,51.8,85,30,25,7.2
Bajra,2000,Whole Year ,Chhattisgarh,201.0,8187,19732.17,52.26,38.278,26.38,867.47,51.2,70,35,20,6.5
Onion,2000,Whole Year ,Chhattisgarh,3362.0,26533,330047.54,874.12,7.798,26.38,867.47,51.2,70,35,20,6.5
Potato,2000,Whole Year ,Chhattisgarh,9092.0,66090,892561.64,2363.92,7.36625,26.38,867.47,51.2,70,35,20,6.5
Sweet potato,2000,Whole Year ,Chhattisgarh,2870.0,16869,281747.9,746.2,5.77875,26.38,867.47,51.2,70,35,20,6.5
Banana,2000,Whole Year ,Gujarat,22800.0,1277100,2238276.0,5928.0,53.03111111,28.31,549.8,38.9,75,38,28,7.8
Onion,2000,Whole Year ,Gujarat,6400.0,130400,628288.0,1664.0,19.14875,28.31,549.8,38.9,75,38,28,7.8
Potato,2000,Whole Year ,Gujarat,32800.0,716100,3219976.0,8528.0,21.33555556,28.31,549.8,38.9,75,38,28,7.8
Sugarcane,2000,Whole Year ,Gujarat,177700.0,12689000,17444809.0,46202.0,67.18071429,28.31,549.8,38.9,75,38,28,7.8
Garlic,2000,Whole Year ,Haryana,286.0,2300,28076.62,74.36,5.085555556,24.65,829.38,38.13,130,48,35,7.9
Onion,2000,Whole Year ,Haryana,3419.0,44300,335643.23,888.94,14.924,24.65,829.38,38.13,130,48,35,7.9
Potato,2000,Whole Year ,Haryana,9273.0,141200,910330.41,2410.98,15.6075,24.65,829.38,38.13,130,48,35,7.9
Sugarcane,2000,Whole Year ,Haryana,143030.0,8170000,14041255.1,37187.8,49.43,24.65,829.38,38.13,130,48,35,7.9
Sweet potato,2000,Whole Year ,Haryana,120.0,2500,11780.4,31.2,19.48,24.65,829.38,38.13,130,48,35,7.9
Onion,2000,Whole Year ,Madhya Pradesh,19327.0,272665,1897331.59,5025.02,13.27177778,25.33,867.75,42.57,70,40,20,7.4
Sugarcane,2000,Whole Year ,Madhya Pradesh,74733.0,1656840,7336538.61,19430.58,17.88844444,25.33,867.75,42.57,70,40,20,7.4
Sugarcane,2000,Whole Year ,Maharashtra,595300.0,49568700,58440601.0,154778.0,77.65407407,26.28,1944.66,66.88,75,43,26,7.1
Potato,2000,Whole Year ,Mizoram,310.0,2429,30432.7,80.6,5.805,22.64,1561.26,75.76,54,15,34,5.7
Sugarcane,2000,Whole Year ,Mizoram,952.0,6361,93457.84,247.52,8.705,22.64,1561.26,75.76,54,15,34,5.7
Potato,2000,Whole Year ,Nagaland,4540.0,47890,445691.8,1180.4,10.32375,18.4,688.55,67.37,56,16,36,5.8
Sugarcane,2000,Whole Year ,Nagaland,700.0,35000,68719.0,182.0,39.93666667,18.4,688.55,67.37,56,16,36,5.8
Jute,2000,Kharif     ,Odisha,13850.0,106680,1359654.5,3601.0,5.8825,26.35,1100.2,71.21,67,26,32,6.3
Onion,2000,Whole Year ,Odisha,27400.0,229420,2689858.0,7124.0,7.385666667,26.35,1100.2,71.21,67,26,32,6.3
Potato,2000,Whole Year ,Odisha,8251.0,85872,810000.67,2145.26,9.321071429,26.35,1100.2,71.21,67,26,32,6.3
Sugarcane,2000,Whole Year ,Odisha,16775.0,963917,1646801.75,4361.5,51.06793103,26.35,1100.2,71.21,67,26,32,6.3
Sweet potato,2000,Whole Year ,Odisha,37670.0,272050,3698063.9,9794.2,7.797666667,26.35,1100.2,71.21,67,26,32,6.3
Sugarcane,2000,Whole Year ,Punjab,121000.0,7770000,11878570.0,31460.0,65.445625,24.65,829.38,38.13,150,50,40,8.0
Banana,2000,Whole Year ,Tamil Nadu,77485.0,2473512,7606702.45,20146.1,29.60107143,27.82,1035.18,72.05,80,38,30,6.6
Garlic,2000,Whole Year ,Tamil Nadu,601.0,3516,59000.17,156.26,5.74,27.82,1035.18,72.05,80,38,30,6.6
Ginger,2000,Kharif     ,Tamil Nadu,95.0,2515,9326.15,24.7,26.405,27.82,1035.18,72.05,80,38,30,6.6
Onion,2000,Whole Year ,Tamil Nadu,29822.0,265887,2927625.74,7753.72,8.016666667,27.82,1035.18,72.05,80,38,30,6.6
Potato,2000,Whole Year ,Tamil Nadu,2723.0,49126,267316.91,707.98,18.08,27.82,1035.18,72.05,80,38,30,6.6
Sugarcane,2000,Whole Year ,Tamil Nadu,317473.0,34062855,31166324.41,82542.98,108.0914815,27.82,1035.18,72.05,80,38,30,6.6
Sweet potato,2000,Whole Year ,Tamil Nadu,916.0,10581,89923.72,238.16,11.92647059,27.82,1035.18,72.05,80,38,30,6.6
Tapioca,2000,Whole Year ,Tamil Nadu,109681.0,4017008,10767383.77,28517.06,36.006,27.82,1035.18,72.05,80,38,30,6.6
Turmeric,2000,Whole Year ,Tamil Nadu,28675.0,149252,2815024.75,7455.5,5.306086957,27.82,1035.18,72.05,80,38,30,6.6
Potato,2000,Whole Year ,Uttar Pradesh,394083.0,8398200,38687128.11,102461.58,19.7573913,25.93,976.03,45.55,120,45,35,7.6
Sugarcane,2000,Whole Year ,Uttar Pradesh,1938366.0,106067503,190289390.2,503975.16,50.03478261,25.93,976.03,45.55,120,45,35,7.6
Garlic,2000,Whole Year ,Uttarakhand,2062.0,16274,202426.54,536.12,5.604761905,18.34,706.41,44.93,80,24,38,6.4
Onion,2000,Whole Year ,Uttarakhand,1781.0,11027,174840.77,463.06,7.395384615,18.34,706.41,44.93,80,24,38,6.4
Potato,2000,Kharif     ,Uttarakhand,6286.0,138309,617096.62,1634.36,21.66555556,18.34,706.41,44.93,80,24,38,6.4
Potato,2000,Rabi       ,Uttarakhand,6473.0,148125,635454.41,1682.98,21.60538462,18.34,706.41,44.93,80,24,38,6.4
Sugarcane,2000,Whole Year ,Uttarakhand,116478.0,6831440,11434645.26,30284.28,58.175,18.34,706.41,44.93,80,24,38,6.4
Tobacco,2000,Whole Year ,Uttarakhand,102.0,713,10013.34,26.52,7.142,18.34,706.41,44.93,80,24,38,6.4
Banana,2001,Whole Year ,Bihar,16263.0,355042,1660940.19,4228.38,21.29136364,25.95,1096.14,55.07,85,30,25,7.2
Jute,2001,Kharif     ,Bihar,142635.0,953203,14567312.55,37085.1,6.347777778,25.95,1096.14,55.07,85,30,25,7.2
Mesta,2001,Kharif     ,Bihar,15374.0,99904,1570146.62,3997.24,5.899,25.95,1096.14,55.07,85,30,25,7.2
Onion,2001,Whole Year ,Bihar,14083.0,134445,1438296.79,3661.58,10.47351351,25.95,1096.14,55.07,85,30,25,7.2
Potato,2001,Whole Year ,Bihar,140783.0,1432119,14378167.79,36603.58,10.54486486,25.95,1096.14,55.07,85,30,25,7.2
Sugarcane,2001,Whole Year ,Bihar,120754.0,5818262,12332606.02,31396.04,44.32352941,25.95,1096.14,55.07,85,30,25,7.2
Sweet potato,2001,Whole Year ,Bihar,4981.0,56979,508709.53,1295.06,11.255,25.95,1096.14,55.07,85,30,25,7.2
Bajra,2001,Whole Year ,Chhattisgarh,282.0,11012,28800.66,73.32,37.904,26.22,1214.25,57.24,70,35,20,6.5
Onion,2001,Whole Year ,Chhattisgarh,3836.0,33857,391770.68,997.36,8.872,26.22,1214.25,57.24,70,35,20,6.5
Potato,2001,Whole Year ,Chhattisgarh,9315.0,64152,951340.95,2421.9,6.849375,26.22,1214.25,57.24,70,35,20,6.5
Sweet potato,2001,Whole Year ,Chhattisgarh,2402.0,14001,245316.26,624.52,5.834375,26.22,1214.25,57.24,70,35,20,6.5
Banana,2001,Whole Year ,Gujarat,24400.0,1473800,2491972.0,6344.0,61.91875,28.07,479.49,39.96,75,38,28,7.8
Garlic,2001,Whole Year ,Gujarat,9300.0,57200,949809.0,2418.0,5.978333333,28.07,479.49,39.96,75,38,28,7.8
Onion,2001,Whole Year ,Gujarat,24200.0,638700,2471546.0,6292.0,29.52625,28.07,479.49,39.96,75,38,28,7.8
Potato,2001,Whole Year ,Gujarat,32300.0,802000,3298799.0,8398.0,22.995,28.07,479.49,39.96,75,38,28,7.8
Sugarcane,2001,Whole Year ,Gujarat,175800.0,12458000,17954454.0,45708.0,62.97384615,28.07,479.49,39.96,75,38,28,7.8
Garlic,2001,Whole Year ,Haryana,349.0,2800,35643.37,90.74,5.467142857,24.52,886.36,40.39,130,48,35,7.9
Onion,2001,Whole Year ,Haryana,3554.0,46600,362970.02,924.04,13.56916667,24.52,886.36,40.39,130,48,35,7.9
Potato,2001,Whole Year ,Haryana,9616.0,203100,982082.08,2500.16,19.08055556,24.52,886.36,40.39,130,48,35,7.9
Sugarcane,2001,Whole Year ,Haryana,161184.0,9270000,16461721.92,41907.84,47.62210526,24.52,886.36,40.39,130,48,35,7.9
Ginger,2001,Kharif     ,Himachal Pradesh,2609.0,29012,266457.17,678.34,10.94888889,21.39,919.92,42.75,60,20,40,6.0
Onion,2001,Whole Year ,Himachal Pradesh,1112.0,11045,113568.56,289.12,8.397777778,21.39,919.92,42.75,60,20,40,6.0
Potato,2001,Whole Year ,Himachal Pradesh,8480.0,75614,866062.4,2204.8,8.677272727,21.39,919.92,42.75,60,20,40,6.0
Banana,2001,Whole Year ,Madhya Pradesh,18145.0,564818,1853148.85,4717.7,26.1695,25.13,980.81,48.39,70,40,20,7.4
Onion,2001,Whole Year ,Madhya Pradesh,23057.0,324596,2354811.41,5994.82,13.41155556,25.13,980.81,48.39,70,40,20,7.4
Potato,2001,Whole Year ,Madhya Pradesh,38387.0,507092,3920464.31,9980.62,13.38955556,25.13,980.81,48.39,70,40,20,7.4
Sugarcane,2001,Whole Year ,Madhya Pradesh,41427.0,1612840,4230939.51,10771.02,30.92022222,25.13,980.81,48.39,70,40,20,7.4
Sweet potato,2001,Whole Year ,Madhya Pradesh,3707.0,21068,378595.91,963.82,5.656818182,25.13,980.81,48.39,70,40,20,7.4
Sugarcane,2001,Whole Year ,Maharashtra,578200.0,45139800,59051566.0,150332.0,69.57740741,26.51,1875.04,67.48,75,43,26,7.1
Sugarcane,2001,Whole Year ,Mizoram,1379.0,9359,140837.27,358.54,8.115,22.95,1562.48,74.08,54,15,34,5.7
Tapioca,2001,Whole Year ,Mizoram,307.0,1479,31353.91,79.82,5.7375,22.95,1562.48,74.08,54,15,34,5.7
Potato,2001,Whole Year ,Nagaland,3550.0,42420,362561.5,923.0,12.14875,19.14,537.09,64.46,56,16,36,5.8
Sugarcane,2001,Whole Year ,Nagaland,1000.0,48000,102130.0,260.0,43.005,19.14,537.09,64.46,56,16,36,5.8
Jute,2001,Kharif     ,Odisha,4612.0,37776,471023.56,1199.12,8.092222222,26.48,1946.22,72.62,67,26,32,6.3
Onion,2001,Whole Year ,Odisha,19410.0,173430,1982343.3,5046.6,8.714333333,26.48,1946.22,72.62,67,26,32,6.3
Potato,2001,Whole Year ,Odisha,7580.0,78049,774145.4,1970.8,9.565714286,26.48,1946.22,72.62,67,26,32,6.3
Sugarcane,2001,Whole Year ,Odisha,10988.0,644007,1122204.44,2856.88,52.85172414,26.48,1946.22,72.62,67,26,32,6.3
Sweet potato,2001,Whole Year ,Odisha,38480.0,312850,3929962.4,10004.8,8.193666667,26.48,1946.22,72.62,67,26,32,6.3
Sugarcane,2001,Whole Year ,Punjab,142000.0,9250000,14502460.0,36920.0,67.87176471,24.52,886.36,40.39,150,50,40,8.0
Sugarcane,2001,Whole Year ,Tamil Nadu,321173.0,32614900,32801398.49,83504.98,102.0107407,28.16,1253.37,70.91,80,38,30,6.6
Potato,2001,Whole Year ,Uttar Pradesh,388552.0,9582545,39682815.76,101023.52,23.1684058,26.23,797.83,45.41,120,45,35,7.6
Sugarcane,2001,Whole Year ,Uttar Pradesh,2034883.0,117981573,207822600.8,529069.58,52.52608696,26.23,797.83,45.41,120,45,35,7.6
Tobacco,2001,Whole Year ,Uttar Pradesh,19772.0,134679,2019314.36,5140.72,6.335925926,26.23,797.83,45.41,120,45,35,7.6
Garlic,2001,Whole Year ,Uttarakhand,2063.0,16832,210694.19,536.38,5.50952381,17.87,1283.71,50.63,80,24,38,6.4
Onion,2001,Whole Year ,Uttarakhand,1642.0,8089,167697.46,426.92,6.451538462,17.87,1283.71,50.63,80,24,38,6.4
Potato,2001,Kharif     ,Uttarakhand,7761.0,155501,792630.93,2017.86,19.90111111,17.87,1283.71,50.63,80,24,38,6.4
Potato,2001,Rabi       ,Uttarakhand,5739.0,121724,586124.07,1492.14,20.00692308,17.87,1283.71,50.63,80,24,38,6.4
Sugarcane,2001,Whole Year ,Uttarakhand,118637.0,6958951,12116396.81,30845.62,58.175,17.87,1283.71,50.63,80,24,38,6.4
Tobacco,2001,Whole Year ,Uttarakhand,126.0,907,12868.38,32.76,7.226666667,17.87,1283.71,50.63,80,24,38,6.4
Banana,2002,Whole Year ,Bihar,17307.0,340338,1638453.69,4326.75,22.17956522,26.3,893.82,54.2,85,30,25,7.2
Jute,2002,Kharif     ,Bihar,147796.0,973546,13991847.32,36949.0,6.593076923,26.3,893.82,54.2,85,30,25,7.2
Mesta,2002,Kharif     ,Bihar,20026.0,120281,1895861.42,5006.5,5.776190476,26.3,893.82,54.2,85,30,25,7.2
Onion,2002,Whole Year ,Bihar,13589.0,116759,1286470.63,3397.25,8.524054054,26.3,893.82,54.2,85,30,25,7.2
Potato,2002,Whole Year ,Bihar,147819.0,1476602,13994024.73,36954.75,10.27135135,26.3,893.82,54.2,85,30,25,7.2
Sugarcane,2002,Whole Year ,Bihar,107270.0,4520510,10155250.9,26817.5,39.25787879,26.3,893.82,54.2,85,30,25,7.2
Sweet potato,2002,Whole Year ,Bihar,5000.0,66772,473350.0,1250.0,12.524,26.3,893.82,54.2,85,30,25,7.2
Bajra,2002,Whole Year ,Chhattisgarh,256.0,10088,24235.52,64.0,37.202,26.85,804.92,52.95,70,35,20,6.5
Onion,2002,Whole Year ,Chhattisgarh,4145.0,34830,392407.15,1036.25,8.068,26.85,804.92,52.95,70,35,20,6.5
Potato,2002,Whole Year ,Chhattisgarh,9564.0,61104,905423.88,2391.0,6.6325,26.85,804.92,52.95,70,35,20,6.5
Sweet potato,2002,Whole Year ,Chhattisgarh,2585.0,14824,244721.95,646.25,5.37,26.85,804.92,52.95,70,35,20,6.5
Garlic,2002,Whole Year ,Gujarat,8500.0,46200,804695.0,2125.0,5.413076923,28.63,366.66,37.53,75,38,28,7.8
Onion,2002,Whole Year ,Gujarat,25000.0,715400,2366750.0,6250.0,28.60875,28.63,366.66,37.53,75,38,28,7.8
Potato,2002,Whole Year ,Gujarat,35800.0,779700,3389186.0,8950.0,20.24333333,28.63,366.66,37.53,75,38,28,7.8
Sugarcane,2002,Whole Year ,Gujarat,202900.0,14069000,19208543.0,50725.0,67.23714286,28.63,366.66,37.53,75,38,28,7.8
Onion,2002,Whole Year ,Haryana,1609.0,36000,152324.03,402.25,19.29692308,25.39,688.83,37.91,130,48,35,7.9
Potato,2002,Whole Year ,Haryana,10328.0,291900,977751.76,2582.0,33.775,25.39,688.83,37.91,130,48,35,7.9
Sugarcane,2002,Whole Year ,Haryana,189010.0,10650000,17893576.7,47252.5,48.52888889,25.39,688.83,37.91,130,48,35,7.9
Sweet potato,2002,Whole Year ,Haryana,47.0,900,4449.49,11.75,13.98166667,25.39,688.83,37.91,130,48,35,7.9
Ginger,2002,Kharif     ,Himachal Pradesh,2455.0,17051,232414.85,613.75,6.73,22.21,721.57,39.96,60,20,40,6.0
Onion,2002,Whole Year ,Himachal Pradesh,807.0,4541,76398.69,201.75,5.328,22.21,721.57,39.96,60,20,40,6.0
Potato,2002,Whole Year ,Himachal Pradesh,13941.0,136033,1319794.47,3485.25,10.06,22.21,721.57,39.96,60,20,40,6.0
Banana,2002,Whole Year ,Karnataka,39813.0,681663,3769096.71,9953.25,16.96518519,23.99,668.45,65.75,72,42,25,6.9
Coconut ,2002,Whole Year ,Karnataka,375425.0,1525287000,35541484.75,93856.25,4165.087778,23.99,668.45,65.75,72,42,25,6.9
Ginger,2002,Kharif     ,Karnataka,10940.0,143795,1035689.8,2735.0,12.796,23.99,668.45,65.75,72,42,25,6.9
Onion,2002,Whole Year ,Karnataka,114975.0,535821,10884683.25,28743.75,7.0436,23.99,668.45,65.75,72,42,25,6.9
Potato,2002,Whole Year ,Karnataka,50645.0,149282,4794562.15,12661.25,5.757142857,23.99,668.45,65.75,72,42,25,6.9
Sugarcane,2002,Whole Year ,Karnataka,382719.0,32485308,36232007.73,95679.75,83.89230769,23.99,668.45,65.75,72,42,25,6.9
Sweet potato,2002,Whole Year ,Karnataka,3390.0,26917,320931.3,847.5,6.286,23.99,668.45,65.75,72,42,25,6.9
Tapioca,2002,Whole Year ,Karnataka,1078.0,8470,102054.26,269.5,9.604285714,23.99,668.45,65.75,72,42,25,6.9
Banana,2002,Whole Year ,Madhya Pradesh,16117.0,363109,1525796.39,4029.25,17.72565217,25.95,898.51,45.83,70,40,20,7.4
Onion,2002,Whole Year ,Madhya Pradesh,24620.0,344975,2330775.4,6155.0,12.75155556,25.95,898.51,45.83,70,40,20,7.4
Potato,2002,Whole Year ,Madhya Pradesh,40871.0,487836,3869257.57,10217.75,11.89644444,25.95,898.51,45.83,70,40,20,7.4
Sugarcane,2002,Whole Year ,Madhya Pradesh,39073.0,1560420,3699040.91,9768.25,28.415,25.95,898.51,45.83,70,40,20,7.4
Sweet potato,2002,Whole Year ,Madhya Pradesh,3757.0,21287,355675.19,939.25,5.559555556,25.95,898.51,45.83,70,40,20,7.4
Sugarcane,2002,Whole Year ,Maharashtra,573100.0,42617000,54255377.0,143275.0,65.24666667,27.12,1326.47,63.56,75,43,26,7.1
Banana,2002,Whole Year ,Meghalaya,5344.0,65659,505916.48,1336.0,11.42714286,17.77,2530.64,80.43,52,16,33,5.6
Ginger,2002,Kharif     ,Meghalaya,8896.0,46731,842184.32,2224.0,6.488571429,17.77,2530.64,80.43,52,16,33,5.6
Jute,2002,Kharif     ,Meghalaya,4074.0,35826,385685.58,1018.5,7.073333333,17.77,2530.64,80.43,52,16,33,5.6
Potato,2002,Whole Year ,Meghalaya,18071.0,167884,1710781.57,4517.75,7.74,17.77,2530.64,80.43,52,16,33,5.6
Tapioca,2002,Whole Year ,Meghalaya,3958.0,20950,374703.86,989.5,6.57,17.77,2530.64,80.43,52,16,33,5.6
Turmeric,2002,Whole Year ,Meghalaya,1543.0,8642,146075.81,385.75,5.442857143,17.77,2530.64,80.43,52,16,33,5.6
Sugarcane,2002,Whole Year ,Mizoram,1370.0,7443,129697.9,342.5,6.4075,23.2,1459.33,74.41,54,15,34,5.7
Tapioca,2002,Whole Year ,Mizoram,232.0,1330,21963.44,58.0,7.0675,23.2,1459.33,74.41,54,15,34,5.7
Potato,2002,Whole Year ,Nagaland,5450.0,61000,515951.5,1362.5,11.25375,18.71,838.03,67.77,56,16,36,5.8
Sugarcane,2002,Whole Year ,Nagaland,2000.0,80000,189340.0,500.0,55.63166667,18.71,838.03,67.77,56,16,36,5.8
Jute,2002,Kharif     ,Odisha,5610.0,51209,531098.7,1402.5,8.91875,26.51,1340.28,73.12,67,26,32,6.3
Onion,2002,Whole Year ,Odisha,26410.0,238790,2500234.7,6602.5,8.852666667,26.51,1340.28,73.12,67,26,32,6.3
Potato,2002,Whole Year ,Odisha,7076.0,70320,669884.92,1769.0,8.908214286,26.51,1340.28,73.12,67,26,32,6.3
Sugarcane,2002,Whole Year ,Odisha,14177.0,753194,1342136.59,3544.25,52.07642857,26.51,1340.28,73.12,67,26,32,6.3
Sweet potato,2002,Whole Year ,Odisha,46890.0,384260,4439076.3,11722.5,8.228666667,26.51,1340.28,73.12,67,26,32,6.3
Sugarcane,2002,Whole Year ,Punjab,153000.0,9110000,14484510.0,38250.0,58.85235294,25.39,688.83,37.91,150,50,40,8.0
Onion,2002,Rabi       ,Uttarakhand,8497.0,87690,804410.99,2124.25,10.32,18.57,865.58,47.21,80,24,38,6.4
Onion,2002,Summer     ,Uttarakhand,11216.0,125394,1061818.72,2804.0,11.18,18.57,865.58,47.21,80,24,38,6.4
Onion,2002,Whole Year ,Uttarakhand,1920.0,8839,181766.4,480.0,6.455384615,18.57,865.58,47.21,80,24,38,6.4
Potato,2002,Kharif     ,Uttarakhand,7741.0,154194,732840.47,1935.25,20.172,18.57,865.58,47.21,80,24,38,6.4
Potato,2002,Rabi       ,Uttarakhand,6803.0,143706,644040.01,1700.75,19.99538462,18.57,865.58,47.21,80,24,38,6.4
Sugarcane,2002,Whole Year ,Uttarakhand,122453.0,7362658,11592625.51,30613.25,58.185,18.57,865.58,47.21,80,24,38,6.4
Tobacco,2002,Whole Year ,Uttarakhand,738.0,2858,69866.46,184.5,6.703333333,18.57,865.58,47.21,80,24,38,6.4
Potato,2002,Rabi       ,Jharkhand,12269.37,91201,1161541.258,3067.3425,7.418,23.78,1140.09,58.21,68,22,30,6.1
Potato,2002,Winter     ,Jharkhand,10525.78,74589,996475.5926,2631.445,6.716666667,23.78,1140.09,58.21,68,22,30,6.1
Banana,2003,Whole Year ,Bihar,13007.0,215248,1287432.86,3121.68,19.39208333,25.85,1042.17,57.29,85,30,25,7.2
Jute,2003,Kharif     ,Bihar,154588.0,1147358,15301120.24,37101.12,8.015333333,25.85,1042.17,57.29,85,30,25,7.2
Mesta,2003,Kharif     ,Bihar,20011.0,138908,1980688.78,4802.64,6.455714286,25.85,1042.17,57.29,85,30,25,7.2
Onion,2003,Whole Year ,Bihar,14545.0,137965,1439664.1,3490.8,9.284736842,25.85,1042.17,57.29,85,30,25,7.2
Potato,2003,Whole Year ,Bihar,142013.0,1351846,14056446.74,34083.12,9.989210526,25.85,1042.17,57.29,85,30,25,7.2
Sugarcane,2003,Whole Year ,Bihar,103100.0,4285888,10204838.0,24744.0,39.12181818,25.85,1042.17,57.29,85,30,25,7.2
Sweet potato,2003,Whole Year ,Bihar,4551.0,63938,450457.98,1092.24,12.97965517,25.85,1042.17,57.29,85,30,25,7.2
Bajra,2003,Whole Year ,Chhattisgarh,283.0,11291,28011.34,67.92,38.706,26.55,1433.14,57.99,70,35,20,6.5
Onion,2003,Whole Year ,Chhattisgarh,4441.0,32548,439570.18,1065.84,7.334,26.55,1433.14,57.99,70,35,20,6.5
Potato,2003,Whole Year ,Chhattisgarh,10228.0,49238,1012367.44,2454.72,5.158125,26.55,1433.14,57.99,70,35,20,6.5
Sweet potato,2003,Whole Year ,Chhattisgarh,2665.0,15235,263781.7,639.6,5.71625,26.55,1433.14,57.99,70,35,20,6.5
Sugarcane,2003,Whole Year ,Delhi,4.0,293,395.92,0.96,73.25,25.09,1026.54,48.93,90,40,30,7.5
Banana,2003,Whole Year ,Gujarat,28200.0,2027400,2791236.0,6768.0,65.116,27.32,891.79,48.96,75,38,28,7.8
Garlic,2003,Whole Year ,Gujarat,27100.0,189800,2682358.0,6504.0,6.95,27.32,891.79,48.96,75,38,28,7.8
Onion,2003,Whole Year ,Gujarat,49100.0,1474600,4859918.0,11784.0,31.65611111,27.32,891.79,48.96,75,38,28,7.8
Potato,2003,Whole Year ,Gujarat,31000.0,738300,3068380.0,7440.0,22.146,27.32,891.79,48.96,75,38,28,7.8
Sugarcane,2003,Whole Year ,Gujarat,176200.0,12669000,17440276.0,42288.0,71.59666667,27.32,891.79,48.96,75,38,28,7.8
Onion,2003,Whole Year ,Haryana,3319.0,80700,328514.62,796.56,21.084,24.13,1037.84,46.02,130,48,35,7.9
Potato,2003,Whole Year ,Haryana,10521.0,256900,1041368.58,2525.04,22.60571429,24.13,1037.84,46.02,130,48,35,7.9
Sugarcane,2003,Whole Year ,Haryana,160257.0,9280000,15862237.86,38461.68,50.10277778,24.13,1037.84,46.02,130,48,35,7.9
Sweet potato,2003,Whole Year ,Haryana,77.0,1600,7621.46,18.48,16.482,24.13,1037.84,46.02,130,48,35,7.9
Onion,2003,Whole Year ,Jharkhand,1137.98,9198,112637.2604,273.1152,9.12,23.41,1429.22,62.42,68,22,30,6.1
Potato,2003,Rabi       ,Jharkhand,9350.04,73414,925466.9592,2244.0096,6.98625,23.41,1429.22,62.42,68,22,30,6.1
Potato,2003,Winter     ,Jharkhand,13174.37,121890,1303999.143,3161.8488,8.628333333,23.41,1429.22,62.42,68,22,30,6.1
Banana,2003,Whole Year ,Madhya Pradesh,15985.0,457194,1582195.3,3836.4,17.95652174,25.1,1241.22,54.75,70,40,20,7.4
Onion,2003,Whole Year ,Madhya Pradesh,30958.0,416137,3064222.84,7429.92,12.86875,25.1,1241.22,54.75,70,40,20,7.4
Potato,2003,Whole Year ,Madhya Pradesh,46546.0,667656,4607123.08,11171.04,13.33404255,25.1,1241.22,54.75,70,40,20,7.4
Sugarcane,2003,Whole Year ,Madhya Pradesh,43141.0,1870120,4270096.18,10353.84,31.46604167,25.1,1241.22,54.75,70,40,20,7.4
Sweet potato,2003,Whole Year ,Madhya Pradesh,3821.0,21742,378202.58,917.04,5.932173913,25.1,1241.22,54.75,70,40,20,7.4
Banana,2003,Whole Year ,Maharashtra,57700.0,3634720,5711146.0,13848.0,57.56857143,27.08,1970.27,66.29,75,43,26,7.1
Onion,2003,Whole Year ,Maharashtra,133622.0,1663240,13225905.56,32069.28,12.44846154,27.08,1970.27,66.29,75,43,26,7.1
Sugarcane,2003,Whole Year ,Maharashtra,442500.0,25668400,43798650.0,106200.0,56.65814815,27.08,1970.27,66.29,75,43,26,7.1
Banana,2003,Whole Year ,Manipur,1950.0,15308,193011.0,468.0,7.851111111,20.58,1111.03,71.54,58,17,37,5.9
Sugarcane,2003,Whole Year ,Manipur,330.0,10780,32663.4,79.2,32.71,20.58,1111.03,71.54,58,17,37,5.9
Sweet potato,2003,Whole Year ,Manipur,102.0,673,10095.96,24.48,6.59,20.58,1111.03,71.54,58,17,37,5.9
Tapioca,2003,Whole Year ,Manipur,243.0,1360,24052.14,58.32,5.593333333,20.58,1111.03,71.54,58,17,37,5.9
Sugarcane,2003,Whole Year ,Mizoram,1393.0,36174,137879.14,334.32,25.87,23.24,1231.02,73.52,54,15,34,5.7
Tapioca,2003,Whole Year ,Mizoram,139.0,690,13758.22,33.36,7.7075,23.24,1231.02,73.52,54,15,34,5.7
Jute,2003,Kharif     ,Nagaland,2000.0,11000,197960.0,480.0,6.7575,18.65,780.96,69.8,56,16,36,5.8
Potato,2003,Whole Year ,Nagaland,5110.0,43540,505787.8,1226.4,8.2975,18.65,780.96,69.8,56,16,36,5.8
Sugarcane,2003,Whole Year ,Nagaland,2800.0,128890,277144.0,672.0,37.28166667,18.65,780.96,69.8,56,16,36,5.8
Jute,2003,Kharif     ,Odisha,2590.0,18148,256358.2,621.6,7.076666667,26.57,1857.72,73.53,67,26,32,6.3
Onion,2003,Whole Year ,Odisha,26550.0,240340,2627919.0,6372.0,8.845666667,26.57,1857.72,73.53,67,26,32,6.3
Potato,2003,Whole Year ,Odisha,7303.0,75823,722850.94,1752.72,9.688965517,26.57,1857.72,73.53,67,26,32,6.3
Sugarcane,2003,Whole Year ,Odisha,14565.0,858096,1441643.7,3495.6,54.54655172,26.57,1857.72,73.53,67,26,32,6.3
Sweet potato,2003,Whole Year ,Odisha,47030.0,393560,4655029.4,11287.2,8.454333333,26.57,1857.72,73.53,67,26,32,6.3
Sugarcane,2003,Whole Year ,Punjab,123000.0,6620000,12174540.0,29520.0,54.72,24.13,1037.84,46.02,150,50,40,8.0
Onion,2003,Rabi       ,Uttar Pradesh,8781.0,126033,869143.38,2107.44,14.35414286,25.86,803.3,50.49,120,45,35,7.6
Onion,2003,Summer     ,Uttar Pradesh,11390.0,112405,1127382.2,2733.6,9.894202899,25.86,803.3,50.49,120,45,35,7.6
Potato,2003,Whole Year ,Uttar Pradesh,441796.0,9540059,43728968.08,106031.04,19.60414286,25.86,803.3,50.49,120,45,35,7.6
Sugarcane,2003,Whole Year ,Uttar Pradesh,2110126.0,117566725,208860271.5,506430.24,48.92214286,25.86,803.3,50.49,120,45,35,7.6
Tobacco,2003,Whole Year ,Uttar Pradesh,23384.0,155821,2314548.32,5612.16,6.369090909,25.86,803.3,50.49,120,45,35,7.6
Onion,2003,Whole Year ,Uttarakhand,1719.0,19183,170146.62,412.56,11.30846154,17.95,1079.15,52.08,80,24,38,6.4
Potato,2003,Whole Year ,Uttarakhand,16054.0,261765,1589024.92,3852.96,15.82153846,17.95,1079.15,52.08,80,24,38,6.4
Sugarcane,2003,Whole Year ,Uttarakhand,116877.0,7023220,11568485.46,28050.48,58.12,17.95,1079.15,52.08,80,24,38,6.4
Banana,2004,Whole Year ,Andhra Pradesh,40906.0,980481,4431756.04,8590.26,26.37047619,27.72,759.1,69.79,78,45,22,6.8
Coconut ,2004,Whole Year ,Andhra Pradesh,103869.0,1199311362,11253167.46,21812.49,10469.71389,27.72,759.1,69.79,78,45,22,6.8
Ginger,2004,Whole Year ,Andhra Pradesh,1873.0,10906,202920.82,393.33,5.2775,27.72,759.1,69.79,78,45,22,6.8
Maize,2004,Rabi       ,Andhra Pradesh,151474.0,824920,16410693.16,31809.54,5.235714286,27.72,759.1,69.79,78,45,22,6.8
Mesta,2004,Kharif     ,Andhra Pradesh,53629.0,458390,5810165.86,11262.09,8.414444444,27.72,759.1,69.79,78,45,22,6.8
Onion,2004,Kharif     ,Andhra Pradesh,21907.0,344540,2373404.38,4600.47,14.4,27.72,759.1,69.79,78,45,22,6.8
Onion,2004,Rabi       ,Andhra Pradesh,12248.0,258886,1326948.32,2572.08,20.17047619,27.72,759.1,69.79,78,45,22,6.8
Potato,2004,Whole Year ,Andhra Pradesh,4037.0,27527,437368.58,847.77,7.64,27.72,759.1,69.79,78,45,22,6.8
Sugarcane,2004,Whole Year ,Andhra Pradesh,209536.0,15739172,22701130.24,44002.56,77.12619048,27.72,759.1,69.79,78,45,22,6.8
Sweet potato,2004,Whole Year ,Andhra Pradesh,1193.0,7829,129249.62,250.53,6.883157895,27.72,759.1,69.79,78,45,22,6.8
Tapioca,2004,Whole Year ,Andhra Pradesh,20137.0,146784,2181642.58,4228.77,6.748,27.72,759.1,69.79,78,45,22,6.8
Jute,2004,Kharif     ,Assam,57981.0,410409,6281661.54,12176.01,7.193043478,22.27,2151.77,78.82,60,18,38,5.8
Potato,2004,Whole Year ,Assam,73104.0,589070,7920087.36,15351.84,7.482608696,22.27,2151.77,78.82,60,18,38,5.8
Sugarcane,2004,Whole Year ,Assam,23942.0,883925,2593876.28,5027.82,37.40956522,22.27,2151.77,78.82,60,18,38,5.8
Banana,2004,Whole Year ,Bihar,14784.0,189572,1601698.56,3104.64,14.46545455,26.25,859.42,54.62,85,30,25,7.2
Jute,2004,Kharif     ,Bihar,134450.0,1056205,14566313.0,28234.5,7.890714286,26.25,859.42,54.62,85,30,25,7.2
Mesta,2004,Kharif     ,Bihar,15549.0,124048,1684578.66,3265.29,7.949090909,26.25,859.42,54.62,85,30,25,7.2
Onion,2004,Whole Year ,Bihar,14115.0,106528,1529219.1,2964.15,7.463684211,26.25,859.42,54.62,85,30,25,7.2
Potato,2004,Whole Year ,Bihar,138730.0,1062822,15030008.2,29133.3,8.02,26.25,859.42,54.62,85,30,25,7.2
Sugarcane,2004,Whole Year ,Bihar,104189.0,4111722,11287836.26,21879.69,36.05151515,26.25,859.42,54.62,85,30,25,7.2
Sweet potato,2004,Whole Year ,Bihar,4279.0,64343,463586.86,898.59,13.32516129,26.25,859.42,54.62,85,30,25,7.2
Bajra,2004,Whole Year ,Chhattisgarh,244.0,9682,26434.96,51.24,37.77538462,25.78,1039.07,61.38,70,35,20,6.5
Onion,2004,Whole Year ,Chhattisgarh,4472.0,27002,484496.48,939.12,6.1025,25.78,1039.07,61.38,70,35,20,6.5
Potato,2004,Whole Year ,Chhattisgarh,10638.0,59892,1152520.92,2233.98,5.89625,25.78,1039.07,61.38,70,35,20,6.5
Sweet potato,2004,Whole Year ,Chhattisgarh,2707.0,14673,293276.38,568.47,5.37875,25.78,1039.07,61.38,70,35,20,6.5
Sugarcane,2004,Whole Year ,Delhi,4.0,301,433.36,0.84,75.25,26.07,628.29,43.62,90,40,30,7.5
Banana,2004,Whole Year ,Gujarat,32200.0,1931400,3488548.0,6762.0,59.4,27.7,763.53,47.63,75,38,28,7.8
Onion,2004,Whole Year ,Gujarat,44000.0,1221300,4766960.0,9240.0,28.47894737,27.7,763.53,47.63,75,38,28,7.8
Potato,2004,Whole Year ,Gujarat,39300.0,1086400,4257762.0,8253.0,26.09666667,27.7,763.53,47.63,75,38,28,7.8
Sugarcane,2004,Whole Year ,Gujarat,196600.0,14558000,21299644.0,41286.0,71.64636364,27.7,763.53,47.63,75,38,28,7.8
Dry chillies,2004,Whole Year ,Haryana,1280.0,9600,138675.2,268.8,6.323333333,24.66,920.16,43.86,130,48,35,7.9
Garlic,2004,Whole Year ,Haryana,357.0,2900,38677.38,74.97,6.101428571,24.66,920.16,43.86,130,48,35,7.9
Onion,2004,Whole Year ,Haryana,2823.0,68400,305843.82,592.83,20.795,24.66,920.16,43.86,130,48,35,7.9
Potato,2004,Whole Year ,Haryana,10832.0,269100,1173538.88,2274.72,23.1075,24.66,920.16,43.86,130,48,35,7.9
Sugarcane,2004,Whole Year ,Haryana,133042.0,8230000,14413770.28,27938.82,49.24888889,24.66,920.16,43.86,130,48,35,7.9
Sweet potato,2004,Whole Year ,Haryana,75.0,1500,8125.5,15.75,18.602,24.66,920.16,43.86,130,48,35,7.9
Onion,2004,Whole Year ,Madhya Pradesh,35661.0,560306,3863512.74,7488.81,15.03166667,25.58,915.19,50.52,70,40,20,7.4
Potato,2004,Whole Year ,Madhya Pradesh,47570.0,713265,5153733.8,9989.7,14.71425532,25.58,915.19,50.52,70,40,20,7.4
Sugarcane,2004,Whole Year ,Madhya Pradesh,41925.0,1794420,4542154.5,8804.25,30.82,25.58,915.19,50.52,70,40,20,7.4
Sweet potato,2004,Whole Year ,Madhya Pradesh,4172.0,24117,451994.48,876.12,5.938913043,25.58,915.19,50.52,70,40,20,7.4
Sugarcane,2004,Whole Year ,Maharashtra,326900.0,23913700,35416346.0,68649.0,64.51,26.82,2339.17,66.04,75,43,26,7.1
Jute,2004,Kharif     ,Nagaland,2000.0,12100,216680.0,420.0,8.34,18.24,847.98,71.54,56,16,36,5.8
Potato,2004,Whole Year ,Nagaland,13750.0,95000,1489675.0,2887.5,6.58125,18.24,847.98,71.54,56,16,36,5.8
Sugarcane,2004,Rabi       ,Nagaland,210.0,3350,22751.4,44.1,15.95,18.24,847.98,71.54,56,16,36,5.8
Sugarcane,2004,Whole Year ,Nagaland,2770.0,138750,300101.8,581.7,33.995,18.24,847.98,71.54,56,16,36,5.8
Sugarcane,2004,Whole Year ,Punjab,86000.0,5170000,9317240.0,18060.0,60.966,24.66,920.16,43.86,150,50,40,8.0
Jute,2004,Kharif     ,Tripura,978.0,7748,105956.52,205.38,7.88,25.06,2334.61,75.65,62,20,35,5.9
Mesta,2004,Kharif     ,Tripura,1250.0,9650,135425.0,262.5,7.9425,25.06,2334.61,75.65,62,20,35,5.9
Sugarcane,2004,Whole Year ,Tripura,1030.0,50413,111590.2,216.3,48.8525,25.06,2334.61,75.65,62,20,35,5.9
Garlic,2004,Whole Year ,Uttarakhand,1849.0,16770,200320.66,388.29,9.342727273,18.09,1149.05,52.59,80,24,38,6.4
Onion,2004,Whole Year ,Uttarakhand,2045.0,17694,221555.3,429.45,9.187692308,18.09,1149.05,52.59,80,24,38,6.4
Potato,2004,Whole Year ,Uttarakhand,14104.0,180857,1528027.36,2961.84,13.04461538,18.09,1149.05,52.59,80,24,38,6.4
Sugarcane,2004,Whole Year ,Uttarakhand,106267.0,6358655,11512966.78,22316.07,58.47166667,18.09,1149.05,52.59,80,24,38,6.4
Onion,2004,Rabi       ,Jharkhand,1360.19,9804,147362.9846,285.6399,8.532,23.14,1252.79,63.15,68,22,30,6.1
Potato,2004,Rabi       ,Jharkhand,8320.97,63812,901493.8898,1747.4037,7.845,23.14,1252.79,63.15,68,22,30,6.1
Potato,2004,Winter     ,Jharkhand,10356.41,75518,1122013.459,2174.8461,7.2175,23.14,1252.79,63.15,68,22,30,6.1
Sugarcane,2004,Whole Year ,Jharkhand,542.97,13958,58825.3698,114.0237,25.71,23.14,1252.79,63.15,68,22,30,6.1
Coconut ,2004,Whole Year ,West Bengal,24294.0,310874400,2632011.96,5101.74,12630.52667,25.68,1392.86,74.2,85,40,45,6.2
Cotton(lint),2004,Kharif     ,West Bengal,959.0,4581,103898.06,201.39,5.295,25.68,1392.86,74.2,85,40,45,6.2
Jute,2004,Kharif     ,West Bengal,569157.0,7853203,61662469.38,119522.97,14.43941176,25.68,1392.86,74.2,85,40,45,6.2
Mesta,2004,Kharif     ,West Bengal,8632.0,81843,935190.88,1812.72,6.703333333,25.68,1392.86,74.2,85,40,45,6.2
Potato,2004,Whole Year ,West Bengal,320552.0,7106581,34728603.68,67315.92,21.12944444,25.68,1392.86,74.2,85,40,45,6.2
Sugarcane,2004,Whole Year ,West Bengal,15647.0,1033235,1695195.98,3285.87,64.3,25.68,1392.86,74.2,85,40,45,6.2
Banana,2005,Whole Year ,Bihar,15596.0,239311,1870272.32,3275.16,17.24727273,26.79,802.49,52.54,85,30,25,7.2
Jute,2005,Kharif     ,Bihar,131049.0,1329252,15715396.08,27520.29,11.93454545,26.79,802.49,52.54,85,30,25,7.2
Mesta,2005,Kharif     ,Bihar,14532.0,143039,1742677.44,3051.72,8.899565217,26.79,802.49,52.54,85,30,25,7.2
Onion,2005,Whole Year ,Bihar,18401.0,160656,2206647.92,3864.21,8.135263158,26.79,802.49,52.54,85,30,25,7.2
Potato,2005,Whole Year ,Bihar,140539.0,1225728,16853436.88,29513.19,8.786842105,26.79,802.49,52.54,85,30,25,7.2
Sugarcane,2005,Whole Year ,Bihar,101243.0,4240463,12141060.56,21261.03,36.43151515,26.79,802.49,52.54,85,30,25,7.2
Sweet potato,2005,Whole Year ,Bihar,4397.0,68398,527288.24,923.37,15.47413793,26.79,802.49,52.54,85,30,25,7.2
Bajra,2005,Whole Year ,Chhattisgarh,493.0,19037,59120.56,103.53,37.39071429,26.18,1526.16,58.73,70,35,20,6.5
Onion,2005,Whole Year ,Chhattisgarh,4534.0,25491,543717.28,952.14,5.413333333,26.18,1526.16,58.73,70,35,20,6.5
Sweet potato,2005,Whole Year ,Chhattisgarh,2700.0,15487,323784.0,567.0,5.54375,26.18,1526.16,58.73,70,35,20,6.5
Potato,2005,Whole Year ,Delhi,53.0,841,6355.76,11.13,15.87,25.46,718.47,45.33,90,40,30,7.5
Sugarcane,2005,Whole Year ,Delhi,4.0,225,479.68,0.84,56.25,25.46,718.47,45.33,90,40,30,7.5
Banana,2005,Whole Year ,Gujarat,30700.0,2101700,3681544.0,6447.0,66.87090909,26.81,962.01,49.27,75,38,28,7.8
Garlic,2005,Whole Year ,Gujarat,36100.0,263300,4329112.0,7581.0,6.748125,26.81,962.01,49.27,75,38,28,7.8
Onion,2005,Whole Year ,Gujarat,73300.0,2057500,8790136.0,15393.0,29.175,26.81,962.01,49.27,75,38,28,7.8
Potato,2005,Whole Year ,Gujarat,44600.0,1238300,5348432.0,9366.0,26.46181818,26.81,962.01,49.27,75,38,28,7.8
Sugarcane,2005,Whole Year ,Gujarat,213200.0,17786000,25566944.0,44772.0,75.31714286,26.81,962.01,49.27,75,38,28,7.8
Onion,2005,Whole Year ,Haryana,4044.0,92700,484956.48,849.24,18.03076923,24.2,879.45,45.01,130,48,35,7.9
Potato,2005,Whole Year ,Haryana,12597.0,312500,1510632.24,2645.37,21.80066667,24.2,879.45,45.01,130,48,35,7.9
Sugarcane,2005,Whole Year ,Haryana,129223.0,8310000,15496422.16,27136.83,49.81526316,24.2,879.45,45.01,130,48,35,7.9
Sweet potato,2005,Whole Year ,Haryana,127.0,2400,15229.84,26.67,15.14333333,24.2,879.45,45.01,130,48,35,7.9
Ginger,2005,Kharif     ,Himachal Pradesh,2179.0,16213,261305.68,457.59,7.377777778,20.99,916.17,47.53,60,20,40,6.0
Potato,2005,Whole Year ,Himachal Pradesh,14012.0,95900,1680319.04,2942.52,6.635833333,20.99,916.17,47.53,60,20,40,6.0
Sugarcane,2005,Whole Year ,Himachal Pradesh,2589.0,25094,310472.88,543.69,6.542857143,20.99,916.17,47.53,60,20,40,6.0
Onion,2005,Whole Year ,Madhya Pradesh,37656.0,575949,4515707.52,7907.76,14.14979167,25.18,1213.01,50.41,70,40,20,7.4
Potato,2005,Whole Year ,Madhya Pradesh,45967.0,614671,5512362.64,9653.07,12.90382979,25.18,1213.01,50.41,70,40,20,7.4
Sugarcane,2005,Whole Year ,Madhya Pradesh,51620.0,2236980,6190270.4,10840.2,31.52155556,25.18,1213.01,50.41,70,40,20,7.4
Sweet potato,2005,Whole Year ,Madhya Pradesh,4171.0,22869,500186.32,875.91,5.701086957,25.18,1213.01,50.41,70,40,20,7.4
Sugarcane,2005,Whole Year ,Maharashtra,500700.0,38813700,60043944.0,105147.0,66.29923077,26.39,3211.91,67.19,75,43,26,7.1
Sugarcane,2005,Whole Year ,Mizoram,1383.0,45953,165849.36,290.43,18.325,23.29,1418.06,76.74,54,15,34,5.7
Tapioca,2005,Kharif     ,Mizoram,300.0,1222,35976.0,63.0,6.346666667,23.29,1418.06,76.74,54,15,34,5.7
Jute,2005,Kharif     ,Nagaland,2100.0,10500,251832.0,441.0,6.96,18.77,815.04,70.97,56,16,36,5.8
Sugarcane,2005,Rabi       ,Nagaland,270.0,3380,32378.4,56.7,12.52,18.77,815.04,70.97,56,16,36,5.8
Sugarcane,2005,Whole Year ,Nagaland,4150.0,207500,497668.0,871.5,37.27,18.77,815.04,70.97,56,16,36,5.8
Sugarcane,2005,Whole Year ,Punjab,85000.0,5241000,10193200.0,17850.0,64.525,24.2,879.45,45.01,150,50,40,8.0
Jute,2005,Kharif     ,Tripura,685.0,5410,82145.2,143.85,7.8325,25.23,1998.49,77.25,62,20,35,5.9
Mesta,2005,Kharif     ,Tripura,1170.0,8522,140306.4,245.7,7.595,25.23,1998.49,77.25,62,20,35,5.9
Sugarcane,2005,Whole Year ,Tripura,874.0,43334,104810.08,183.54,48.79,25.23,1998.49,77.25,62,20,35,5.9
Garlic,2005,Whole Year ,Uttarakhand,2222.0,20330,266462.24,466.62,9.173636364,17.67,1130.54,54.07,80,24,38,6.4
Onion,2005,Whole Year ,Uttarakhand,1996.0,26694,239360.32,419.16,12.83076923,17.67,1130.54,54.07,80,24,38,6.4
Potato,2005,Whole Year ,Uttarakhand,15736.0,243492,1887061.12,3304.56,15.04615385,17.67,1130.54,54.07,80,24,38,6.4
Sugarcane,2005,Whole Year ,Uttarakhand,107748.0,6635715,12921140.16,22627.08,61.53333333,17.67,1130.54,54.07,80,24,38,6.4
Onion,2005,Rabi       ,Jharkhand,1724.12,18805,206756.4704,362.0652,11.6,23.93,938.94,57.56,68,22,30,6.1
Potato,2005,Rabi       ,Jharkhand,13345.34,108900,1600373.173,2802.5214,7.759333333,23.93,938.94,57.56,68,22,30,6.1
Potato,2005,Winter     ,Jharkhand,16504.2,113257,1979183.664,3465.882,7.148333333,23.93,938.94,57.56,68,22,30,6.1
Jute,2006,Kharif     ,Bihar,132914.0,1356624,16974446.94,29241.08,10.92642857,26.38,1046.45,55.74,85,30,25,7.2
Mesta,2006,Kharif     ,Bihar,18178.0,155075,2321512.38,3999.16,7.761428571,26.38,1046.45,55.74,85,30,25,7.2
Bajra,2006,Whole Year ,Chhattisgarh,307.0,12394,39206.97,67.54,33.11285714,26.26,1114.47,60.15,70,35,20,6.5
Onion,2006,Whole Year ,Chhattisgarh,4484.0,23106,572651.64,986.48,6.496470588,26.26,1114.47,60.15,70,35,20,6.5
Potato,2006,Kharif     ,Chhattisgarh,1781.0,7189,227451.51,391.82,6.25,26.26,1114.47,60.15,70,35,20,6.5
Sweet potato,2006,Whole Year ,Chhattisgarh,2683.0,15607,342645.93,590.26,5.116666667,26.26,1114.47,60.15,70,35,20,6.5
Potato,2006,Whole Year ,Delhi,55.0,873,7024.05,12.1,15.87,26.36,651.79,43.48,90,40,30,7.5
Sugarcane,2006,Whole Year ,Delhi,4.0,301,510.84,0.88,75.25,26.36,651.79,43.48,90,40,30,7.5
Banana,2006,Whole Year ,Gujarat,26600.0,1891800,3397086.0,5852.0,57.65846154,27.3,986.67,52.6,75,38,28,7.8
Garlic,2006,Whole Year ,Gujarat,32000.0,211300,4086720.0,7040.0,5.95,27.3,986.67,52.6,75,38,28,7.8
Onion,2006,Whole Year ,Gujarat,43300.0,1051800,5529843.0,9526.0,21.8045,27.3,986.67,52.6,75,38,28,7.8
Potato,2006,Whole Year ,Gujarat,51700.0,1078400,6602607.0,11374.0,20.45727273,27.3,986.67,52.6,75,38,28,7.8
Sugarcane,2006,Whole Year ,Gujarat,216100.0,16554000,27598131.0,47542.0,71.79642857,27.3,986.67,52.6,75,38,28,7.8
Garlic,2006,Whole Year ,Haryana,415.0,7500,52999.65,91.3,8.9425,24.94,761.23,44.55,130,48,35,7.9
Onion,2006,Whole Year ,Haryana,2543.0,49700,324766.53,559.46,18.98352941,24.94,761.23,44.55,130,48,35,7.9
Potato,2006,Whole Year ,Haryana,12826.0,319900,1638008.46,2821.72,21.90714286,24.94,761.23,44.55,130,48,35,7.9
Sugarcane,2006,Whole Year ,Haryana,140563.0,9651000,17951300.73,30923.86,56.0355,24.94,761.23,44.55,130,48,35,7.9
Sweet potato,2006,Whole Year ,Haryana,19.0,400,2426.49,4.18,12.6975,24.94,761.23,44.55,130,48,35,7.9
Onion,2006,Rabi       ,Himachal Pradesh,893.0,7617,114045.03,196.46,8.546,21.73,855.31,48.18,60,20,40,6.0
Potato,2006,Whole Year ,Himachal Pradesh,12687.0,126701,1620256.77,2791.14,10.05416667,21.73,855.31,48.18,60,20,40,6.0
Sugarcane,2006,Whole Year ,Himachal Pradesh,3019.0,59184,385556.49,664.18,13.465,21.73,855.31,48.18,60,20,40,6.0
Banana,2006,Whole Year ,Madhya Pradesh,14836.0,469134,1894705.56,3263.92,21.7195,25.49,1821.87,53.84,70,40,20,7.4
Onion,2006,Whole Year ,Madhya Pradesh,37825.0,629635,4830630.75,8321.5,14.81125,25.49,1821.87,53.84,70,40,20,7.4
Potato,2006,Whole Year ,Madhya Pradesh,48540.0,648203,6199043.4,10678.8,12.9512766,25.49,1821.87,53.84,70,40,20,7.4
Sugarcane,2006,Whole Year ,Madhya Pradesh,61085.0,2692260,7801165.35,13438.7,31.35595745,25.49,1821.87,53.84,70,40,20,7.4
Sweet potato,2006,Whole Year ,Madhya Pradesh,4070.0,22633,519779.7,895.4,5.947173913,25.49,1821.87,53.84,70,40,20,7.4
Sugarcane,2006,Whole Year ,Maharashtra,848800.0,66277400,108400248.0,186736.0,70.67444444,26.64,3370.1,69.14,75,43,26,7.1
Ginger,2006,Kharif     ,Nagaland,2600.0,23040,332046.0,572.0,8.82875,18.97,710.77,67.81,56,16,36,5.8
Jute,2006,Kharif     ,Nagaland,2500.0,10650,319275.0,550.0,5.2075,18.97,710.77,67.81,56,16,36,5.8
Potato,2006,Kharif     ,Nagaland,3500.0,31420,446985.0,770.0,8.96,18.97,710.77,67.81,56,16,36,5.8
Sugarcane,2006,Rabi       ,Nagaland,290.0,4850,37035.9,63.8,16.72,18.97,710.77,67.81,56,16,36,5.8
Sugarcane,2006,Whole Year ,Nagaland,4500.0,229000,574695.0,990.0,48.145,18.97,710.77,67.81,56,16,36,5.8
Jute,2006,Kharif     ,Tripura,466.0,3966,59512.86,102.52,8.475,25.53,1808.32,73.73,62,20,35,5.9
Mesta,2006,Kharif     ,Tripura,1064.0,7798,135883.44,234.08,7.6075,25.53,1808.32,73.73,62,20,35,5.9
Sugarcane,2006,Whole Year ,Tripura,869.0,42373,110979.99,191.18,49.18,25.53,1808.32,73.73,62,20,35,5.9
Banana,2006,Whole Year ,Uttar Pradesh,2002.0,77709,255675.42,440.44,38.84296296,26.3,945.42,50.66,120,45,35,7.6
Onion,2006,Rabi       ,Uttar Pradesh,7525.0,144345,961017.75,1655.5,19.17927536,26.3,945.42,50.66,120,45,35,7.6
Onion,2006,Summer     ,Uttar Pradesh,13173.0,153400,1682323.83,2898.06,11.64536232,26.3,945.42,50.66,120,45,35,7.6
Potato,2006,Rabi       ,Uttar Pradesh,469301.0,10247912,59934430.71,103246.22,20.56657143,26.3,945.42,50.66,120,45,35,7.6
Sugarcane,2006,Kharif     ,Uttar Pradesh,2246520.0,133949379,286903069.2,494234.4,51.90457143,26.3,945.42,50.66,120,45,35,7.6
Sweet potato,2006,Kharif     ,Uttar Pradesh,18853.0,257323,2407716.63,4147.66,13.64421875,26.3,945.42,50.66,120,45,35,7.6
Tobacco,2006,Rabi       ,Uttar Pradesh,23227.0,123614,2966320.17,5109.94,5.3048,26.3,945.42,50.66,120,45,35,7.6
Garlic,2006,Whole Year ,Uttarakhand,2382.0,16735,304205.22,524.04,5.73173913,18.31,1074.79,54.87,80,24,38,6.4
Onion,2006,Whole Year ,Uttarakhand,2116.0,11886,270234.36,465.52,6.464615385,18.31,1074.79,54.87,80,24,38,6.4
Potato,2006,Kharif     ,Uttarakhand,8274.0,83792,1056672.54,1820.28,9.942727273,18.31,1074.79,54.87,80,24,38,6.4
Potato,2006,Rabi       ,Uttarakhand,7099.0,77930,906613.29,1561.78,9.773846154,18.31,1074.79,54.87,80,24,38,6.4
Sugarcane,2006,Whole Year ,Uttarakhand,118869.0,7267238,15180759.99,26151.18,61.44,18.31,1074.79,54.87,80,24,38,6.4
Onion,2006,Rabi       ,Jharkhand,2914.72,16719,372238.8912,641.2384,5.84,23.54,1468.99,61.38,68,22,30,6.1
Potato,2006,Rabi       ,Jharkhand,13341.72,108295,1703871.061,2935.1784,8.043636364,23.54,1468.99,61.38,68,22,30,6.1
Potato,2006,Winter     ,Jharkhand,20693.26,157358,2642736.235,4552.5172,7.690909091,23.54,1468.99,61.38,68,22,30,6.1
Sugarcane,2006,Whole Year ,Jharkhand,587.89,26102,75079.4319,129.3358,38.04833333,23.54,1468.99,61.38,68,22,30,6.1
Maize,2007,Rabi       ,Andhra Pradesh,267000.0,1754000,35617800.0,42720.0,6.2215,27.44,1067.72,72.52,78,45,22,6.8
Mesta,2007,Kharif     ,Andhra Pradesh,57000.0,501000,7603800.0,9120.0,8.165,27.44,1067.72,72.52,78,45,22,6.8
Onion,2007,Kharif     ,Andhra Pradesh,23000.0,370000,3068200.0,3680.0,13.81571429,27.44,1067.72,72.52,78,45,22,6.8
Onion,2007,Rabi       ,Andhra Pradesh,14000.0,270000,1867600.0,2240.0,18.07142857,27.44,1067.72,72.52,78,45,22,6.8
Sugarcane,2007,Whole Year ,Andhra Pradesh,247000.0,20182000,32949800.0,39520.0,83.4125,27.44,1067.72,72.52,78,45,22,6.8
Banana,2007,Whole Year ,Bihar,17872.0,233609,2384124.8,2859.52,15.2126087,25.51,1373.75,61.57,85,30,25,7.2
Jute,2007,Kharif     ,Bihar,131627.0,1242849,17559041.8,21060.32,9.998571429,25.51,1373.75,61.57,85,30,25,7.2
Mesta,2007,Kharif     ,Bihar,22626.0,209564,3018308.4,3620.16,8.203043478,25.51,1373.75,61.57,85,30,25,7.2
Onion,2007,Whole Year ,Bihar,15216.0,136730,2029814.4,2434.56,8.736111111,25.51,1373.75,61.57,85,30,25,7.2
Potato,2007,Whole Year ,Bihar,153909.0,1244108,20531460.6,24625.44,8.115,25.51,1373.75,61.57,85,30,25,7.2
Sugarcane,2007,Whole Year ,Bihar,107039.0,4027229,14279002.6,17126.24,33.2446875,25.51,1373.75,61.57,85,30,25,7.2
Sweet potato,2007,Whole Year ,Bihar,3741.0,49649,499049.4,598.56,13.45586207,25.51,1373.75,61.57,85,30,25,7.2
Bajra,2007,Whole Year ,Chhattisgarh,520.0,19071,69368.0,83.2,38.48533333,26.24,1423.88,58.59,70,35,20,6.5
Onion,2007,Whole Year ,Chhattisgarh,4372.0,20891,583224.8,699.52,5.119411765,26.24,1423.88,58.59,70,35,20,6.5
Potato,2007,Kharif     ,Chhattisgarh,1910.0,8060,254794.0,305.6,6.440909091,26.24,1423.88,58.59,70,35,20,6.5
Sweet potato,2007,Whole Year ,Chhattisgarh,2671.0,15681,356311.4,427.36,5.865,26.24,1423.88,58.59,70,35,20,6.5
Banana,2007,Whole Year ,Gujarat,31200.0,2033100,4162080.0,4992.0,57.96166667,27.27,1033.53,52.63,75,38,28,7.8
Garlic,2007,Whole Year ,Gujarat,44600.0,317500,5949640.0,7136.0,5.839411765,27.27,1033.53,52.63,75,38,28,7.8
Onion,2007,Whole Year ,Gujarat,65400.0,2059200,8724360.0,10464.0,28.88190476,27.27,1033.53,52.63,75,38,28,7.8
Potato,2007,Whole Year ,Gujarat,72300.0,1795600,9644820.0,11568.0,24.42333333,27.27,1033.53,52.63,75,38,28,7.8
Sugarcane,2007,Whole Year ,Gujarat,211000.0,15190000,28147400.0,33760.0,71.189375,27.27,1033.53,52.63,75,38,28,7.8
Dry chillies,2007,Whole Year ,Haryana,1321.0,13800,176221.4,211.36,8.716428571,24.61,893.56,44.46,130,48,35,7.9
Garlic,2007,Whole Year ,Haryana,586.0,3700,78172.4,93.76,5.104,24.61,893.56,44.46,130,48,35,7.9
Onion,2007,Whole Year ,Haryana,3193.0,63700,425946.2,510.88,18.20733333,24.61,893.56,44.46,130,48,35,7.9
Potato,2007,Whole Year ,Haryana,9917.0,177600,1322927.8,1586.72,15.53166667,24.61,893.56,44.46,130,48,35,7.9
Sugarcane,2007,Whole Year ,Haryana,140365.0,8850000,18724691.0,22458.4,50.77,24.61,893.56,44.46,130,48,35,7.9
Sweet potato,2007,Whole Year ,Haryana,65.0,1200,8671.0,10.4,12.7775,24.61,893.56,44.46,130,48,35,7.9
Ginger,2007,Kharif     ,Himachal Pradesh,2273.0,25538,303218.2,363.68,10.15,21.4,925.42,47.22,60,20,40,6.0
Onion,2007,Rabi       ,Himachal Pradesh,823.0,7036,109788.2,131.68,8.408,21.4,925.42,47.22,60,20,40,6.0
Potato,2007,Kharif     ,Himachal Pradesh,13583.0,123839,1811972.2,2173.28,9.051666667,21.4,925.42,47.22,60,20,40,6.0
Sugarcane,2007,Kharif     ,Himachal Pradesh,2697.0,58442,359779.8,431.52,13.81285714,21.4,925.42,47.22,60,20,40,6.0
Banana,2007,Whole Year ,Madhya Pradesh,7543.0,470299,1006236.2,1206.88,43.1125,25.34,1090.09,51.64,70,40,20,7.4
Onion,2007,Whole Year ,Madhya Pradesh,41376.0,601524,5519558.4,6620.16,12.21604167,25.34,1090.09,51.64,70,40,20,7.4
Potato,2007,Whole Year ,Madhya Pradesh,56663.0,713614,7558844.2,9066.08,11.41729167,25.34,1090.09,51.64,70,40,20,7.4
Sugarcane,2007,Whole Year ,Madhya Pradesh,77120.0,3276720,10287808.0,12339.2,30.21326087,25.34,1090.09,51.64,70,40,20,7.4
Sweet potato,2007,Whole Year ,Madhya Pradesh,3752.0,20560,500516.8,600.32,5.65173913,25.34,1090.09,51.64,70,40,20,7.4
Sugarcane,2007,Whole Year ,Maharashtra,1092800.0,88437200,145779520.0,174848.0,74.23888889,26.85,2694.23,67.76,75,43,26,7.1
Jute,2007,Kharif     ,Meghalaya,3982.0,34877,531198.8,637.12,6.446666667,17.69,2709.54,81.21,52,16,33,5.6
Ginger,2007,Kharif     ,Nagaland,4000.0,28760,533600.0,640.0,7.055,18.26,999.96,71.1,56,16,36,5.8
Potato,2007,Kharif     ,Nagaland,2500.0,35850,333500.0,400.0,15.335,18.26,999.96,71.1,56,16,36,5.8
Sugarcane,2007,Kharif     ,Nagaland,4000.0,220320,533600.0,640.0,55.075,18.26,999.96,71.1,56,16,36,5.8
Tapioca,2007,Kharif     ,Nagaland,600.0,13860,80040.0,96.0,23.09125,18.26,999.96,71.1,56,16,36,5.8
Jute,2007,Kharif     ,Tripura,458.0,3735,61097.2,73.28,8.145,24.78,2737.78,76.28,62,20,35,5.9
Mesta,2007,Kharif     ,Tripura,949.0,6810,126596.6,151.84,7.56,24.78,2737.78,76.28,62,20,35,5.9
Sugarcane,2007,Whole Year ,Tripura,959.0,46678,127930.6,153.44,49.0375,24.78,2737.78,76.28,62,20,35,5.9
Onion,2007,Rabi       ,Uttar Pradesh,9846.0,137576,1313456.4,1575.36,13.97314286,25.64,1067.29,53.71,120,45,35,7.6
Onion,2007,Summer     ,Uttar Pradesh,11716.0,158183,1562914.4,1874.56,13.49166667,25.64,1067.29,53.71,120,45,35,7.6
Potato,2007,Rabi       ,Uttar Pradesh,504858.0,11094868,67348057.2,80777.28,20.87428571,25.64,1067.29,53.71,120,45,35,7.6
Sugarcane,2007,Kharif     ,Uttar Pradesh,2178987.0,124665288,290676865.8,348637.92,49.74928571,25.64,1067.29,53.71,120,45,35,7.6
Sweet potato,2007,Kharif     ,Uttar Pradesh,18424.0,248042,2457761.6,2947.84,13.46731343,25.64,1067.29,53.71,120,45,35,7.6
Tobacco,2007,Rabi       ,Uttar Pradesh,24951.0,139600,3328463.4,3992.16,5.514615385,25.64,1067.29,53.71,120,45,35,7.6
Garlic,2007,Whole Year ,Uttarakhand,2468.0,17100,329231.2,394.88,5.487916667,18.07,1427.79,54.33,80,24,38,6.4
Onion,2007,Whole Year ,Uttarakhand,1976.0,10098,263598.4,316.16,5.836923077,18.07,1427.79,54.33,80,24,38,6.4
Potato,2007,Kharif     ,Uttarakhand,7539.0,72247,1005702.6,1206.24,9.379090909,18.07,1427.79,54.33,80,24,38,6.4
Potato,2007,Rabi       ,Uttarakhand,6693.0,53843,892846.2,1070.88,7.861538462,18.07,1427.79,54.33,80,24,38,6.4
Sugarcane,2007,Whole Year ,Uttarakhand,122533.0,7594553,16345902.2,19605.28,62.12857143,18.07,1427.79,54.33,80,24,38,6.4
Onion,2007,Rabi       ,Jharkhand,2958.96,18582,394725.264,473.4336,6.168947368,23.02,1361.99,64.76,68,22,30,6.1
Potato,2007,Rabi       ,Jharkhand,16143.02,113147,2153478.868,2582.8832,7.252272727,23.02,1361.99,64.76,68,22,30,6.1
Potato,2007,Winter     ,Jharkhand,20307.19,159162,2708979.146,3249.1504,11.36809524,23.02,1361.99,64.76,68,22,30,6.1
Sugarcane,2007,Whole Year ,Jharkhand,966.83,40610,128975.122,154.6928,42.17714286,23.02,1361.99,64.76,68,22,30,6.1
Jute,2008,Kharif     ,Bihar,131949.0,1054798,18873984.96,11875.41,8.455,25.16,1575.54,65.17,85,30,25,7.2
Mesta,2008,Kharif     ,Bihar,19019.0,165359,2720477.76,1711.71,8.0805,25.16,1575.54,65.17,85,30,25,7.2
Onion,2008,Whole Year ,Bihar,14805.0,137545,2117707.2,1332.45,8.775714286,25.16,1575.54,65.17,85,30,25,7.2
Potato,2008,Kharif     ,Bihar,60334.0,452453,8630175.36,5430.06,7.518157895,25.16,1575.54,65.17,85,30,25,7.2
Potato,2008,Rabi       ,Bihar,91591.0,488043,13101176.64,8243.19,5.246486486,25.16,1575.54,65.17,85,30,25,7.2
Sannhamp,2008,Kharif     ,Bihar,3358.0,14978,480328.32,302.22,6.622608696,25.16,1575.54,65.17,85,30,25,7.2
Sugarcane,2008,Whole Year ,Bihar,111902.0,4959918,16006462.08,10071.18,38.28870968,25.16,1575.54,65.17,85,30,25,7.2
Sweet potato,2008,Kharif     ,Bihar,2437.0,33058,348588.48,219.33,13.83166667,25.16,1575.54,65.17,85,30,25,7.2
Sweet potato,2008,Rabi       ,Bihar,1324.0,19474,189384.96,119.16,13.97842105,25.16,1575.54,65.17,85,30,25,7.2
Bajra,2008,Whole Year ,Chhattisgarh,308.0,10811,44056.32,27.72,33.81733333,25.93,1042.28,59.47,70,35,20,6.5
Onion,2008,Whole Year ,Chhattisgarh,4332.0,22242,619649.28,389.88,5.273125,25.93,1042.28,59.47,70,35,20,6.5
Sweet potato,2008,Whole Year ,Chhattisgarh,2683.0,14161,383776.32,241.47,5.593888889,25.93,1042.28,59.47,70,35,20,6.5
Banana,2008,Whole Year ,Gujarat,28200.0,2002900,4033728.0,2538.0,72.95916667,27.35,620.73,47.0,75,38,28,7.8
Garlic,2008,Whole Year ,Gujarat,33900.0,198800,4849056.0,3051.0,5.214,27.35,620.73,47.0,75,38,28,7.8
Onion,2008,Rabi       ,Gujarat,54400.0,1502800,7781376.0,4896.0,26.605,27.35,620.73,47.0,75,38,28,7.8
Potato,2008,Whole Year ,Gujarat,55800.0,1171400,7981632.0,5022.0,20.86636364,27.35,620.73,47.0,75,38,28,7.8
Sugarcane,2008,Whole Year ,Gujarat,221300.0,15512000,31654752.0,19917.0,70.62176471,27.35,620.73,47.0,75,38,28,7.8
Dry chillies,2008,Whole Year ,Haryana,1613.0,14500,230723.52,145.17,7.445625,23.49,1417.62,51.64,130,48,35,7.9
Onion,2008,Whole Year ,Haryana,2492.0,37400,356455.68,224.28,178.6530769,23.49,1417.62,51.64,130,48,35,7.9
Potato,2008,Whole Year ,Haryana,11938.0,258600,1707611.52,1074.42,19.08769231,23.49,1417.62,51.64,130,48,35,7.9
Sugarcane,2008,Whole Year ,Haryana,90941.0,5242000,13008200.64,8184.69,49.621,23.49,1417.62,51.64,130,48,35,7.9
Sweet potato,2008,Whole Year ,Haryana,83.0,1500,11872.32,7.47,12.0625,23.49,1417.62,51.64,130,48,35,7.9
Turmeric,2008,Whole Year ,Haryana,51.0,500,7295.04,4.59,5.2725,23.49,1417.62,51.64,130,48,35,7.9
Onion,2008,Rabi       ,Himachal Pradesh,776.0,4611,110999.04,69.84,5.795,20.46,1518.43,54.07,60,20,40,6.0
Potato,2008,Kharif     ,Himachal Pradesh,7954.0,78928,1137740.16,715.86,11.051,20.46,1518.43,54.07,60,20,40,6.0
Sugarcane,2008,Kharif     ,Himachal Pradesh,2338.0,53068,334427.52,210.42,15.18142857,20.46,1518.43,54.07,60,20,40,6.0
Banana,2008,Whole Year ,Madhya Pradesh,7847.0,397231,1122434.88,706.23,33.19923077,24.96,928.64,51.7,70,40,20,7.4
Onion,2008,Whole Year ,Madhya Pradesh,40146.0,582438,5742483.84,3613.14,12.0858,24.96,928.64,51.7,70,40,20,7.4
Potato,2008,Whole Year ,Madhya Pradesh,56301.0,649826,8053295.04,5067.09,11.0325,24.96,928.64,51.7,70,40,20,7.4
Sugarcane,2008,Whole Year ,Madhya Pradesh,53704.0,2381030,7681820.16,4833.36,31.97541667,24.96,928.64,51.7,70,40,20,7.4
Sweet potato,2008,Whole Year ,Madhya Pradesh,3584.0,20770,512655.36,322.56,5.977446809,24.96,928.64,51.7,70,40,20,7.4
Sugarcane,2008,Whole Year ,Maharashtra,768400.0,60648300,109911936.0,69156.0,65.53407407,26.48,2602.54,66.57,75,43,26,7.1
Banana,2008,Whole Year ,Manipur,4991.0,64424,713912.64,449.19,12.91,20.17,1224.95,74.69,58,17,37,5.9
Dry chillies,2008,Whole Year ,Manipur,7962.0,59169,1138884.48,716.58,7.482222222,20.17,1224.95,74.69,58,17,37,5.9
Ginger,2008,Kharif     ,Manipur,2098.0,24794,300097.92,188.82,11.79555556,20.17,1224.95,74.69,58,17,37,5.9
Potato,2008,Whole Year ,Manipur,13000.0,108000,1859520.0,1170.0,8.165555556,20.17,1224.95,74.69,58,17,37,5.9
Sugarcane,2008,Whole Year ,Manipur,5150.0,298000,736656.0,463.5,59.26444444,20.17,1224.95,74.69,58,17,37,5.9
Turmeric,2008,Whole Year ,Manipur,834.0,9884,119295.36,75.06,11.77666667,20.17,1224.95,74.69,58,17,37,5.9
Ginger,2008,Kharif     ,Nagaland,4400.0,41520,629376.0,396.0,9.490909091,18.04,1168.99,74.37,56,16,36,5.8
Potato,2008,Kharif     ,Nagaland,2910.0,35790,416246.4,261.9,12.38272727,18.04,1168.99,74.37,56,16,36,5.8
Potato,2008,Rabi       ,Nagaland,2700.0,33350,386208.0,243.0,12.29,18.04,1168.99,74.37,56,16,36,5.8
Sugarcane,2008,Kharif     ,Nagaland,4320.0,185760,617932.8,388.8,43.01454545,18.04,1168.99,74.37,56,16,36,5.8
Tapioca,2008,Kharif     ,Nagaland,1600.0,36880,228864.0,144.0,23.06,18.04,1168.99,74.37,56,16,36,5.8
Jute,2008,Kharif     ,Tripura,450.0,3665,64368.0,40.5,8.0625,25.19,1532.09,75.42,62,20,35,5.9
Mesta,2008,Kharif     ,Tripura,637.0,5026,91116.48,57.33,7.905,25.19,1532.09,75.42,62,20,35,5.9
Sugarcane,2008,Whole Year ,Tripura,972.0,51695,139034.88,87.48,54.9975,25.19,1532.09,75.42,62,20,35,5.9
Banana,2008,Summer     ,Uttar Pradesh,1991.0,75867,284792.64,179.19,38.08033333,25.03,1606.05,58.94,120,45,35,7.6
Garlic,2008,Rabi       ,Uttar Pradesh,33421.0,196850,4780539.84,3007.89,5.909104478,25.03,1606.05,58.94,120,45,35,7.6
Onion,2008,Rabi       ,Uttar Pradesh,10161.0,119110,1453429.44,914.49,11.71728571,25.03,1606.05,58.94,120,45,35,7.6
Potato,2008,Rabi       ,Uttar Pradesh,527347.0,10809926,75431714.88,47461.23,18.97342857,25.03,1606.05,58.94,120,45,35,7.6
Sugarcane,2008,Kharif     ,Uttar Pradesh,2084179.0,109047670,298120964.2,187576.11,47.59257143,25.03,1606.05,58.94,120,45,35,7.6
Sweet potato,2008,Kharif     ,Uttar Pradesh,18376.0,225694,2628503.04,1653.84,12.27537313,25.03,1606.05,58.94,120,45,35,7.6
Tobacco,2008,Rabi       ,Uttar Pradesh,22573.0,134309,3228841.92,2031.57,5.309230769,25.03,1606.05,58.94,120,45,35,7.6
Garlic,2008,Whole Year ,Uttarakhand,2972.0,27121,425114.88,267.48,5.802727273,17.53,1418.98,57.88,80,24,38,6.4
Onion,2008,Whole Year ,Uttarakhand,1869.0,7920,267341.76,168.21,5.134615385,17.53,1418.98,57.88,80,24,38,6.4
Potato,2008,Kharif     ,Uttarakhand,7723.0,72666,1104697.92,695.07,10.52181818,17.53,1418.98,57.88,80,24,38,6.4
Potato,2008,Rabi       ,Uttarakhand,6266.0,67396,896288.64,563.94,9.419230769,17.53,1418.98,57.88,80,24,38,6.4
Sugarcane,2008,Whole Year ,Uttarakhand,107907.0,5683369,15435017.28,9711.63,54.82,17.53,1418.98,57.88,80,24,38,6.4
Potato,2008,Rabi       ,Jammu and Kashmir,934.0,9338,133599.36,84.06,16.446,9.1,702.47,54.79,70,25,42,6.7
Potato,2008,Rabi       ,Jharkhand,16032.93,107587,2293350.307,1442.9637,5.73375,23.02,1388.34,64.42,68,22,30,6.1
Potato,2008,Winter     ,Jharkhand,21288.72,138075,3045138.509,1915.9848,6.666190476,23.02,1388.34,64.42,68,22,30,6.1
Sugarcane,2008,Whole Year ,Jharkhand,729.31,18446,104320.5024,65.6379,27.25142857,23.02,1388.34,64.42,68,22,30,6.1
Jute,2009,Kharif     ,Bihar,125111.0,1147280,19494796.02,21268.87,9.361428571,26.68,774.6,52.65,85,30,25,7.2
Mesta,2009,Kharif     ,Bihar,17215.0,123701,2682441.3,2926.55,7.189565217,26.68,774.6,52.65,85,30,25,7.2
Sugarcane,2009,Whole Year ,Bihar,72916.0,3443693,11361771.12,12395.72,44.66484848,26.68,774.6,52.65,85,30,25,7.2
Bajra,2009,Whole Year ,Chhattisgarh,537.0,38728,83675.34,91.29,74.30307692,27.17,1075.52,54.21,70,35,20,6.5
Sweet potato,2009,Whole Year ,Chhattisgarh,2793.0,15042,435205.26,474.81,5.366470588,27.17,1075.52,54.21,70,35,20,6.5
Banana,2009,Whole Year ,Gujarat,22100.0,1605500,3443622.0,3757.0,65.11,28.45,580.29,44.88,75,38,28,7.8
Garlic,2009,Whole Year ,Gujarat,15300.0,93800,2384046.0,2601.0,5.490833333,28.45,580.29,44.88,75,38,28,7.8
Onion,2009,Rabi       ,Gujarat,38500.0,1051400,5999070.0,6545.0,26.69277778,28.45,580.29,44.88,75,38,28,7.8
Potato,2009,Whole Year ,Gujarat,47300.0,987900,7370286.0,8041.0,18.8975,28.45,580.29,44.88,75,38,28,7.8
Sugarcane,2009,Whole Year ,Gujarat,190300.0,13304000,29652546.0,32351.0,66.79470588,28.45,580.29,44.88,75,38,28,7.8
Garlic,2009,Whole Year ,Haryana,735.0,6500,114527.7,124.95,6.032222222,24.82,838.16,42.83,130,48,35,7.9
Onion,2009,Whole Year ,Haryana,1535.0,31300,239183.7,260.95,19.35785714,24.82,838.16,42.83,130,48,35,7.9
Potato,2009,Whole Year ,Haryana,12269.0,136400,1911755.58,2085.73,17.30357143,24.82,838.16,42.83,130,48,35,7.9
Sugarcane,2009,Whole Year ,Haryana,79171.0,4078900,12336425.22,13459.07,47.4235,24.82,838.16,42.83,130,48,35,7.9
Sweet potato,2009,Whole Year ,Haryana,59.0,1100,9193.38,10.03,13.7,24.82,838.16,42.83,130,48,35,7.9
Onion,2009,Rabi       ,Himachal Pradesh,918.0,5392,143042.76,156.06,5.744,21.67,861.19,45.16,60,20,40,6.0
Potato,2009,Kharif     ,Himachal Pradesh,6436.0,64758,1002857.52,1094.12,11.582,21.67,861.19,45.16,60,20,40,6.0
Sugarcane,2009,Whole Year ,Himachal Pradesh,2124.0,44306,330961.68,361.08,16.11857143,21.67,861.19,45.16,60,20,40,6.0
Sugarcane,2009,Whole Year ,Maharashtra,755900.0,64159300,117784338.0,128503.0,76.29222222,27.21,2277.28,66.66,75,43,26,7.1
Banana,2009,Whole Year ,Manipur,5841.0,60933,910144.62,992.97,10.64666667,20.82,1168.24,71.73,58,17,37,5.9
Dry chillies,2009,Whole Year ,Manipur,8122.0,60712,1265570.04,1380.74,7.514444444,20.82,1168.24,71.73,58,17,37,5.9
Ginger,2009,Kharif     ,Manipur,2098.0,24895,326910.36,356.66,11.87,20.82,1168.24,71.73,58,17,37,5.9
Potato,2009,Whole Year ,Manipur,13650.0,113860,2126943.0,2320.5,8.286666667,20.82,1168.24,71.73,58,17,37,5.9
Sugarcane,2009,Whole Year ,Manipur,3870.0,227130,603023.4,657.9,56.62666667,20.82,1168.24,71.73,58,17,37,5.9
Turmeric,2009,Whole Year ,Manipur,1295.0,15410,201786.9,220.15,11.80777778,20.82,1168.24,71.73,58,17,37,5.9
Potato,2009,Kharif     ,Nagaland,3030.0,28580,472134.6,515.1,9.416363636,18.39,1134.66,73.56,56,16,36,5.8
Potato,2009,Rabi       ,Nagaland,2950.0,36580,459669.0,501.5,12.39,18.39,1134.66,73.56,56,16,36,5.8
Sugarcane,2009,Kharif     ,Nagaland,5090.0,152880,793123.8,865.3,30.02272727,18.39,1134.66,73.56,56,16,36,5.8
Tapioca,2009,Kharif     ,Nagaland,2540.0,27050,395782.8,431.8,11.15727273,18.39,1134.66,73.56,56,16,36,5.8
Sugarcane,2009,Whole Year ,Punjab,60000.0,370000,9349200.0,10200.0,6.396923077,24.82,838.16,42.83,150,50,40,8.0
Jute,2009,Kharif     ,Tripura,468.0,3778,72923.76,79.56,8.075,25.68,1954.75,73.58,62,20,35,5.9
Mesta,2009,Kharif     ,Tripura,779.0,5633,121383.78,132.43,7.285,25.68,1954.75,73.58,62,20,35,5.9
Sugarcane,2009,Whole Year ,Tripura,879.0,44913,136965.78,149.43,51.4225,25.68,1954.75,73.58,62,20,35,5.9
Banana,2009,Summer     ,Uttar Pradesh,2336.0,96059,363995.52,397.12,41.10410256,25.81,981.43,54.21,120,45,35,7.6
Garlic,2009,Rabi       ,Uttar Pradesh,34465.0,183113,5370336.3,5859.05,5.293285714,25.81,981.43,54.21,120,45,35,7.6
Onion,2009,Rabi       ,Uttar Pradesh,10494.0,180225,1635175.08,1783.98,16.93323944,25.81,981.43,54.21,120,45,35,7.6
Onion,2009,Summer     ,Uttar Pradesh,12686.0,176246,1976732.52,2156.62,13.71826087,25.81,981.43,54.21,120,45,35,7.6
Potato,2009,Rabi       ,Uttar Pradesh,540797.0,13447272,84266988.54,91935.49,24.02859155,25.81,981.43,54.21,120,45,35,7.6
Sugarcane,2009,Kharif     ,Uttar Pradesh,1977324.0,117139919,308106625.7,336145.08,50.34633803,25.81,981.43,54.21,120,45,35,7.6
Sweet potato,2009,Kharif     ,Uttar Pradesh,16758.0,227909,2611231.56,2848.86,13.61098592,25.81,981.43,54.21,120,45,35,7.6
Tobacco,2009,Rabi       ,Uttar Pradesh,22861.0,130652,3562201.02,3886.37,5.665,25.81,981.43,54.21,120,45,35,7.6
Garlic,2009,Whole Year ,Uttarakhand,2835.0,20716,441749.7,481.95,5.318181818,18.52,965.68,49.98,80,24,38,6.4
Potato,2009,Kharif     ,Uttarakhand,10187.0,104530,1587338.34,1731.79,9.59,18.52,965.68,49.98,80,24,38,6.4
Potato,2009,Rabi       ,Uttarakhand,5873.0,70526,915130.86,998.41,10.60615385,18.52,965.68,49.98,80,24,38,6.4
Sugarcane,2009,Whole Year ,Uttarakhand,99988.0,6088488,15580130.16,16997.96,61.34,18.52,965.68,49.98,80,24,38,6.4
Arhar/Tur,2009,Winter     ,Jharkhand,441.0,764,68716.62,74.97,68.23,23.86,1139.94,58.04,68,22,30,6.1
Potato,2009,Rabi       ,Jharkhand,18429.0,128117,2871606.78,3132.93,6.558333333,23.86,1139.94,58.04,68,22,30,6.1
Potato,2009,Winter     ,Jharkhand,19997.0,134624,3115932.54,3399.49,6.710434783,23.86,1139.94,58.04,68,22,30,6.1
Sugarcane,2009,Whole Year ,Jharkhand,894.0,38926,139303.08,151.98,41.7825,23.86,1139.94,58.04,68,22,30,6.1
Coconut ,2009,Whole Year ,West Bengal,28846.0,362736500,4494783.72,4903.82,12313.48667,26.05,1553.26,72.3,85,40,45,6.2
Jute,2009,Kharif     ,West Bengal,614365.0,9324967,95730354.3,104442.05,14.996875,26.05,1553.26,72.3,85,40,45,6.2
Mesta,2009,Kharif     ,West Bengal,5358.0,75069,834883.56,910.86,11.27,26.05,1553.26,72.3,85,40,45,6.2
Potato,2009,Rabi       ,West Bengal,384451.0,13807997,59905154.82,65356.67,31.58888889,26.05,1553.26,72.3,85,40,45,6.2
Potato,2009,Summer     ,West Bengal,2430.0,30132,378642.6,413.1,12.4,26.05,1553.26,72.3,85,40,45,6.2
Sannhamp,2009,Kharif     ,West Bengal,835.0,4688,130109.7,141.95,5.38375,26.05,1553.26,72.3,85,40,45,6.2
Sugarcane,2009,Whole Year ,West Bengal,13750.0,1000808,2142525.0,2337.5,78.33428571,26.05,1553.26,72.3,85,40,45,6.2
Banana,2009,Whole Year ,Madhya Pradesh,8040.0,501350,1252792.8,1366.8,44.35692308,25.85,1129.49,52.33,70,40,20,7.4
Onion,2009,Whole Year ,Madhya Pradesh,51151.0,785475,7970348.82,8695.67,13.143,25.85,1129.49,52.33,70,40,20,7.4
Potato,2009,Whole Year ,Madhya Pradesh,60052.0,737859,9357302.64,10208.84,11.0822449,25.85,1129.49,52.33,70,40,20,7.4
Sugarcane,2009,Whole Year ,Madhya Pradesh,45549.0,1847170,7097445.18,7743.33,31.6544898,25.85,1129.49,52.33,70,40,20,7.4
Sweet potato,2009,Whole Year ,Madhya Pradesh,3497.0,20803,544902.54,594.49,6.02,25.85,1129.49,52.33,70,40,20,7.4
Jute,2010,Kharif     ,Bihar,127686.0,1164594,21209921.46,30644.64,9.54,27.1,779.79,52.49,85,30,25,7.2
Mesta,2010,Kharif     ,Bihar,17165.0,144822,2851278.15,4119.6,10.24086957,27.1,779.79,52.49,85,30,25,7.2
Sugarcane,2010,Whole Year ,Bihar,250672.0,11827664,41639125.92,60161.28,53.23921053,27.1,779.79,52.49,85,30,25,7.2
Bajra,2010,Whole Year ,Chhattisgarh,545.0,18786,90529.95,130.8,37.56,27.07,1195.15,56.89,70,35,20,6.5
Onion,2010,Whole Year ,Chhattisgarh,4984.0,26101,827892.24,1196.16,5.32625,27.07,1195.15,56.89,70,35,20,6.5
Potato,2010,Whole Year ,Chhattisgarh,11893.0,53440,1975546.23,2854.32,5.708235294,27.07,1195.15,56.89,70,35,20,6.5
Sweet potato,2010,Whole Year ,Chhattisgarh,2784.0,14038,462450.24,668.16,5.319411765,27.07,1195.15,56.89,70,35,20,6.5
Banana,2010,Whole Year ,Gujarat,23500.0,1650300,3903585.0,5640.0,70.365,27.65,1150.46,54.22,75,38,28,7.8
Garlic,2010,Whole Year ,Gujarat,28900.0,173200,4800579.0,6936.0,5.24125,27.65,1150.46,54.22,75,38,28,7.8
Onion,2010,Whole Year ,Gujarat,67100.0,1847900,11145981.0,16104.0,26.0365,27.65,1150.46,54.22,75,38,28,7.8
Potato,2010,Whole Year ,Gujarat,55100.0,1282700,9152661.0,13224.0,21.58,27.65,1150.46,54.22,75,38,28,7.8
Sugarcane,2010,Whole Year ,Gujarat,190100.0,13763000,31577511.0,45624.0,69.7375,27.65,1150.46,54.22,75,38,28,7.8
Dry chillies,2010,Whole Year ,Haryana,1139.0,10900,189199.29,273.36,6.945333333,24.57,1351.9,48.87,130,48,35,7.9
Onion,2010,Whole Year ,Haryana,2150.0,43800,357136.5,516.0,19.95642857,24.57,1351.9,48.87,130,48,35,7.9
Potato,2010,Whole Year ,Haryana,12412.0,280900,2061757.32,2978.88,21.70428571,24.57,1351.9,48.87,130,48,35,7.9
Potato,2010,Kharif     ,Himachal Pradesh,6411.0,64000,1064931.21,1538.64,10.688,21.63,1382.72,50.07,60,20,40,6.0
Sugarcane,2010,Whole Year ,Himachal Pradesh,1628.0,37107,270427.08,390.72,17.22,21.63,1382.72,50.07,60,20,40,6.0
Banana,2010,Whole Year ,Madhya Pradesh,8102.0,433263,1345823.22,1944.48,34.189375,25.75,929.07,55.24,70,40,20,7.4
Onion,2010,Whole Year ,Madhya Pradesh,56243.0,902250,9342524.73,13498.32,14.7518,25.75,929.07,55.24,70,40,20,7.4
Potato,2010,Whole Year ,Madhya Pradesh,76482.0,655527,12704425.02,18355.68,9.318163265,25.75,929.07,55.24,70,40,20,7.4
Sugarcane,2010,Whole Year ,Madhya Pradesh,48190.0,1960980,8004840.9,11565.6,31.9975,25.75,929.07,55.24,70,40,20,7.4
Sugarcane,2010,Whole Year ,Maharashtra,964500.0,85691500,160213095.0,231480.0,73.83961538,26.97,3131.39,71.61,75,43,26,7.1
Banana,2010,Whole Year ,Manipur,5899.0,76422,979882.89,1415.76,12.94888889,20.19,1785.18,77.53,58,17,37,5.9
Dry chillies,2010,Whole Year ,Manipur,8210.0,61661,1363763.1,1970.4,7.55,20.19,1785.18,77.53,58,17,37,5.9
Ginger,2010,Kharif     ,Manipur,2200.0,25443,365442.0,528.0,11.38666667,20.19,1785.18,77.53,58,17,37,5.9
Potato,2010,Whole Year ,Manipur,13650.0,114000,2267401.5,3276.0,8.286666667,20.19,1785.18,77.53,58,17,37,5.9
Sugarcane,2010,Whole Year ,Manipur,5200.0,301310,863772.0,1248.0,59.03444444,20.19,1785.18,77.53,58,17,37,5.9
Turmeric,2010,Whole Year ,Manipur,1440.0,16323,239198.4,345.6,11.22666667,20.19,1785.18,77.53,58,17,37,5.9
Potato,2010,Kharif     ,Mizoram,415.0,3610,68935.65,99.6,6.7,22.98,2243.19,79.87,54,15,34,5.7
Potato,2010,Rabi       ,Mizoram,16.0,89,2657.76,3.84,5.56,22.98,2243.19,79.87,54,15,34,5.7
Sugarcane,2010,Whole Year ,Mizoram,1418.0,7900,235543.98,340.32,5.5975,22.98,2243.19,79.87,54,15,34,5.7
Tapioca,2010,Kharif     ,Mizoram,278.0,1080,46178.58,66.72,6.6975,22.98,2243.19,79.87,54,15,34,5.7
Potato,2010,Kharif     ,Nagaland,2750.0,34990,456802.5,660.0,12.74,18.12,1662.35,76.28,56,16,36,5.8
Potato,2010,Rabi       ,Nagaland,3500.0,43410,581385.0,840.0,12.40285714,18.12,1662.35,76.28,56,16,36,5.8
Sugarcane,2010,Kharif     ,Nagaland,4250.0,184920,705967.5,1020.0,43.52909091,18.12,1662.35,76.28,56,16,36,5.8
Tapioca,2010,Kharif     ,Nagaland,1650.0,38790,274081.5,396.0,23.52454545,18.12,1662.35,76.28,56,16,36,5.8
Sugarcane,2010,Whole Year ,Tamil Nadu,315961.0,34251796,52484281.71,75830.64,107.4126667,27.83,1361.98,75.53,80,38,30,6.6
Jute,2010,Kharif     ,Tripura,498.0,4243,82722.78,119.52,8.545,25.5,2054.22,76.54,62,20,35,5.9
Mesta,2010,Kharif     ,Tripura,792.0,6456,131559.12,190.08,8.1575,25.5,2054.22,76.54,62,20,35,5.9
Sugarcane,2010,Whole Year ,Tripura,909.0,46481,150993.99,218.16,51.1425,25.5,2054.22,76.54,62,20,35,5.9
Onion,2010,Rabi       ,Uttar Pradesh,9830.0,180951,1632861.3,2359.2,18.39901408,26.2,930.36,54.63,120,45,35,7.6
Potato,2010,Rabi       ,Uttar Pradesh,556533.0,13576573,92445696.63,133567.92,22.96777778,26.2,930.36,54.63,120,45,35,7.6
Sugarcane,2010,Kharif     ,Uttar Pradesh,2124850.0,120544784,352958833.5,509964.0,52.28,26.2,930.36,54.63,120,45,35,7.6
Sweet potato,2010,Kharif     ,Uttar Pradesh,16779.0,206633,2787159.69,4026.96,12.29888889,26.2,930.36,54.63,120,45,35,7.6
Onion,2010,Whole Year ,Uttarakhand,2230.0,11814,370425.3,535.2,5.695833333,18.67,1784.83,53.6,80,24,38,6.4
Potato,2010,Kharif     ,Uttarakhand,7578.0,72287,1258781.58,1818.72,8.47,18.67,1784.83,53.6,80,24,38,6.4
Potato,2010,Rabi       ,Uttarakhand,4793.0,60822,796165.23,1150.32,12.43307692,18.67,1784.83,53.6,80,24,38,6.4
Sugarcane,2010,Whole Year ,Uttarakhand,102402.0,6235474,17009996.22,24576.48,61.34,18.67,1784.83,53.6,80,24,38,6.4
Potato,2010,Kharif     ,Jammu and Kashmir,1180.0,6495,196009.8,283.2,6.053333333,9.68,870.52,52.64,70,25,42,6.7
Potato,2010,Rabi       ,Jammu and Kashmir,1233.0,16702,204813.63,295.92,17.04,9.68,870.52,52.64,70,25,42,6.7
Onion,2010,Rabi       ,Jharkhand,3026.0,17427,502648.86,726.24,6.59,24.38,943.47,57.31,68,22,30,6.1
Potato,2010,Rabi       ,Jharkhand,18078.0,104669,3002936.58,4338.72,5.753333333,24.38,943.47,57.31,68,22,30,6.1
Coconut ,2010,Whole Year ,West Bengal,28933.0,364187600,4806060.63,6943.92,12327.335,26.24,1356.15,72.9,85,40,45,6.2
Jute,2010,Kharif     ,West Bengal,568463.0,8137465,94427388.93,136431.12,15.62588235,26.24,1356.15,72.9,85,40,45,6.2
Mesta,2010,Kharif     ,West Bengal,6256.0,76752,1039184.16,1501.44,8.576666667,26.24,1356.15,72.9,85,40,45,6.2
Potato,2010,Rabi       ,West Bengal,406349.0,13391235,67498632.39,97523.76,29.27833333,26.24,1356.15,72.9,85,40,45,6.2
Potato,2010,Summer     ,West Bengal,2440.0,29768,405308.4,585.6,12.2,26.24,1356.15,72.9,85,40,45,6.2
Sugarcane,2010,Whole Year ,West Bengal,15017.0,1134059,2494473.87,3604.08,75.264,26.24,1356.15,72.9,85,40,45,6.2
Jute,2011,Kharif     ,Bihar,129070.0,1490696,21621806.4,42593.1,12.275,25.78,1038.06,58.62,85,30,25,7.2
Mesta,2011,Kharif     ,Bihar,20060.0,248116,3360451.2,6619.8,12.03882353,25.78,1038.06,58.62,85,30,25,7.2
Bajra,2011,Whole Year ,Chhattisgarh,876.0,30348,146747.52,289.08,34.86791667,25.56,1521.67,62.28,70,35,20,6.5
Potato,2011,Kharif     ,Chhattisgarh,1847.0,9913,309409.44,609.51,6.5875,25.56,1521.67,62.28,70,35,20,6.5
Potato,2011,Rabi       ,Chhattisgarh,10371.0,55661,1737349.92,3422.43,6.285833333,25.56,1521.67,62.28,70,35,20,6.5
Sugarcane,2011,Whole Year ,Chhattisgarh,8163.0,45441,1367465.76,2693.79,7.9008,25.56,1521.67,62.28,70,35,20,6.5
Sweet potato,2011,Whole Year ,Chhattisgarh,2933.0,14958,491336.16,967.89,5.196666667,25.56,1521.67,62.28,70,35,20,6.5
Banana,2011,Whole Year ,Gujarat,28600.0,2049900,4791072.0,9438.0,63.306,27.33,721.98,50.81,75,38,28,7.8
Garlic,2011,Whole Year ,Gujarat,41800.0,261400,7002336.0,13794.0,5.1405,27.33,721.98,50.81,75,38,28,7.8
Onion,2011,Rabi       ,Gujarat,63600.0,1860500,10654272.0,20988.0,24.66956522,27.33,721.98,50.81,75,38,28,7.8
Onion,2011,Summer     ,Gujarat,9200.0,258600,1541184.0,3036.0,26.965,27.33,721.98,50.81,75,38,28,7.8
Potato,2011,Whole Year ,Gujarat,77800.0,1792300,13033056.0,25674.0,21.34230769,27.33,721.98,50.81,75,38,28,7.8
Sugarcane,2011,Whole Year ,Gujarat,201900.0,12748000,33822288.0,66627.0,58.77166667,27.33,721.98,50.81,75,38,28,7.8
Onion,2011,Whole Year ,Haryana,1860.0,32400,311587.2,613.8,16.7075,23.37,1247.88,53.91,130,48,35,7.9
Potato,2011,Whole Year ,Haryana,12074.0,263000,2022636.48,3984.42,20.60733333,23.37,1247.88,53.91,130,48,35,7.9
Sugarcane,2011,Whole Year ,Haryana,94892.0,695000,15896307.84,31314.36,5.534761905,23.37,1247.88,53.91,130,48,35,7.9
Onion,2011,Rabi       ,Himachal Pradesh,724.0,6262,121284.48,238.92,9.198,20.45,1302.73,55.41,60,20,40,6.0
Potato,2011,Kharif     ,Himachal Pradesh,6423.0,63593,1075980.96,2119.59,11.144,20.45,1302.73,55.41,60,20,40,6.0
Sugarcane,2011,Whole Year ,Himachal Pradesh,1967.0,27771,329511.84,649.11,10.67857143,20.45,1302.73,55.41,60,20,40,6.0
Banana,2011,Whole Year ,Madhya Pradesh,16990.0,599932,2846164.8,5606.7,19.14631579,24.92,1520.33,54.99,70,40,20,7.4
Onion,2011,Whole Year ,Madhya Pradesh,67857.0,1267840,11367404.64,22392.81,17.7412,24.92,1520.33,54.99,70,40,20,7.4
Potato,2011,Whole Year ,Madhya Pradesh,83912.0,1028929,14056938.24,27690.96,11.689375,24.92,1520.33,54.99,70,40,20,7.4
Sugarcane,2011,Whole Year ,Madhya Pradesh,49502.0,1965790,8292575.04,16335.66,26.90304348,24.92,1520.33,54.99,70,40,20,7.4
Sweet potato,2011,Whole Year ,Madhya Pradesh,4924.0,22878,824868.48,1624.92,5.097111111,24.92,1520.33,54.99,70,40,20,7.4
Sugarcane,2011,Whole Year ,Maharashtra,1022000.0,89456100,171205440.0,337260.0,76.54074074,26.51,2598.42,68.45,75,43,26,7.1
Banana,2011,Whole Year ,Manipur,6279.0,81942,1051858.08,2072.07,13.05444444,19.84,1512.52,77.26,58,17,37,5.9
Dry chillies,2011,Whole Year ,Manipur,8337.0,63360,1396614.24,2751.21,7.6,19.84,1512.52,77.26,58,17,37,5.9
Ginger,2011,Kharif     ,Manipur,2374.0,27538,397692.48,783.42,11.6,19.84,1512.52,77.26,58,17,37,5.9
Potato,2011,Whole Year ,Manipur,14400.0,122000,2412288.0,4752.0,8.478888889,19.84,1512.52,77.26,58,17,37,5.9
Sugarcane,2011,Whole Year ,Manipur,5750.0,333000,963240.0,1897.5,57.67333333,19.84,1512.52,77.26,58,17,37,5.9
Turmeric,2011,Whole Year ,Manipur,1556.0,17847,260661.12,513.48,11.47,19.84,1512.52,77.26,58,17,37,5.9
Potato,2011,Kharif     ,Mizoram,319.0,2335,53438.88,105.27,5.87,22.61,1855.02,78.59,54,15,34,5.7
Potato,2011,Rabi       ,Mizoram,90.0,534,15076.8,29.7,5.865,22.61,1855.02,78.59,54,15,34,5.7
Sugarcane,2011,Whole Year ,Mizoram,1463.0,7457,245081.76,482.79,5.845,22.61,1855.02,78.59,54,15,34,5.7
Ginger,2011,Kharif     ,Nagaland,3150.0,28720,527688.0,1039.5,9.116363636,17.62,1416.22,77.45,56,16,36,5.8
Potato,2011,Rabi       ,Nagaland,6510.0,58780,1090555.2,2148.3,9.018181818,17.62,1416.22,77.45,56,16,36,5.8
Sugarcane,2011,Kharif     ,Nagaland,4290.0,186670,718660.8,1415.7,43.49818182,17.62,1416.22,77.45,56,16,36,5.8
Sweet potato,2011,Kharif     ,Nagaland,1150.0,9710,192648.0,379.5,8.441818182,17.62,1416.22,77.45,56,16,36,5.8
Tapioca,2011,Kharif     ,Nagaland,1710.0,40210,286459.2,564.3,23.46909091,17.62,1416.22,77.45,56,16,36,5.8
Sugarcane,2011,Whole Year ,Punjab,80000.0,5653000,13401600.0,26400.0,71.17333333,23.37,1247.88,53.91,150,50,40,8.0
Jute,2011,Kharif     ,Tripura,639.0,5483,107045.28,210.87,8.57,25.2,1629.61,74.09,62,20,35,5.9
Mesta,2011,Kharif     ,Tripura,628.0,5212,105202.56,207.24,8.2775,25.2,1629.61,74.09,62,20,35,5.9
Sugarcane,2011,Whole Year ,Tripura,921.0,45001,154285.92,303.93,48.8375,25.2,1629.61,74.09,62,20,35,5.9
Banana,2011,Summer     ,Uttar Pradesh,2175.0,95023,364356.0,717.75,43.67269231,25.29,1188.78,57.14,120,45,35,7.6
Garlic,2011,Rabi       ,Uttar Pradesh,34427.0,177919,5767211.04,11360.91,5.164098361,25.29,1188.78,57.14,120,45,35,7.6
Onion,2011,Rabi       ,Uttar Pradesh,11464.0,262239,1920449.28,3783.12,22.87569444,25.29,1188.78,57.14,120,45,35,7.6
Onion,2011,Summer     ,Uttar Pradesh,13138.0,142324,2200877.76,4335.54,10.79070423,25.29,1188.78,57.14,120,45,35,7.6
Potato,2011,Rabi       ,Uttar Pradesh,557779.0,12316103,93439138.08,184067.07,21.50819444,25.29,1188.78,57.14,120,45,35,7.6
Sugarcane,2011,Kharif     ,Uttar Pradesh,2162404.0,128818743,362245918.1,713593.32,55.13875,25.29,1188.78,57.14,120,45,35,7.6
Sweet potato,2011,Kharif     ,Uttar Pradesh,17395.0,226031,2914010.4,5740.35,12.99478261,25.29,1188.78,57.14,120,45,35,7.6
Garlic,2011,Whole Year ,Uttarakhand,3039.0,24472,509093.28,1002.87,6.487826087,17.27,1594.41,60.7,80,24,38,6.4
Onion,2011,Whole Year ,Uttarakhand,2149.0,11529,360000.48,709.17,5.808461538,17.27,1594.41,60.7,80,24,38,6.4
Potato,2011,Kharif     ,Uttarakhand,7623.0,78490,1277004.96,2515.59,9.606363636,17.27,1594.41,60.7,80,24,38,6.4
Potato,2011,Rabi       ,Uttarakhand,4642.0,55998,777627.84,1531.86,11.08923077,17.27,1594.41,60.7,80,24,38,6.4
Sugarcane,2011,Whole Year ,Uttarakhand,104210.0,6348078,17457259.2,34389.3,61.1,17.27,1594.41,60.7,80,24,38,6.4
Turmeric,2011,Whole Year ,Uttarakhand,1292.0,11037,216435.84,426.36,8.801,17.27,1594.41,60.7,80,24,38,6.4
Onion,2011,Rabi       ,Jharkhand,3184.0,20676,533383.68,1050.72,6.4995,23.17,1642.21,63.4,68,22,30,6.1
Potato,2011,Rabi       ,Jharkhand,16213.0,119875,2716001.76,5350.29,7.81625,23.17,1642.21,63.4,68,22,30,6.1
Potato,2011,Winter     ,Jharkhand,21703.0,186886,3635686.56,7161.99,7.600909091,23.17,1642.21,63.4,68,22,30,6.1
Sugarcane,2011,Whole Year ,Jharkhand,766.0,27049,128320.32,252.78,33.58888889,23.17,1642.21,63.4,68,22,30,6.1
Coconut ,2011,Whole Year ,West Bengal,29133.0,367500000,4880360.16,9613.89,12317.74,25.68,1715.87,73.59,85,40,45,6.2
Jute,2011,Kharif     ,West Bengal,599027.0,8558607,100349003.0,197678.91,15.07470588,25.68,1715.87,73.59,85,40,45,6.2
Mesta,2011,Kharif     ,West Bengal,5430.0,64429,909633.6,1791.9,9.391111111,25.68,1715.87,73.59,85,40,45,6.2
Potato,2011,Rabi       ,West Bengal,376751.0,9693330,63113327.52,124327.83,26.11722222,25.68,1715.87,73.59,85,40,45,6.2
Potato,2011,Summer     ,West Bengal,2455.0,29706,411261.6,810.15,12.1,25.68,1715.87,73.59,85,40,45,6.2
Sugarcane,2011,Whole Year ,West Bengal,16077.0,1681444,2693219.04,5305.41,107.9205882,25.68,1715.87,73.59,85,40,45,6.2
Jute,2012,Kharif     ,Bihar,123047.0,1490518,18555487.6,38144.57,13.43888889,25.74,991.23,54.72,85,30,25,7.2
Maize,2012,Summer     ,Bihar,189961.0,1038634,28646118.8,58887.91,5.096756757,25.74,991.23,54.72,85,30,25,7.2
Sugarcane,2012,Whole Year ,Bihar,250344.0,12741415,37751875.2,77606.64,59.25057143,25.74,991.23,54.72,85,30,25,7.2
Bajra,2012,Whole Year ,Chhattisgarh,962.0,13320,145069.6,298.22,13.29291667,26.0,1537.64,59.4,70,35,20,6.5
Potato,2012,Kharif     ,Chhattisgarh,1615.0,11121,243542.0,500.65,6.890909091,26.0,1537.64,59.4,70,35,20,6.5
Potato,2012,Rabi       ,Chhattisgarh,10549.0,72640,1590789.2,3270.19,7.416521739,26.0,1537.64,59.4,70,35,20,6.5
Sweet potato,2012,Whole Year ,Chhattisgarh,2661.0,14888,401278.8,824.91,5.426296296,26.0,1537.64,59.4,70,35,20,6.5
Banana,2012,Whole Year ,Gujarat,28100.0,2000600,4237480.0,8711.0,62.463,27.41,545.72,45.45,75,38,28,7.8
Onion,2012,Rabi       ,Gujarat,14500.0,354200,2186600.0,4495.0,23.321,27.41,545.72,45.45,75,38,28,7.8
Onion,2012,Summer     ,Gujarat,2200.0,55000,331760.0,682.0,22.094,27.41,545.72,45.45,75,38,28,7.8
Potato,2012,Whole Year ,Gujarat,71500.0,1789200,10782200.0,22165.0,22.71333333,27.41,545.72,45.45,75,38,28,7.8
Sesamum,2012,Summer     ,Gujarat,3600.0,195500,542880.0,1116.0,69.36666667,27.41,545.72,45.45,75,38,28,7.8
Sugarcane,2012,Whole Year ,Gujarat,176600.0,1260800,26631280.0,54746.0,6.957272727,27.41,545.72,45.45,75,38,28,7.8
Dry chillies,2012,Whole Year ,Haryana,832.0,8000,125465.6,257.92,10.43785714,24.1,851.78,44.99,130,48,35,7.9
Garlic,2012,Whole Year ,Haryana,657.0,6600,99075.6,203.67,9.393333333,24.1,851.78,44.99,130,48,35,7.9
Onion,2012,Whole Year ,Haryana,2330.0,65900,351364.0,722.3,25.96909091,24.1,851.78,44.99,130,48,35,7.9
Potato,2012,Whole Year ,Haryana,12780.0,297900,1927224.0,3961.8,22.85384615,24.1,851.78,44.99,130,48,35,7.9
Sugarcane,2012,Whole Year ,Haryana,100986.0,7500000,15228688.8,31305.66,61.4215,24.1,851.78,44.99,130,48,35,7.9
Sweet potato,2012,Whole Year ,Haryana,179.0,2300,26993.2,55.49,16.78333333,24.1,851.78,44.99,130,48,35,7.9
Ginger,2012,Kharif     ,Himachal Pradesh,2406.0,16872,362824.8,745.86,7.345555556,21.07,878.81,48.09,60,20,40,6.0
Onion,2012,Rabi       ,Himachal Pradesh,748.0,6967,112798.4,231.88,9.482,21.07,878.81,48.09,60,20,40,6.0
Potato,2012,Kharif     ,Himachal Pradesh,6404.0,65510,965723.2,1985.24,10.782,21.07,878.81,48.09,60,20,40,6.0
Sugarcane,2012,Whole Year ,Himachal Pradesh,1836.0,38063,276868.8,569.16,16.37571429,21.07,878.81,48.09,60,20,40,6.0
Banana,2012,Whole Year ,Madhya Pradesh,18019.0,638870,2717265.2,5585.89,13.7473913,24.91,1151.49,50.65,70,40,20,7.4
Onion,2012,Whole Year ,Madhya Pradesh,72818.0,1423301,10980954.4,22573.58,19.753,24.91,1151.49,50.65,70,40,20,7.4
Potato,2012,Whole Year ,Madhya Pradesh,81092.0,1157669,12228673.6,25138.52,13.99122449,24.91,1151.49,50.65,70,40,20,7.4
Sugarcane,2012,Whole Year ,Madhya Pradesh,53901.0,2756580,8128270.8,16709.31,36.84958333,24.91,1151.49,50.65,70,40,20,7.4
Sweet potato,2012,Whole Year ,Madhya Pradesh,4647.0,26213,700767.6,1440.57,5.939777778,24.91,1151.49,50.65,70,40,20,7.4
Sugarcane,2012,Whole Year ,Maharashtra,938100.0,75335000,141465480.0,290811.0,73.4448,26.44,1824.51,66.28,75,43,26,7.1
Banana,2012,Whole Year ,Manipur,6581.0,88186,992414.8,2040.11,13.4,20.18,1379.58,76.1,58,17,37,5.9
Dry chillies,2012,Whole Year ,Manipur,8579.0,67773,1293713.2,2659.49,7.9,20.18,1379.58,76.1,58,17,37,5.9
Ginger,2012,Kharif     ,Manipur,2476.0,29217,373380.8,767.56,11.8,20.18,1379.58,76.1,58,17,37,5.9
Potato,2012,Whole Year ,Manipur,15000.0,127000,2262000.0,4650.0,8.478888889,20.18,1379.58,76.1,58,17,37,5.9
Sugarcane,2012,Whole Year ,Manipur,5500.0,311690,829400.0,1705.0,53.21444444,20.18,1379.58,76.1,58,17,37,5.9
Turmeric,2012,Whole Year ,Manipur,1630.0,19073,245804.0,505.3,11.7,20.18,1379.58,76.1,58,17,37,5.9
Potato,2012,Kharif     ,Mizoram,115.0,807,17342.0,35.65,7.02,22.85,1767.63,76.93,54,15,34,5.7
Potato,2012,Rabi       ,Mizoram,171.0,633,25786.8,53.01,6.02,22.85,1767.63,76.93,54,15,34,5.7
Sugarcane,2012,Whole Year ,Mizoram,1323.0,6795,199508.4,410.13,6.69125,22.85,1767.63,76.93,54,15,34,5.7
Tapioca,2012,Kharif     ,Mizoram,55.0,419,8294.0,17.05,7.94,22.85,1767.63,76.93,54,15,34,5.7
Ginger,2012,Kharif     ,Nagaland,3370.0,30730,508196.0,1044.7,9.116363636,17.95,1329.04,76.09,56,16,36,5.8
Potato,2012,Rabi       ,Nagaland,6900.0,69000,1040520.0,2139.0,9.98,17.95,1329.04,76.09,56,16,36,5.8
Sugarcane,2012,Kharif     ,Nagaland,4310.0,187570,649948.0,1336.1,43.52,17.95,1329.04,76.09,56,16,36,5.8
Sweet potato,2012,Kharif     ,Nagaland,1320.0,11230,199056.0,409.2,8.500909091,17.95,1329.04,76.09,56,16,36,5.8
Tapioca,2012,Kharif     ,Nagaland,1970.0,39810,297076.0,610.7,20.16636364,17.95,1329.04,76.09,56,16,36,5.8
Sugarcane,2012,Whole Year ,Punjab,82000.0,5832000,12365600.0,25420.0,72.55625,24.1,851.78,44.99,150,50,40,8.0
Sugarcane,2012,Whole Year ,Tamil Nadu,348379.0,34014097,52535553.2,107997.49,93.54354839,27.97,1004.69,71.44,80,38,30,6.6
Jute,2012,Kharif     ,Tripura,640.0,5261,96512.0,198.4,8.14625,25.04,1717.8,74.19,62,20,35,5.9
Mesta,2012,Kharif     ,Tripura,641.0,5077,96662.8,198.71,7.9475,25.04,1717.8,74.19,62,20,35,5.9
Sugarcane,2012,Whole Year ,Tripura,900.0,45437,135720.0,279.0,51.42875,25.04,1717.8,74.19,62,20,35,5.9
Banana,2012,Summer     ,Uttar Pradesh,2359.0,105337,355737.2,731.29,44.695,25.28,1108.06,53.41,120,45,35,7.6
Garlic,2012,Rabi       ,Uttar Pradesh,36077.0,187386,5440411.6,11183.87,5.1945,25.28,1108.06,53.41,120,45,35,7.6
Onion,2012,Rabi       ,Uttar Pradesh,10934.0,251513,1648847.2,3389.54,23.00081081,25.28,1108.06,53.41,120,45,35,7.6
Onion,2012,Summer     ,Uttar Pradesh,12387.0,134766,1867959.6,3839.97,10.85549296,25.28,1108.06,53.41,120,45,35,7.6
Potato,2012,Rabi       ,Uttar Pradesh,547660.0,13336619,82587128.0,169774.6,22.3752,25.28,1108.06,53.41,120,45,35,7.6
Sugarcane,2012,Kharif     ,Uttar Pradesh,2211712.0,137904315,333526169.6,685630.72,56.98173333,25.28,1108.06,53.41,120,45,35,7.6
Sweet potato,2012,Kharif     ,Uttar Pradesh,16800.0,217506,2533440.0,5208.0,12.95046875,25.28,1108.06,53.41,120,45,35,7.6
Tobacco,2012,Rabi       ,Uttar Pradesh,23350.0,126223,3521180.0,7238.5,5.349047619,25.28,1108.06,53.41,120,45,35,7.6
Garlic,2012,Whole Year ,Uttarakhand,3551.0,28056,535490.8,1100.81,6.268636364,17.79,1287.03,55.67,80,24,38,6.4
Onion,2012,Whole Year ,Uttarakhand,2322.0,12287,350157.6,719.82,5.809166667,17.79,1287.03,55.67,80,24,38,6.4
Potato,2012,Kharif     ,Uttarakhand,8339.0,69006,1257521.2,2585.09,8.705454545,17.79,1287.03,55.67,80,24,38,6.4
Potato,2012,Rabi       ,Uttarakhand,5317.0,64212,801803.6,1648.27,11.07461538,17.79,1287.03,55.67,80,24,38,6.4
Sugarcane,2012,Whole Year ,Uttarakhand,103983.0,6344504,15680636.4,32234.73,61.14,17.79,1287.03,55.67,80,24,38,6.4
Turmeric,2012,Whole Year ,Uttarakhand,672.0,5246,101337.6,208.32,7.579,17.79,1287.03,55.67,80,24,38,6.4
Onion,2012,Rabi       ,Jharkhand,3087.0,17468,465519.6,956.97,6.117826087,23.11,1362.87,61.41,68,22,30,6.1
Potato,2012,Rabi       ,Jharkhand,16873.0,128549,2544448.4,5230.63,7.279583333,23.11,1362.87,61.41,68,22,30,6.1
Potato,2012,Winter     ,Jharkhand,23093.0,156202,3482424.4,7158.83,6.298695652,23.11,1362.87,61.41,68,22,30,6.1
Sugarcane,2012,Whole Year ,Jharkhand,990.0,48888,149292.0,306.9,46.728,23.11,1362.87,61.41,68,22,30,6.1
Coconut ,2012,Whole Year ,West Bengal,29200.0,369381000,4403360.0,9052.0,12497.47056,25.62,1211.46,72.38,85,40,45,6.2
Jute,2012,Kharif     ,West Bengal,576709.0,8228161,86967717.2,178779.79,15.568125,25.62,1211.46,72.38,85,40,45,6.2
Mesta,2012,Kharif     ,West Bengal,6696.0,82671,1009756.8,2075.76,11.67363636,25.62,1211.46,72.38,85,40,45,6.2
Potato,2012,Rabi       ,West Bengal,386607.0,11591300,58300335.6,119848.17,28.56444444,25.62,1211.46,72.38,85,40,45,6.2
Potato,2012,Summer     ,West Bengal,2446.0,29352,368856.8,758.26,12.0,25.62,1211.46,72.38,85,40,45,6.2
Sugarcane,2012,Whole Year ,West Bengal,16096.0,1617025,2427276.8,4989.76,99.781875,25.62,1211.46,72.38,85,40,45,6.2
Jute,2013,Kharif     ,Bihar,104883.0,1498039,15154544.67,28318.41,14.13615385,25.46,941.26,58.35,85,30,25,7.2
Mesta,2013,Kharif     ,Bihar,16191.0,246996,2339437.59,4371.57,14.3425,25.46,941.26,58.35,85,30,25,7.2
Sugarcane,2013,Whole Year ,Bihar,258068.0,12881781,37288245.32,69678.36,51.20944444,25.46,941.26,58.35,85,30,25,7.2
Bajra,2013,Whole Year ,Chhattisgarh,1240.0,41543,179167.6,334.8,31.91931034,25.85,1643.6,63.2,70,35,20,6.5
Garlic,2013,Rabi       ,Chhattisgarh,41.0,240,5924.09,11.07,5.85,25.85,1643.6,63.2,70,35,20,6.5
Onion,2013,Rabi       ,Chhattisgarh,87.0,1769,12570.63,23.49,20.33,25.85,1643.6,63.2,70,35,20,6.5
Onion,2013,Summer     ,Chhattisgarh,90.0,1211,13004.1,24.3,13.46,25.85,1643.6,63.2,70,35,20,6.5
Onion,2013,Whole Year ,Chhattisgarh,5745.0,40905,830095.05,1551.15,6.4736,25.85,1643.6,63.2,70,35,20,6.5
Potato,2013,Kharif     ,Chhattisgarh,1805.0,8900,260804.45,487.35,5.703846154,25.85,1643.6,63.2,70,35,20,6.5
Potato,2013,Rabi       ,Chhattisgarh,10935.0,53920,1579998.15,2952.45,5.766190476,25.85,1643.6,63.2,70,35,20,6.5
Sugarcane,2013,Kharif     ,Chhattisgarh,44097.0,2129180,6371575.53,11906.19,48.28,25.85,1643.6,63.2,70,35,20,6.5
Sweet potato,2013,Whole Year ,Chhattisgarh,3643.0,19396,526377.07,983.61,5.608461538,25.85,1643.6,63.2,70,35,20,6.5
Banana,2013,Whole Year ,Gujarat,26721.0,1944633,3860917.29,7214.67,71.54363636,26.68,998.76,53.43,75,38,28,7.8
Garlic,2013,Whole Year ,Gujarat,38087.0,234992,5503190.63,10283.49,6.124285714,26.68,998.76,53.43,75,38,28,7.8
Onion,2013,Rabi       ,Gujarat,68688.0,2095709,9924729.12,18545.76,30.73391304,26.68,998.76,53.43,75,38,28,7.8
Onion,2013,Summer     ,Gujarat,11011.0,312805,1590979.39,2972.97,27.96125,26.68,998.76,53.43,75,38,28,7.8
Potato,2013,Whole Year ,Gujarat,79304.0,2106238,11458634.96,21412.08,26.01307692,26.68,998.76,53.43,75,38,28,7.8
Sugarcane,2013,Whole Year ,Gujarat,173065.0,11513762,25006161.85,46727.55,60.88571429,26.68,998.76,53.43,75,38,28,7.8
Garlic,2013,Whole Year ,Haryana,4316.0,36372,623618.84,1165.32,8.170952381,23.55,1403.69,54.16,130,48,35,7.9
Ginger,2013,Whole Year ,Haryana,625.0,8961,90306.25,168.75,14.50666667,23.55,1403.69,54.16,130,48,35,7.9
Onion,2013,Whole Year ,Haryana,30163.0,672164,4358251.87,8144.01,22.45714286,23.55,1403.69,54.16,130,48,35,7.9
Peas & beans (Pulses),2013,Kharif     ,Haryana,15400.0,108824,2225146.0,4158.0,7.160952381,23.55,1403.69,54.16,130,48,35,7.9
Potato,2013,Whole Year ,Haryana,29973.0,696514,4330798.77,8092.71,23.14047619,23.55,1403.69,54.16,130,48,35,7.9
Sugarcane,2013,Whole Year ,Haryana,101000.0,7427000,14593490.0,27270.0,74.98714286,23.55,1403.69,54.16,130,48,35,7.9
Turmeric,2013,Whole Year ,Haryana,3044.0,37595,439827.56,821.88,11.3,23.55,1403.69,54.16,130,48,35,7.9
Onion,2013,Rabi       ,Himachal Pradesh,764.0,7246,110390.36,206.28,9.466666667,20.83,1480.17,56.51,60,20,40,6.0
Potato,2013,Kharif     ,Himachal Pradesh,6228.0,64123,899883.72,1681.56,10.642,20.83,1480.17,56.51,60,20,40,6.0
Banana,2013,Whole Year ,Madhya Pradesh,18637.0,1510351,2692860.13,5031.99,41.16705882,24.61,1627.55,57.52,70,40,20,7.4
Onion,2013,Whole Year ,Madhya Pradesh,79260.0,1476852,11452277.4,21400.2,17.25431373,24.61,1627.55,57.52,70,40,20,7.4
Potato,2013,Whole Year ,Madhya Pradesh,80955.0,1047072,11697187.95,21857.85,13.117,24.61,1627.55,57.52,70,40,20,7.4
Sugarcane,2013,Whole Year ,Madhya Pradesh,55448.0,2797460,8011681.52,14970.96,39.73108696,24.61,1627.55,57.52,70,40,20,7.4
Sweet potato,2013,Whole Year ,Madhya Pradesh,4776.0,30914,690084.24,1289.52,6.665744681,24.61,1627.55,57.52,70,40,20,7.4
Sugarcane,2013,Whole Year ,Maharashtra,937100.0,83954000,135401579.0,253017.0,79.05115385,26.41,2470.43,69.51,75,43,26,7.1
Banana,2013,Whole Year ,Manipur,6700.0,90452,968083.0,1809.0,13.5,20.42,1661.09,77.36,58,17,37,5.9
Dry chillies,2013,Whole Year ,Manipur,8950.0,70617,1293185.5,2416.5,7.89,20.42,1661.09,77.36,58,17,37,5.9
Ginger,2013,Kharif     ,Manipur,2850.0,34200,411796.5,769.5,12.0,20.42,1661.09,77.36,58,17,37,5.9
Potato,2013,Whole Year ,Manipur,14800.0,125420,2138452.0,3996.0,8.48,20.42,1661.09,77.36,58,17,37,5.9
Sugarcane,2013,Whole Year ,Manipur,5850.0,339310,845266.5,1579.5,57.03888889,20.42,1661.09,77.36,58,17,37,5.9
Turmeric,2013,Whole Year ,Manipur,1910.0,22920,275975.9,515.7,12.0,20.42,1661.09,77.36,58,17,37,5.9
Potato,2013,Kharif     ,Mizoram,352.0,2962,50860.48,95.04,7.01,23.06,1923.24,77.34,54,15,34,5.7
Sugarcane,2013,Whole Year ,Mizoram,1421.0,6979,205320.29,383.67,6.84375,23.06,1923.24,77.34,54,15,34,5.7
Tapioca,2013,Kharif     ,Mizoram,223.0,1790,32221.27,60.21,10.674,23.06,1923.24,77.34,54,15,34,5.7
Ginger,2013,Kharif     ,Nagaland,3500.0,31920,505715.0,945.0,9.120909091,18.39,1494.03,76.44,56,16,36,5.8
Potato,2013,Rabi       ,Nagaland,7040.0,70540,1017209.6,1900.8,10.01090909,18.39,1494.03,76.44,56,16,36,5.8
Sweet potato,2013,Kharif     ,Nagaland,1490.0,12680,215290.1,402.3,8.509090909,18.39,1494.03,76.44,56,16,36,5.8
Tapioca,2013,Kharif     ,Nagaland,2080.0,42040,300539.2,561.6,20.20272727,18.39,1494.03,76.44,56,16,36,5.8
Sugarcane,2013,Whole Year ,Punjab,89000.0,6675000,12859610.0,24030.0,77.713125,23.55,1403.69,54.16,150,50,40,8.0
Banana,2013,Whole Year ,Telangana,1522.0,47401,219913.78,410.94,31.14714286,25.5,1008.16,64.9,77,48,24,7.0
Coconut ,2013,Whole Year ,Telangana,428.0,6956712,61841.72,115.56,16254.0,25.5,1008.16,64.9,77,48,24,7.0
Ginger,2013,Kharif     ,Telangana,1767.0,12703,255313.83,477.09,6.776666667,25.5,1008.16,64.9,77,48,24,7.0
Ginger,2013,Rabi       ,Telangana,4.0,26,577.96,1.08,6.5,25.5,1008.16,64.9,77,48,24,7.0
Maize,2013,Rabi       ,Telangana,197322.0,1074644,28511055.78,53276.94,5.292222222,25.5,1008.16,64.9,77,48,24,7.0
Mesta,2013,Kharif     ,Telangana,25.0,229,3612.25,6.75,9.155,25.5,1008.16,64.9,77,48,24,7.0
Mesta,2013,Rabi       ,Telangana,85.0,780,12281.65,22.95,9.18,25.5,1008.16,64.9,77,48,24,7.0
Onion,2013,Kharif     ,Telangana,3984.0,74919,575648.16,1075.68,18.82666667,25.5,1008.16,64.9,77,48,24,7.0
Onion,2013,Rabi       ,Telangana,10794.0,359826,1559625.06,2914.38,31.81375,25.5,1008.16,64.9,77,48,24,7.0
Potato,2013,Whole Year ,Telangana,3512.0,47411,507448.88,948.24,14.71,25.5,1008.16,64.9,77,48,24,7.0
Sugarcane,2013,Kharif     ,Telangana,39309.0,3376625,5679757.41,10613.43,83.91888889,25.5,1008.16,64.9,77,48,24,7.0
Sweet potato,2013,Whole Year ,Telangana,109.0,742,15749.41,29.43,7.57,25.5,1008.16,64.9,77,48,24,7.0
other oilseeds,2013,Kharif     ,Telangana,3645.0,45575,526666.05,984.15,8.973333333,25.5,1008.16,64.9,77,48,24,7.0
Jute,2013,Kharif     ,Tripura,643.0,5370,92907.07,173.61,8.3425,25.28,1833.61,74.84,62,20,35,5.9
Mesta,2013,Kharif     ,Tripura,854.0,7003,123394.46,230.58,8.17625,25.28,1833.61,74.84,62,20,35,5.9
Sugarcane,2013,Whole Year ,Tripura,964.0,49598,139288.36,260.28,52.1675,25.28,1833.61,74.84,62,20,35,5.9
Banana,2013,Summer     ,Uttar Pradesh,2636.0,114776,380875.64,711.72,43.58692308,25.01,1238.3,59.2,120,45,35,7.6
Garlic,2013,Rabi       ,Uttar Pradesh,37238.0,218178,5380518.62,10054.26,5.870166667,25.01,1238.3,59.2,120,45,35,7.6
Ginger,2013,Kharif     ,Uttar Pradesh,813.0,4168,117470.37,219.51,5.093333333,25.01,1238.3,59.2,120,45,35,7.6
Onion,2013,Rabi       ,Uttar Pradesh,12232.0,248779,1767401.68,3302.64,20.33626667,25.01,1238.3,59.2,120,45,35,7.6
Onion,2013,Summer     ,Uttar Pradesh,12195.0,164098,1762055.55,3292.65,13.33986301,25.01,1238.3,59.2,120,45,35,7.6
Potato,2013,Rabi       ,Uttar Pradesh,569806.0,12060013,82331268.94,153847.62,19.44533333,25.01,1238.3,59.2,120,45,35,7.6
Sugarcane,2013,Kharif     ,Uttar Pradesh,2228080.0,142045762,321935279.2,601581.6,59.1904,25.01,1238.3,59.2,120,45,35,7.6
Sweet potato,2013,Kharif     ,Uttar Pradesh,16170.0,213687,2336403.3,4365.9,13.21790323,25.01,1238.3,59.2,120,45,35,7.6
Tobacco,2013,Rabi       ,Uttar Pradesh,25435.0,139946,3675103.15,6867.45,5.3975,25.01,1238.3,59.2,120,45,35,7.6
Garlic,2013,Whole Year ,Uttarakhand,3173.0,20391,458466.77,856.71,5.58173913,17.72,1933.36,63.46,80,24,38,6.4
Onion,2013,Whole Year ,Uttarakhand,2359.0,12452,340851.91,636.93,5.754166667,17.72,1933.36,63.46,80,24,38,6.4
Potato,2013,Kharif     ,Uttarakhand,9246.0,84730,1335954.54,2496.42,9.480909091,17.72,1933.36,63.46,80,24,38,6.4
Potato,2013,Rabi       ,Uttarakhand,5058.0,54900,730830.42,1365.66,10.64153846,17.72,1933.36,63.46,80,24,38,6.4
Sugarcane,2013,Whole Year ,Uttarakhand,106499.0,6061428,15388040.51,28754.73,58.4,17.72,1933.36,63.46,80,24,38,6.4
Onion,2013,Rabi       ,Jharkhand,3640.0,24604,525943.6,982.8,21.76956522,22.78,1431.41,65.79,68,22,30,6.1
Potato,2013,Rabi       ,Jharkhand,17421.0,102216,2517160.29,4703.67,6.32375,22.78,1431.41,65.79,68,22,30,6.1
Potato,2013,Winter     ,Jharkhand,22552.0,155407,3258538.48,6089.04,7.315,22.78,1431.41,65.79,68,22,30,6.1
Sugarcane,2013,Whole Year ,Jharkhand,998.0,56340,144201.02,269.46,49.495,22.78,1431.41,65.79,68,22,30,6.1
Coconut ,2013,Whole Year ,West Bengal,29300.0,370900000,4233557.0,7911.0,12507.61667,25.56,1884.14,73.6,85,40,45,6.2
Jute,2013,Kharif     ,West Bengal,566404.0,8771764,81839713.96,152929.08,16.96777778,25.56,1884.14,73.6,85,40,45,6.2
Mesta,2013,Kharif     ,West Bengal,8443.0,110666,1219929.07,2279.61,11.676,25.56,1884.14,73.6,85,40,45,6.2
Potato,2013,Rabi       ,West Bengal,409749.0,9020547,59204633.01,110632.23,25.34722222,25.56,1884.14,73.6,85,40,45,6.2
Potato,2013,Summer     ,West Bengal,2446.0,29352,353422.54,660.42,12.0,25.56,1884.14,73.6,85,40,45,6.2
Sugarcane,2013,Whole Year ,West Bengal,17021.0,1945042,2459364.29,4595.67,104.2206667,25.56,1884.14,73.6,85,40,45,6.2
Jute,2014,Kharif     ,Bihar,94801.0,1418710,14311158.96,31284.33,14.64727273,25.72,1115.0,58.08,85,30,25,7.2
Mesta,2014,Kharif     ,Bihar,16370.0,218409,2471215.2,5402.1,13.15894737,25.72,1115.0,58.08,85,30,25,7.2
Sugarcane,2014,Whole Year ,Bihar,254338.0,15498951,38394864.48,83931.54,64.80361111,25.72,1115.0,58.08,85,30,25,7.2
Bajra,2014,Whole Year ,Chhattisgarh,1065.0,39983,160772.4,351.45,36.92791667,25.87,1245.23,62.71,70,35,20,6.5
Onion,2014,Whole Year ,Chhattisgarh,4808.0,42902,725815.68,1586.64,8.960869565,25.87,1245.23,62.71,70,35,20,6.5
Potato,2014,Kharif     ,Chhattisgarh,1995.0,11894,301165.2,658.35,6.859166667,25.87,1245.23,62.71,70,35,20,6.5
Potato,2014,Rabi       ,Chhattisgarh,10522.0,62732,1588401.12,3472.26,6.647727273,25.87,1245.23,62.71,70,35,20,6.5
Sugarcane,2014,Whole Year ,Chhattisgarh,12453.0,76149,1879904.88,4109.49,6.040869565,25.87,1245.23,62.71,70,35,20,6.5
Sweet potato,2014,Whole Year ,Chhattisgarh,2553.0,13977,385400.88,842.49,5.429230769,25.87,1245.23,62.71,70,35,20,6.5
Banana,2014,Whole Year ,Gujarat,26989.0,1990076,4074259.44,8906.37,67.33181818,27.49,775.44,48.89,75,38,28,7.8
Garlic,2014,Whole Year ,Gujarat,7844.0,45867,1184130.24,2588.52,5.896,27.49,775.44,48.89,75,38,28,7.8
Onion,2014,Rabi       ,Gujarat,38809.0,1081939,5858606.64,12806.97,28.18724138,27.49,775.44,48.89,75,38,28,7.8
Onion,2014,Summer     ,Gujarat,8185.0,233276,1235607.6,2701.05,26.506,27.49,775.44,48.89,75,38,28,7.8
Potato,2014,Whole Year ,Gujarat,101663.0,2609426,15347046.48,33548.79,25.4975,27.49,775.44,48.89,75,38,28,7.8
Sugarcane,2014,Whole Year ,Gujarat,208553.0,14342042,31483160.88,68822.49,69.400625,27.49,775.44,48.89,75,38,28,7.8
Garlic,2014,Whole Year ,Haryana,3342.0,32575,504508.32,1102.86,10.69666667,24.18,852.59,46.92,130,48,35,7.9
Ginger,2014,Whole Year ,Haryana,285.0,4160,43023.6,94.05,13.93333333,24.18,852.59,46.92,130,48,35,7.9
Onion,2014,Whole Year ,Haryana,28688.0,640215,4330740.48,9467.04,22.56047619,24.18,852.59,46.92,130,48,35,7.9
Peas & beans (Pulses),2014,Kharif     ,Haryana,14703.0,104300,2219564.88,4851.99,7.4015,24.18,852.59,46.92,130,48,35,7.9
Potato,2014,Whole Year ,Haryana,30134.0,722584,4549028.64,9944.22,23.752,24.18,852.59,46.92,130,48,35,7.9
Sugarcane,2014,Whole Year ,Haryana,95000.0,7035000,14341200.0,31350.0,72.15153846,24.18,852.59,46.92,130,48,35,7.9
Turmeric,2014,Whole Year ,Haryana,3046.0,31031,459824.16,1005.18,11.8825,24.18,852.59,46.92,130,48,35,7.9
Ginger,2014,Kharif     ,Himachal Pradesh,2144.0,14712,323658.24,707.52,6.611,21.16,940.1,51.13,60,20,40,6.0
Onion,2014,Rabi       ,Himachal Pradesh,806.0,7600,121673.76,265.98,9.471,21.16,940.1,51.13,60,20,40,6.0
Potato,2014,Kharif     ,Himachal Pradesh,6548.0,65364,988486.08,2160.84,10.461,21.16,940.1,51.13,60,20,40,6.0
Sugarcane,2014,Whole Year ,Himachal Pradesh,1600.0,36681,241536.0,528.0,26.19142857,21.16,940.1,51.13,60,20,40,6.0
Sugarcane,2014,Whole Year ,Madhya Pradesh,102000.0,4090000,15397920.0,33660.0,32.1559375,25.23,1029.09,54.6,70,40,20,7.4
Sugarcane,2014,Whole Year ,Maharashtra,1029500.0,91538100,155413320.0,339735.0,71.18857143,26.96,2364.49,65.52,75,43,26,7.1
Banana,2014,Whole Year ,Manipur,6993.0,94222,1055663.28,2307.69,13.52111111,20.82,1235.91,74.94,58,17,37,5.9
Dry chillies,2014,Whole Year ,Manipur,9498.0,76782,1433818.08,3134.34,8.016666667,20.82,1235.91,74.94,58,17,37,5.9
Ginger,2014,Kharif     ,Manipur,3026.0,36613,456804.96,998.58,12.24888889,20.82,1235.91,74.94,58,17,37,5.9
Potato,2014,Whole Year ,Manipur,14800.0,125420,2234208.0,4884.0,8.48,20.82,1235.91,74.94,58,17,37,5.9
Sugarcane,2014,Whole Year ,Manipur,5850.0,339310,883116.0,1930.5,57.03888889,20.82,1235.91,74.94,58,17,37,5.9
Turmeric,2014,Whole Year ,Manipur,2149.0,25612,324413.04,709.17,11.94444444,20.82,1235.91,74.94,58,17,37,5.9
Potato,2014,Rabi       ,Mizoram,181.0,1176,27323.76,59.73,5.756666667,23.24,1898.19,76.85,54,15,34,5.7
Sugarcane,2014,Whole Year ,Mizoram,1476.0,44257,222816.96,487.08,27.9,23.24,1898.19,76.85,54,15,34,5.7
Tapioca,2014,Kharif     ,Mizoram,161.0,1490,24304.56,53.13,9.096,23.24,1898.19,76.85,54,15,34,5.7
Ginger,2014,Kharif     ,Nagaland,3620.0,33020,546475.2,1194.6,9.122727273,18.58,1170.87,75.38,56,16,36,5.8
Potato,2014,Rabi       ,Nagaland,7200.0,73370,1086912.0,2376.0,10.17181818,18.58,1170.87,75.38,56,16,36,5.8
Sugarcane,2014,Kharif     ,Nagaland,4350.0,189330,656676.0,1435.5,43.52363636,18.58,1170.87,75.38,56,16,36,5.8
Sweet potato,2014,Kharif     ,Nagaland,1570.0,13370,237007.2,518.1,8.514545455,18.58,1170.87,75.38,56,16,36,5.8
Tapioca,2014,Kharif     ,Nagaland,2170.0,43860,327583.2,716.1,20.19363636,18.58,1170.87,75.38,56,16,36,5.8
Sugarcane,2014,Whole Year ,Punjab,94000.0,7039000,14190240.0,31020.0,77.41266667,24.18,852.59,46.92,150,50,40,8.0
Banana,2014,Kharif     ,Telangana,1707.0,71988,257688.72,563.31,42.26375,26.08,638.05,59.27,77,48,24,7.0
Coconut ,2014,Whole Year ,Telangana,439.0,9265095,66271.44,144.87,21105.0,26.08,638.05,59.27,77,48,24,7.0
Ginger,2014,Kharif     ,Telangana,2186.0,16540,329998.56,721.38,7.78,26.08,638.05,59.27,77,48,24,7.0
Mesta,2014,Kharif     ,Telangana,7.0,50,1056.72,2.31,7.14,26.08,638.05,59.27,77,48,24,7.0
Mesta,2014,Rabi       ,Telangana,170.0,1205,25663.2,56.1,7.09,26.08,638.05,59.27,77,48,24,7.0
Onion,2014,Kharif     ,Telangana,5552.0,86305,838129.92,1832.16,15.05142857,26.08,638.05,59.27,77,48,24,7.0
Onion,2014,Rabi       ,Telangana,8367.0,228542,1263082.32,2761.11,26.84555556,26.08,638.05,59.27,77,48,24,7.0
Potato,2014,Kharif     ,Telangana,9.0,173,1358.64,2.97,19.22,26.08,638.05,59.27,77,48,24,7.0
Potato,2014,Rabi       ,Telangana,3037.0,41069,458465.52,1002.21,14.92,26.08,638.05,59.27,77,48,24,7.0
Sugarcane,2014,Kharif     ,Telangana,38139.0,3343035,5757463.44,12585.87,83.8575,26.08,638.05,59.27,77,48,24,7.0
Sweet potato,2014,Kharif     ,Telangana,7.0,55,1056.72,2.31,7.9,26.08,638.05,59.27,77,48,24,7.0
Sweet potato,2014,Rabi       ,Telangana,96.0,744,14492.16,31.68,7.745,26.08,638.05,59.27,77,48,24,7.0
other oilseeds,2014,Kharif     ,Telangana,3475.0,92269,524586.0,1146.75,13.84,26.08,638.05,59.27,77,48,24,7.0
Jute,2014,Kharif     ,Tripura,650.0,5564,98124.0,214.5,8.45625,25.74,1871.72,72.46,62,20,35,5.9
Mesta,2014,Kharif     ,Tripura,627.0,5079,94651.92,206.91,8.12,25.74,1871.72,72.46,62,20,35,5.9
Sugarcane,2014,Whole Year ,Tripura,793.0,41510,119711.28,261.69,52.65875,25.74,1871.72,72.46,62,20,35,5.9
Banana,2014,Summer     ,Uttar Pradesh,2441.0,110118,368493.36,805.53,45.10709677,25.98,881.59,49.36,120,45,35,7.6
Garlic,2014,Rabi       ,Uttar Pradesh,33861.0,196134,5111656.56,11174.13,5.808064516,25.98,881.59,49.36,120,45,35,7.6
Onion,2014,Rabi       ,Uttar Pradesh,10021.0,153311,1512770.16,3306.93,15.2939726,25.98,881.59,49.36,120,45,35,7.6
Onion,2014,Summer     ,Uttar Pradesh,11256.0,170211,1699205.76,3714.48,14.41890411,25.98,881.59,49.36,120,45,35,7.6
Potato,2014,Rabi       ,Uttar Pradesh,575668.0,12986412,86902841.28,189970.44,21.62333333,25.98,881.59,49.36,120,45,35,7.6
Sugarcane,2014,Kharif     ,Uttar Pradesh,2228261.0,146576786,336378280.6,735326.13,59.21533333,25.98,881.59,49.36,120,45,35,7.6
Sweet potato,2014,Kharif     ,Uttar Pradesh,16833.0,208515,2541109.68,5554.89,12.38789474,25.98,881.59,49.36,120,45,35,7.6
Garlic,2014,Kharif     ,Uttarakhand,2081.0,24774,314147.76,686.73,11.075,17.98,1144.15,57.72,80,24,38,6.4
Garlic,2014,Whole Year ,Uttarakhand,2926.0,20380,441708.96,965.58,6.896086957,17.98,1144.15,57.72,80,24,38,6.4
Onion,2014,Whole Year ,Uttarakhand,2825.0,14786,426462.0,932.25,5.744166667,17.98,1144.15,57.72,80,24,38,6.4
Potato,2014,Kharif     ,Uttarakhand,6561.0,70178,990448.56,2165.13,9.715,17.98,1144.15,57.72,80,24,38,6.4
Potato,2014,Rabi       ,Uttarakhand,5262.0,50495,794351.52,1736.46,10.41461538,17.98,1144.15,57.72,80,24,38,6.4
Sugarcane,2014,Whole Year ,Uttarakhand,100737.0,6108965,15207257.52,33243.21,63.462,17.98,1144.15,57.72,80,24,38,6.4
Onion,2014,Rabi       ,Jharkhand,3714.0,21861,560665.44,1225.62,6.09375,23.05,1124.12,63.14,68,22,30,6.1
Potato,2014,Rabi       ,Jharkhand,16999.0,121786,2566169.04,5609.67,7.075,23.05,1124.12,63.14,68,22,30,6.1
Potato,2014,Winter     ,Jharkhand,21548.0,157894,3252886.08,7110.84,7.390869565,23.05,1124.12,63.14,68,22,30,6.1
Sugarcane,2014,Whole Year ,Jharkhand,713.0,37431,107634.48,235.29,42.421,23.05,1124.12,63.14,68,22,30,6.1
Coconut ,2014,Whole Year ,West Bengal,29680.0,372300000,4480492.8,9794.4,12561.52684,25.72,1297.06,72.26,85,40,45,6.2
Jute,2014,Kharif     ,West Bengal,567215.0,8808271,85626776.4,187180.95,16.97882353,25.72,1297.06,72.26,85,40,45,6.2
Mesta,2014,Kharif     ,West Bengal,8882.0,112503,1340826.72,2931.06,11.71181818,25.72,1297.06,72.26,85,40,45,6.2
Potato,2014,Rabi       ,West Bengal,409805.0,13878709,61864162.8,135235.65,30.99555556,25.72,1297.06,72.26,85,40,45,6.2
Potato,2014,Summer     ,West Bengal,2445.0,29340,369097.2,806.85,12.0,25.72,1297.06,72.26,85,40,45,6.2
Sugarcane,2014,Whole Year ,West Bengal,17728.0,2105506,2676218.88,5850.24,105.06875,25.72,1297.06,72.26,85,40,45,6.2
Jute,2015,Kharif     ,Bihar,93909.0,1308635,14829170.19,30989.97,15.8025,26.76,906.63,53.6,85,30,25,7.2
Mesta,2015,Kharif     ,Bihar,16476.0,321729,2601725.16,5437.08,17.67875,26.76,906.63,53.6,85,30,25,7.2
Sugarcane,2015,Whole Year ,Bihar,244021.0,11914615,38533356.11,80526.93,61.67833333,26.76,906.63,53.6,85,30,25,7.2
Bajra,2015,Whole Year ,Chhattisgarh,1211.0,28523,191229.01,399.63,21.06958333,26.21,1145.0,61.26,70,35,20,6.5
Onion,2015,Whole Year ,Chhattisgarh,5170.0,31072,816394.7,1706.1,5.973043478,26.21,1145.0,61.26,70,35,20,6.5
Potato,2015,Kharif     ,Chhattisgarh,1537.0,10321,242707.67,507.21,8.379166667,26.21,1145.0,61.26,70,35,20,6.5
Potato,2015,Rabi       ,Chhattisgarh,11197.0,75177,1768118.27,3695.01,7.626818182,26.21,1145.0,61.26,70,35,20,6.5
Sweet potato,2015,Whole Year ,Chhattisgarh,2652.0,15570,418777.32,875.16,5.950740741,26.21,1145.0,61.26,70,35,20,6.5
Banana,2015,Whole Year ,Gujarat,24439.0,1768164,3859162.49,8064.87,72.35545455,28.0,657.92,45.93,75,38,28,7.8
Garlic,2015,Whole Year ,Gujarat,7594.0,42307,1199168.54,2506.02,5.516666667,28.0,657.92,45.93,75,38,28,7.8
Onion,2015,Rabi       ,Gujarat,52885.0,1424267,8351070.35,17452.05,26.94153846,28.0,657.92,45.93,75,38,28,7.8
Onion,2015,Summer     ,Gujarat,10091.0,286289,1593469.81,3330.03,26.179,28.0,657.92,45.93,75,38,28,7.8
Potato,2015,Whole Year ,Gujarat,109188.0,2773080,17241877.08,36032.04,24.20928571,28.0,657.92,45.93,75,38,28,7.8
Sugarcane,2015,Whole Year ,Gujarat,157130.0,10947109,24812398.3,51852.9,68.724375,28.0,657.92,45.93,75,38,28,7.8
Garlic,2015,Whole Year ,Haryana,3973.0,40497,627376.43,1311.09,9.771428571,23.9,1130.12,50.67,130,48,35,7.9
Ginger,2015,Whole Year ,Haryana,289.0,4304,45635.99,95.37,14.3375,23.9,1130.12,50.67,130,48,35,7.9
Onion,2015,Whole Year ,Haryana,30645.0,705795,4839151.95,10112.85,23.16333333,23.9,1130.12,50.67,130,48,35,7.9
Peas & beans (Pulses),2015,Kharif     ,Haryana,14276.0,111011,2254323.16,4711.08,7.978571429,23.9,1130.12,50.67,130,48,35,7.9
Potato,2015,Whole Year ,Haryana,34273.0,853806,5412049.43,11310.09,24.81095238,23.9,1130.12,50.67,130,48,35,7.9
Sugarcane,2015,Whole Year ,Haryana,93000.0,6992000,14685630.0,30690.0,74.57733333,23.9,1130.12,50.67,130,48,35,7.9
Turmeric,2015,Whole Year ,Haryana,1852.0,20430,292449.32,611.16,10.83636364,23.9,1130.12,50.67,130,48,35,7.9
Ginger,2015,Kharif     ,Himachal Pradesh,2276.0,15389,359403.16,751.08,6.84,21.04,1153.65,54.22,60,20,40,6.0
Onion,2015,Rabi       ,Himachal Pradesh,854.0,8696,134855.14,281.82,9.954,21.04,1153.65,54.22,60,20,40,6.0
Potato,2015,Kharif     ,Himachal Pradesh,6475.0,58138,1022467.25,2136.75,10.163,21.04,1153.65,54.22,60,20,40,6.0
Sugarcane,2015,Whole Year ,Himachal Pradesh,1874.0,37516,295923.34,618.42,16.19714286,21.04,1153.65,54.22,60,20,40,6.0
Banana,2015,Whole Year ,Madhya Pradesh,22631.6,1535834,3573755.956,7468.428,44.46521739,25.13,1316.22,54.43,70,40,20,7.4
Garlic,2015,Whole Year ,Madhya Pradesh,114786.73,1243137,18125972.53,37879.6209,11.2916,25.13,1316.22,54.43,70,40,20,7.4
Ginger,2015,Whole Year ,Madhya Pradesh,20337.91,325432,3211559.368,6711.5103,15.38104167,25.13,1316.22,54.43,70,40,20,7.4
Onion,2015,Whole Year ,Madhya Pradesh,147866.95,3413490,23349670.07,48796.0935,22.43019608,25.13,1316.22,54.43,70,40,20,7.4
Potato,2015,Whole Year ,Madhya Pradesh,135292.29,2828020,21364005.51,44646.4557,20.1022,25.13,1316.22,54.43,70,40,20,7.4
Sugarcane,2015,Whole Year ,Madhya Pradesh,102000.0,5160000,16106820.0,33660.0,42.40736842,25.13,1316.22,54.43,70,40,20,7.4
Sweet potato,2015,Whole Year ,Madhya Pradesh,3376.0,47063,533104.16,1114.08,15.48923077,25.13,1316.22,54.43,70,40,20,7.4
Turmeric,2015,Whole Year ,Madhya Pradesh,9616.06,164637,1518472.035,3173.2998,18.735,25.13,1316.22,54.43,70,40,20,7.4
Sugarcane,2015,Whole Year ,Maharashtra,987100.0,69235400,155872961.0,325743.0,59.97133333,26.95,1706.93,66.95,75,43,26,7.1
Banana,2015,Whole Year ,Manipur,6952.0,93946,1097790.32,2294.16,13.58,20.39,1604.94,78.74,58,17,37,5.9
Dry chillies,2015,Whole Year ,Manipur,199.0,1511,31424.09,65.67,7.786,20.39,1604.94,78.74,58,17,37,5.9
Ginger,2015,Kharif     ,Manipur,3226.0,38092,509417.66,1064.58,11.95,20.39,1604.94,78.74,58,17,37,5.9
Potato,2015,Whole Year ,Manipur,15250.0,129170,2408127.5,5032.5,8.488888889,20.39,1604.94,78.74,58,17,37,5.9
Sugarcane,2015,Whole Year ,Manipur,6000.0,348000,947460.0,1980.0,54.38111111,20.39,1604.94,78.74,58,17,37,5.9
Turmeric,2015,Whole Year ,Manipur,2670.0,30962,421619.7,881.1,11.85666667,20.39,1604.94,78.74,58,17,37,5.9
Onion,2015,Rabi       ,Mizoram,5.0,73,789.55,1.65,14.6,22.69,2597.78,80.72,54,15,34,5.7
Potato,2015,Rabi       ,Mizoram,350.0,2894,55268.5,115.5,6.275,22.69,2597.78,80.72,54,15,34,5.7
Sugarcane,2015,Whole Year ,Mizoram,1542.0,51270,243497.22,508.86,32.8575,22.69,2597.78,80.72,54,15,34,5.7
Ginger,2015,Kharif     ,Nagaland,3720.0,33930,587425.2,1227.6,9.120909091,18.44,1618.04,76.97,56,16,36,5.8
Jute,2015,Kharif     ,Nagaland,2430.0,5830,383721.3,801.9,6.1725,18.44,1618.04,76.97,56,16,36,5.8
Potato,2015,Rabi       ,Nagaland,7310.0,73140,1154322.1,2412.3,9.953636364,18.44,1618.04,76.97,56,16,36,5.8
Sugarcane,2015,Kharif     ,Nagaland,4370.0,190200,690066.7,1442.1,43.52272727,18.44,1618.04,76.97,56,16,36,5.8
Sweet potato,2015,Kharif     ,Nagaland,1640.0,13950,258972.4,541.2,8.504545455,18.44,1618.04,76.97,56,16,36,5.8
Tapioca,2015,Kharif     ,Nagaland,2270.0,45880,358455.7,749.1,20.18818182,18.44,1618.04,76.97,56,16,36,5.8
Sugarcane,2015,Whole Year ,Punjab,90000.0,6607000,14211900.0,29700.0,77.086,23.9,1130.12,50.67,150,50,40,8.0
Banana,2015,Kharif     ,Telangana,1756.0,84008,277289.96,579.48,48.41333333,26.95,440.75,54.46,77,48,24,7.0
Ginger,2015,Kharif     ,Telangana,1822.0,11862,287712.02,601.26,5.5225,26.95,440.75,54.46,77,48,24,7.0
Ginger,2015,Rabi       ,Telangana,6.0,39,947.46,1.98,6.5,26.95,440.75,54.46,77,48,24,7.0
Onion,2015,Kharif     ,Telangana,5269.0,74452,832027.79,1738.77,13.5075,26.95,440.75,54.46,77,48,24,7.0
Onion,2015,Rabi       ,Telangana,10462.0,315376,1652054.42,3452.46,28.95888889,26.95,440.75,54.46,77,48,24,7.0
Potato,2015,Rabi       ,Telangana,2220.0,28466,350560.2,732.6,13.8,26.95,440.75,54.46,77,48,24,7.0
Sugarcane,2015,Kharif     ,Telangana,34895.0,2404655,5510269.45,11515.35,70.39333333,26.95,440.75,54.46,77,48,24,7.0
Sweet potato,2015,Rabi       ,Telangana,87.0,1230,13738.17,28.71,13.3925,26.95,440.75,54.46,77,48,24,7.0
other oilseeds,2015,Kharif     ,Telangana,3894.0,83261,614901.54,1285.02,21.38,26.95,440.75,54.46,77,48,24,7.0
Jute,2015,Kharif     ,Tripura,650.0,5401,102641.5,214.5,8.295,25.32,2412.14,75.86,62,20,35,5.9
Mesta,2015,Kharif     ,Tripura,627.0,5530,99009.57,206.91,8.7475,25.32,2412.14,75.86,62,20,35,5.9
Sugarcane,2015,Whole Year ,Tripura,793.0,40492,125222.63,261.69,51.83875,25.32,2412.14,75.86,62,20,35,5.9
Banana,2015,Summer     ,Uttar Pradesh,4582.0,203406,723543.62,1512.06,44.39435897,26.55,737.89,46.65,120,45,35,7.6
Garlic,2015,Rabi       ,Uttar Pradesh,33599.0,193621,5305618.09,11087.67,5.782931034,26.55,737.89,46.65,120,45,35,7.6
Onion,2015,Rabi       ,Uttar Pradesh,10390.0,122238,1640684.9,3428.7,11.76805556,26.55,737.89,46.65,120,45,35,7.6
Onion,2015,Summer     ,Uttar Pradesh,13796.0,187324,2178526.36,4552.68,13.14577465,26.55,737.89,46.65,120,45,35,7.6
Potato,2015,Rabi       ,Uttar Pradesh,612600.0,14112748,96735666.0,202158.0,22.6352,26.55,737.89,46.65,120,45,35,7.6
Sugarcane,2015,Kharif     ,Uttar Pradesh,2168888.0,145384798,342489104.1,715733.04,59.79746667,26.55,737.89,46.65,120,45,35,7.6
Sweet potato,2015,Kharif     ,Uttar Pradesh,14069.0,169588,2221635.79,4642.77,12.04796296,26.55,737.89,46.65,120,45,35,7.6
Garlic,2015,Whole Year ,Uttarakhand,3564.0,21718,562791.24,1176.12,5.617083333,18.09,1272.14,59.42,80,24,38,6.4
Onion,2015,Whole Year ,Uttarakhand,3268.0,17246,516049.88,1078.44,5.505833333,18.09,1272.14,59.42,80,24,38,6.4
Potato,2015,Kharif     ,Uttarakhand,7364.0,69359,1162849.24,2430.12,9.873333333,18.09,1272.14,59.42,80,24,38,6.4
Potato,2015,Rabi       ,Uttarakhand,4863.0,40894,767916.33,1604.79,9.324615385,18.09,1272.14,59.42,80,24,38,6.4
Sugarcane,2015,Whole Year ,Uttarakhand,95538.0,5656014,15086405.58,31527.54,63.5,18.09,1272.14,59.42,80,24,38,6.4
Onion,2015,Rabi       ,Jharkhand,3129.0,19999,494100.39,1032.57,8.018181818,23.6,1393.38,62.12,68,22,30,6.1
Potato,2015,Rabi       ,Jharkhand,16418.0,100932,2592566.38,5417.94,6.687391304,23.6,1393.38,62.12,68,22,30,6.1
Potato,2015,Winter     ,Jharkhand,22294.0,154432,3520445.54,7357.02,7.95,23.6,1393.38,62.12,68,22,30,6.1
Coconut ,2015,Whole Year ,West Bengal,29513.0,373647500,4660397.83,9739.29,12593.58421,26.07,1634.51,72.98,85,40,45,6.2
Jute,2015,Kharif     ,West Bengal,544701.0,7667066,86013734.91,179751.33,15.37588235,26.07,1634.51,72.98,85,40,45,6.2
Mesta,2015,Kharif     ,West Bengal,9379.0,109716,1481037.89,3095.07,9.565,26.07,1634.51,72.98,85,40,45,6.2
Potato,2015,Rabi       ,West Bengal,489959.0,9696830,77369425.69,161686.47,21.85277778,26.07,1634.51,72.98,85,40,45,6.2
Potato,2015,Summer     ,West Bengal,2445.0,29462,386089.95,806.85,12.05,26.07,1634.51,72.98,85,40,45,6.2
Sugarcane,2015,Whole Year ,West Bengal,17403.0,1327805,2748107.73,5742.99,80.046875,26.07,1634.51,72.98,85,40,45,6.2
Ginger,2016,Whole Year ,Arunachal Pradesh,7775.0,56758,1191518.75,2721.25,6.432,23.02,2231.63,79.53,55,15,35,5.5
Potato,2016,Whole Year ,Arunachal Pradesh,5985.0,43092,917201.25,2094.75,6.596,23.02,2231.63,79.53,55,15,35,5.5
Sugarcane,2016,Whole Year ,Arunachal Pradesh,2075.0,44405,317993.75,726.25,22.59461538,23.02,2231.63,79.53,55,15,35,5.5
Jute,2016,Kharif     ,Bihar,91380.0,1355875,14003985.0,31983.0,16.25875,26.75,965.89,55.5,85,30,25,7.2
Maize,2016,Rabi       ,Bihar,284883.0,2131513,43658319.75,99709.05,6.058181818,26.75,965.89,55.5,85,30,25,7.2
Onion,2016,Rabi       ,Bihar,13634.0,161682,2089410.5,4771.9,10.70864865,26.75,965.89,55.5,85,30,25,7.2
Potato,2016,Rabi       ,Bihar,92721.0,1263936,14209493.25,32452.35,14.89184211,26.75,965.89,55.5,85,30,25,7.2
Potato,2016,Winter     ,Bihar,71980.0,882007,11030935.0,25193.0,13.02875,26.75,965.89,55.5,85,30,25,7.2
Sugarcane,2016,Whole Year ,Bihar,239567.0,13036006,36713642.75,83848.45,65.16235294,26.75,965.89,55.5,85,30,25,7.2
Bajra,2016,Whole Year ,Chhattisgarh,1157.0,25093,177310.25,404.95,22.46304348,26.65,1251.59,58.15,70,35,20,6.5
Potato,2016,Kharif     ,Chhattisgarh,1398.0,6346,214243.5,489.3,5.674166667,26.65,1251.59,58.15,70,35,20,6.5
Potato,2016,Rabi       ,Chhattisgarh,10912.0,49530,1672264.0,3819.2,5.23826087,26.65,1251.59,58.15,70,35,20,6.5
Sweet potato,2016,Whole Year ,Chhattisgarh,2443.0,13498,374389.75,855.05,5.757083333,26.65,1251.59,58.15,70,35,20,6.5
Banana,2016,Whole Year ,Gujarat,28500.0,2332252,4367625.0,9975.0,82.90272727,28.08,551.92,45.4,75,38,28,7.8
Onion,2016,Rabi       ,Gujarat,42408.0,1104672,6499026.0,14842.8,26.38703704,28.08,551.92,45.4,75,38,28,7.8
Onion,2016,Summer     ,Gujarat,13489.0,400128,2067189.25,4721.15,26.55533333,28.08,551.92,45.4,75,38,28,7.8
Potato,2016,Whole Year ,Gujarat,134306.0,3445898,20582394.5,47007.1,24.92625,28.08,551.92,45.4,75,38,28,7.8
Sugarcane,2016,Whole Year ,Gujarat,157987.0,10786971,24211507.75,55295.45,64.44533333,28.08,551.92,45.4,75,38,28,7.8
Garlic,2016,Whole Year ,Haryana,3878.0,40764,594303.5,1357.3,10.1747619,24.96,893.69,43.94,130,48,35,7.9
Ginger,2016,Whole Year ,Haryana,108.0,1877,16551.0,37.8,15.10333333,24.96,893.69,43.94,130,48,35,7.9
Onion,2016,Whole Year ,Haryana,28164.0,650394,4316133.0,9857.4,24.83,24.96,893.69,43.94,130,48,35,7.9
Peas & beans (Pulses),2016,Kharif     ,Haryana,14225.0,105318,2179981.25,4978.75,8.504761905,24.96,893.69,43.94,130,48,35,7.9
Potato,2016,Whole Year ,Haryana,32832.0,811499,5031504.0,11491.2,24.84571429,24.96,893.69,43.94,130,48,35,7.9
Sugarcane,2016,Whole Year ,Haryana,101500.0,8167000,15554875.0,35525.0,77.64055556,24.96,893.69,43.94,130,48,35,7.9
Turmeric,2016,Whole Year ,Haryana,1885.0,23797,288876.25,659.75,12.551,24.96,893.69,43.94,130,48,35,7.9
Potato,2016,Kharif     ,Himachal Pradesh,6448.0,64460,988156.0,2256.8,11.604,22.02,969.66,48.28,60,20,40,6.0
Sugarcane,2016,Whole Year ,Himachal Pradesh,1953.0,47999,299297.25,683.55,17.29142857,22.02,969.66,48.28,60,20,40,6.0
Banana,2016,Whole Year ,Madhya Pradesh,26969.8,1873689,4133121.85,9439.43,44.61416667,25.45,1563.81,51.96,70,40,20,7.4
Garlic,2016,Whole Year ,Madhya Pradesh,156880.15,1716856,24041882.99,54908.0525,11.132,25.45,1563.81,51.96,70,40,20,7.4
Ginger,2016,Whole Year ,Madhya Pradesh,23153.07,372640,3548207.978,8103.5745,16.16854167,25.45,1563.81,51.96,70,40,20,7.4
Onion,2016,Whole Year ,Madhya Pradesh,150839.21,3821047,23116108.93,52793.7235,23.96137255,25.45,1563.81,51.96,70,40,20,7.4
Potato,2016,Whole Year ,Madhya Pradesh,159997.16,3460981,24519564.77,55999.006,21.3086,25.45,1563.81,51.96,70,40,20,7.4
Sugarcane,2016,Whole Year ,Madhya Pradesh,91930.0,4726000,14088272.5,32175.5,30.362,25.45,1563.81,51.96,70,40,20,7.4
Sweet potato,2016,Whole Year ,Madhya Pradesh,4432.2,63449,679234.65,1551.27,17.19387097,25.45,1563.81,51.96,70,40,20,7.4
Turmeric,2016,Whole Year ,Madhya Pradesh,12876.75,229581,1973361.938,4506.8625,19.30891304,25.45,1563.81,51.96,70,40,20,7.4
Sesamum,2016,Rabi       ,Maharashtra,2332.0,55588,357379.0,816.2,32.58882353,26.56,2971.43,66.87,75,43,26,7.1
Sugarcane,2016,Whole Year ,Maharashtra,633269.0,54236984,97048474.25,221644.15,69.409,26.56,2971.43,66.87,75,43,26,7.1
Banana,2016,Whole Year ,Manipur,8194.0,109822,1255730.5,2867.9,13.55111111,20.59,1623.84,81.11,58,17,37,5.9
Dry chillies,2016,Whole Year ,Manipur,359.0,2560,55016.75,125.65,7.546666667,20.59,1623.84,81.11,58,17,37,5.9
Ginger,2016,Kharif     ,Manipur,5620.0,52433,861265.0,1967.0,11.48111111,20.59,1623.84,81.11,58,17,37,5.9
Potato,2016,Whole Year ,Manipur,15250.0,126860,2337062.5,5337.5,8.3,20.59,1623.84,81.11,58,17,37,5.9
Sugarcane,2016,Whole Year ,Manipur,6000.0,348000,919500.0,2100.0,54.38111111,20.59,1623.84,81.11,58,17,37,5.9
Turmeric,2016,Whole Year ,Manipur,2591.0,29892,397070.75,906.85,11.78333333,20.59,1623.84,81.11,58,17,37,5.9
Potato,2016,Rabi       ,Mizoram,43.0,250,6589.75,15.05,5.81,23.1,2677.01,83.03,54,15,34,5.7
Sugarcane,2016,Whole Year ,Mizoram,1588.0,50532,243361.0,555.8,30.9975,23.1,2677.01,83.03,54,15,34,5.7
Tapioca,2016,Kharif     ,Mizoram,164.0,1884,25133.0,57.4,10.20666667,23.1,2677.01,83.03,54,15,34,5.7
Ginger,2016,Kharif     ,Nagaland,3860.0,35220,591545.0,1351.0,9.126363636,18.62,1528.26,78.81,56,16,36,5.8
Potato,2016,Rabi       ,Nagaland,7480.0,74840,1146310.0,2618.0,10.0,18.62,1528.26,78.81,56,16,36,5.8
Sugarcane,2016,Kharif     ,Nagaland,4420.0,192390,677365.0,1547.0,43.71090909,18.62,1528.26,78.81,56,16,36,5.8
Sweet potato,2016,Kharif     ,Nagaland,1770.0,15070,271252.5,619.5,8.512727273,18.62,1528.26,78.81,56,16,36,5.8
Tapioca,2016,Kharif     ,Nagaland,2380.0,48170,364735.0,833.0,20.24818182,18.62,1528.26,78.81,56,16,36,5.8
Sugarcane,2016,Whole Year ,Punjab,88000.0,7152000,13486000.0,30800.0,83.69333333,24.96,893.69,43.94,150,50,40,8.0
Banana,2016,Kharif     ,Telangana,1579.0,72995,241981.75,552.65,45.93,26.23,741.24,58.22,77,48,24,7.0
Dry chillies,2016,Rabi       ,Telangana,14653.0,81224,2245572.25,5128.55,5.504347826,26.23,741.24,58.22,77,48,24,7.0
Ginger,2016,Kharif     ,Telangana,1978.0,13817,303128.5,692.3,6.998,26.23,741.24,58.22,77,48,24,7.0
Ginger,2016,Rabi       ,Telangana,39.0,272,5976.75,13.65,6.985,26.23,741.24,58.22,77,48,24,7.0
Maize,2016,Rabi       ,Telangana,165415.0,1125685,25349848.75,57895.25,6.661666667,26.23,741.24,58.22,77,48,24,7.0
Onion,2016,Kharif     ,Telangana,6153.0,92896,942947.25,2153.55,15.68529412,26.23,741.24,58.22,77,48,24,7.0
Onion,2016,Rabi       ,Telangana,9423.0,309477,1444074.75,3298.05,31.11925926,26.23,741.24,58.22,77,48,24,7.0
Potato,2016,Kharif     ,Telangana,37.0,405,5670.25,12.95,10.795,26.23,741.24,58.22,77,48,24,7.0
Potato,2016,Rabi       ,Telangana,3192.0,32377,489174.0,1117.2,10.56111111,26.23,741.24,58.22,77,48,24,7.0
Sugarcane,2016,Kharif     ,Telangana,29357.0,2061312,4498960.25,10274.95,65.524,26.23,741.24,58.22,77,48,24,7.0
Sweet potato,2016,Rabi       ,Telangana,199.0,1672,30496.75,69.65,9.564,26.23,741.24,58.22,77,48,24,7.0
Turmeric,2016,Kharif     ,Telangana,50566.0,305043,7749239.5,17698.1,5.839166667,26.23,741.24,58.22,77,48,24,7.0
Turmeric,2016,Rabi       ,Telangana,9.0,54,1379.25,3.15,6.0,26.23,741.24,58.22,77,48,24,7.0
Jute,2016,Kharif     ,Tripura,590.0,5369,90417.5,206.5,9.11125,25.77,2800.81,78.38,62,20,35,5.9
Mesta,2016,Kharif     ,Tripura,583.0,4961,89344.75,204.05,8.505,25.77,2800.81,78.38,62,20,35,5.9
Sugarcane,2016,Whole Year ,Tripura,822.0,44100,125971.5,287.7,54.71125,25.77,2800.81,78.38,62,20,35,5.9
Banana,2016,Summer     ,Uttar Pradesh,3376.0,186413,517372.0,1181.6,55.18416667,26.39,1050.69,49.13,120,45,35,7.6
Garlic,2016,Rabi       ,Uttar Pradesh,35151.0,223546,5386890.75,12302.85,6.333114754,26.39,1050.69,49.13,120,45,35,7.6
Onion,2016,Rabi       ,Uttar Pradesh,10526.0,146606,1613109.5,3684.1,13.93273973,26.39,1050.69,49.13,120,45,35,7.6
Onion,2016,Summer     ,Uttar Pradesh,12815.0,173372,1963898.75,4485.25,13.28542857,26.39,1050.69,49.13,120,45,35,7.6
Potato,2016,Rabi       ,Uttar Pradesh,575641.0,13956310,88216983.25,201474.35,23.69093333,26.39,1050.69,49.13,120,45,35,7.6
Sugarcane,2016,Kharif     ,Uttar Pradesh,2159841.0,156948671,330995633.3,755944.35,64.83346667,26.39,1050.69,49.13,120,45,35,7.6
Sweet potato,2016,Kharif     ,Uttar Pradesh,15682.0,175102,2403266.5,5488.7,11.15094595,26.39,1050.69,49.13,120,45,35,7.6
Garlic,2016,Whole Year ,Uttarakhand,3818.0,23465,585108.5,1336.3,5.307142857,18.92,1049.03,53.63,80,24,38,6.4
Onion,2016,Whole Year ,Uttarakhand,3557.0,29892,545110.25,1244.95,7.258333333,18.92,1049.03,53.63,80,24,38,6.4
Potato,2016,Kharif     ,Uttarakhand,6583.0,55540,1008844.75,2304.05,9.679090909,18.92,1049.03,53.63,80,24,38,6.4
Potato,2016,Rabi       ,Uttarakhand,5688.0,68184,871686.0,1990.8,11.89615385,18.92,1049.03,53.63,80,24,38,6.4
Sugarcane,2016,Whole Year ,Uttarakhand,91995.0,5445379,14098233.75,32198.25,63.694,18.92,1049.03,53.63,80,24,38,6.4
Onion,2016,Rabi       ,Jharkhand,3646.0,29203,558749.5,1276.1,7.856666667,23.91,1330.09,61.07,68,22,30,6.1
Potato,2016,Rabi       ,Jharkhand,24736.0,226561,3790792.0,8657.6,10.60166667,23.91,1330.09,61.07,68,22,30,6.1
Potato,2016,Winter     ,Jharkhand,20926.0,166162,3206909.5,7324.1,8.624285714,23.91,1330.09,61.07,68,22,30,6.1
Coconut ,2016,Whole Year ,West Bengal,29625.0,375400000,4540031.25,10368.75,12686.74,26.47,1629.13,73.52,85,40,45,6.2
Jute,2016,Kharif     ,West Bengal,522470.0,8187658,80068527.5,182864.5,16.75789474,26.47,1629.13,73.52,85,40,45,6.2
Mesta,2016,Kharif     ,West Bengal,13695.0,161931,2098758.75,4793.25,10.55714286,26.47,1629.13,73.52,85,40,45,6.2
Potato,2016,Rabi       ,West Bengal,414490.0,14464124,63520592.5,145071.5,29.99272727,26.47,1629.13,73.52,85,40,45,6.2
Potato,2016,Summer     ,West Bengal,2590.0,25329,396917.5,906.5,7.125,26.47,1629.13,73.52,85,40,45,6.2
Sugarcane,2016,Whole Year ,West Bengal,20995.0,1549747,3217483.75,7348.25,72.57105263,26.47,1629.13,73.52,85,40,45,6.2
Ginger,2017,Whole Year ,Arunachal Pradesh,7860.0,55806,1237478.4,2986.8,6.07,22.87,2723.75,79.19,55,15,35,5.5
Potato,2017,Whole Year ,Arunachal Pradesh,6075.0,44044,956448.0,2308.5,6.7155,22.87,2723.75,79.19,55,15,35,5.5
Sugarcane,2017,Whole Year ,Arunachal Pradesh,2110.0,45154,332198.4,801.8,22.44230769,22.87,2723.75,79.19,55,15,35,5.5
Jute,2017,Kharif     ,Bihar,83472.0,1109702,13141831.68,31719.36,17.72428571,26.95,844.78,55.07,85,30,25,7.2
Maize,2017,Rabi       ,Bihar,268085.0,1645555,42207302.4,101872.3,5.3121875,26.95,844.78,55.07,85,30,25,7.2
Onion,2017,Rabi       ,Bihar,13130.0,185740,2067187.2,4989.4,13.78428571,26.95,844.78,55.07,85,30,25,7.2
Potato,2017,Rabi       ,Bihar,87938.0,1257276,13844958.72,33416.44,14.39783784,26.95,844.78,55.07,85,30,25,7.2
Potato,2017,Winter     ,Bihar,67636.0,908446,10648611.84,25701.68,13.43027778,26.95,844.78,55.07,85,30,25,7.2
Sugarcane,2017,Whole Year ,Bihar,233769.0,13824707,36804591.36,88832.22,57.5275,26.95,844.78,55.07,85,30,25,7.2
Bajra,2017,Whole Year ,Chhattisgarh,1307.0,24969,205774.08,496.66,17.08227273,26.56,1172.02,58.02,70,35,20,6.5
Onion,2017,Whole Year ,Chhattisgarh,4238.0,28864,667230.72,1610.44,6.250869565,26.56,1172.02,58.02,70,35,20,6.5
Sweet potato,2017,Whole Year ,Chhattisgarh,2511.0,14438,395331.84,954.18,5.702083333,26.56,1172.02,58.02,70,35,20,6.5
Banana,2017,Whole Year ,Gujarat,29630.0,2125489,4664947.2,11259.4,71.83,27.49,860.9,48.49,75,38,28,7.8
Garlic,2017,Whole Year ,Gujarat,19408.0,134976,3055595.52,7375.04,6.755652174,27.49,860.9,48.49,75,38,28,7.8
Onion,2017,Rabi       ,Gujarat,42668.0,1223608,6717649.92,16213.84,28.7637931,27.49,860.9,48.49,75,38,28,7.8
Onion,2017,Summer     ,Gujarat,11801.0,318222,1857949.44,4484.38,25.194,27.49,860.9,48.49,75,38,28,7.8
Potato,2017,Whole Year ,Gujarat,130397.0,3752816,20529703.68,49550.86,27.283125,27.49,860.9,48.49,75,38,28,7.8
Sugarcane,2017,Whole Year ,Gujarat,181699.0,11622609,28606690.56,69045.62,61.96529412,27.49,860.9,48.49,75,38,28,7.8
Garlic,2017,Whole Year ,Haryana,4420.0,51356,695884.8,1679.6,12.01368421,24.11,1232.64,49.77,130,48,35,7.9
Ginger,2017,Whole Year ,Haryana,592.0,4468,93204.48,224.96,7.713333333,24.11,1232.64,49.77,130,48,35,7.9
Onion,2017,Whole Year ,Haryana,29931.0,701504,4712336.64,11373.78,23.97666667,24.11,1232.64,49.77,130,48,35,7.9
Peas & beans (Pulses),2017,Kharif     ,Haryana,15559.0,135147,2449608.96,5912.42,9.862857143,24.11,1232.64,49.77,130,48,35,7.9
Potato,2017,Whole Year ,Haryana,34718.0,897576,5466001.92,13192.84,26.06142857,24.11,1232.64,49.77,130,48,35,7.9
Sugarcane,2017,Whole Year ,Haryana,114900.0,9708800,18089856.0,43662.0,82.12473684,24.11,1232.64,49.77,130,48,35,7.9
Turmeric,2017,Whole Year ,Haryana,829.0,10898,130517.76,315.02,12.501,24.11,1232.64,49.77,130,48,35,7.9
Onion,2017,Rabi       ,Himachal Pradesh,594.0,3732,93519.36,225.72,6.06,21.26,1235.12,52.75,60,20,40,6.0
Potato,2017,Kharif     ,Himachal Pradesh,6458.0,63460,1016747.52,2454.04,10.488,21.26,1235.12,52.75,60,20,40,6.0
Potato,2017,Rabi       ,Himachal Pradesh,3413.0,24219,537342.72,1296.94,5.426,21.26,1235.12,52.75,60,20,40,6.0
Sugarcane,2017,Whole Year ,Himachal Pradesh,1874.0,36730,295042.56,712.12,17.11714286,21.26,1235.12,52.75,60,20,40,6.0
Banana,2017,Whole Year ,Madhya Pradesh,26375.05,1834029,4152487.872,10022.519,47.73208333,25.79,870.76,48.67,70,40,20,7.4
Garlic,2017,Whole Year ,Madhya Pradesh,186179.25,1882969,29312061.12,70748.115,10.2188,25.79,870.76,48.67,70,40,20,7.4
Ginger,2017,Whole Year ,Madhya Pradesh,23431.48,377473,3689052.211,8903.9624,16.20208333,25.79,870.76,48.67,70,40,20,7.4
Onion,2017,Whole Year ,Madhya Pradesh,150865.6,3701014,23752280.06,57328.928,23.00568627,25.79,870.76,48.67,70,40,20,7.4
Potato,2017,Whole Year ,Madhya Pradesh,136290.21,3144644,21457530.66,51790.2798,21.3776,25.79,870.76,48.67,70,40,20,7.4
Sugarcane,2017,Whole Year ,Madhya Pradesh,98040.0,5432600,15435417.6,37255.2,44.49714286,25.79,870.76,48.67,70,40,20,7.4
Sweet potato,2017,Whole Year ,Madhya Pradesh,5196.15,78914,818081.856,1974.537,17.36147059,25.79,870.76,48.67,70,40,20,7.4
Turmeric,2017,Whole Year ,Madhya Pradesh,11697.5,206472,1841654.4,4445.05,19.065,25.79,870.76,48.67,70,40,20,7.4
Sugarcane,2017,Whole Year ,Maharashtra,902035.0,82539200,142016390.4,342773.3,66.33833333,26.76,2949.76,67.44,75,43,26,7.1
Banana,2017,Whole Year ,Manipur,6932.0,93477,1091374.08,2634.16,13.48444444,20.26,2054.32,81.63,58,17,37,5.9
Dry chillies,2017,Whole Year ,Manipur,472.0,3538,74311.68,179.36,7.854285714,20.26,2054.32,81.63,58,17,37,5.9
Ginger,2017,Kharif     ,Manipur,5515.0,79775,868281.6,2095.7,12.2,20.26,2054.32,81.63,58,17,37,5.9
Potato,2017,Whole Year ,Manipur,15250.0,129170,2400960.0,5795.0,8.488888889,20.26,2054.32,81.63,58,17,37,5.9
Sugarcane,2017,Whole Year ,Manipur,6000.0,348000,944640.0,2280.0,54.38111111,20.26,2054.32,81.63,58,17,37,5.9
Turmeric,2017,Whole Year ,Manipur,2552.0,30748,401786.88,969.76,12.4525,20.26,2054.32,81.63,58,17,37,5.9
Onion,2017,Rabi       ,Mizoram,110.9,430,17460.096,42.142,7.24,22.6,4613.17,86.06,54,15,34,5.7
Potato,2017,Rabi       ,Mizoram,157.0,798,24718.08,59.66,5.488,22.6,4613.17,86.06,54,15,34,5.7
Sugarcane,2017,Whole Year ,Mizoram,1558.8,44836,245417.472,592.344,25.2375,22.6,4613.17,86.06,54,15,34,5.7
Tapioca,2017,Kharif     ,Mizoram,194.0,1914,30543.36,73.72,9.876666667,22.6,4613.17,86.06,54,15,34,5.7
Ginger,2017,Kharif     ,Nagaland,3920.0,35860,617164.8,1489.6,9.150909091,18.47,1957.87,78.51,56,16,36,5.8
Potato,2017,Rabi       ,Nagaland,7500.0,75020,1180800.0,2850.0,9.989090909,18.47,1957.87,78.51,56,16,36,5.8
Sugarcane,2017,Kharif     ,Nagaland,4430.0,192750,697459.2,1683.4,43.50363636,18.47,1957.87,78.51,56,16,36,5.8
Sweet potato,2017,Kharif     ,Nagaland,1800.0,15320,283392.0,684.0,8.51,18.47,1957.87,78.51,56,16,36,5.8
Tapioca,2017,Kharif     ,Nagaland,2500.0,50650,393600.0,950.0,20.26272727,18.47,1957.87,78.51,56,16,36,5.8
Sugarcane,2017,Whole Year ,Punjab,96000.0,8024000,15114240.0,36480.0,84.3725,24.11,1232.64,49.77,150,50,40,8.0
Banana,2017,Kharif     ,Telangana,1717.0,110607,270324.48,652.46,64.51083333,26.11,786.52,57.94,77,48,24,7.0
Dry chillies,2017,Rabi       ,Telangana,10660.0,61858,1678310.4,4050.8,5.780625,26.11,786.52,57.94,77,48,24,7.0
Ginger,2017,Kharif     ,Telangana,1840.0,12982,289689.6,699.2,5.628,26.11,786.52,57.94,77,48,24,7.0
Maize,2017,Rabi       ,Telangana,167254.0,1154219,26332469.76,63556.52,6.646333333,26.11,786.52,57.94,77,48,24,7.0
Onion,2017,Kharif     ,Telangana,4319.0,79105,679983.36,1641.22,18.15833333,26.11,786.52,57.94,77,48,24,7.0
Onion,2017,Rabi       ,Telangana,9378.0,341048,1476472.32,3563.64,34.61428571,26.11,786.52,57.94,77,48,24,7.0
Potato,2017,Kharif     ,Telangana,19.0,163,2991.36,7.22,7.94,26.11,786.52,57.94,77,48,24,7.0
Potato,2017,Rabi       ,Telangana,2160.0,25925,340070.4,820.8,11.048,26.11,786.52,57.94,77,48,24,7.0
Sugarcane,2017,Kharif     ,Telangana,35788.0,2663092,5634462.72,13599.44,77.33636364,26.11,786.52,57.94,77,48,24,7.0
Sweet potato,2017,Rabi       ,Telangana,199.0,1542,31330.56,75.62,7.776666667,26.11,786.52,57.94,77,48,24,7.0
Turmeric,2017,Kharif     ,Telangana,50154.0,294561,7896245.76,19058.52,5.892380952,26.11,786.52,57.94,77,48,24,7.0
Jute,2017,Kharif     ,Tripura,551.0,4998,86749.44,209.38,8.9675,25.07,4813.23,81.62,62,20,35,5.9
Mesta,2017,Kharif     ,Tripura,541.0,4963,85175.04,205.58,8.95375,25.07,4813.23,81.62,62,20,35,5.9
Sugarcane,2017,Whole Year ,Tripura,806.0,42489,126896.64,306.28,53.38875,25.07,4813.23,81.62,62,20,35,5.9
Banana,2017,Summer     ,Uttar Pradesh,69378.0,3172335,10922872.32,26363.64,45.97483871,26.23,1128.51,51.6,120,45,35,7.6
Garlic,2017,Rabi       ,Uttar Pradesh,35219.0,188609,5544879.36,13383.22,5.3396875,26.23,1128.51,51.6,120,45,35,7.6
Onion,2017,Rabi       ,Uttar Pradesh,13007.0,189992,2047822.08,4942.66,14.51013514,26.23,1128.51,51.6,120,45,35,7.6
Onion,2017,Summer     ,Uttar Pradesh,12557.0,180634,1976974.08,4771.66,14.14591549,26.23,1128.51,51.6,120,45,35,7.6
Potato,2017,Rabi       ,Uttar Pradesh,572826.0,15008697,90185725.44,217673.88,23.98133333,26.23,1128.51,51.6,120,45,35,7.6
Sugarcane,2017,Kharif     ,Uttar Pradesh,2234282.0,177056410,351765358.1,849027.16,67.24106667,26.23,1128.51,51.6,120,45,35,7.6
Sweet potato,2017,Kharif     ,Uttar Pradesh,16318.0,182201,2569105.92,6200.84,11.14457143,26.23,1128.51,51.6,120,45,35,7.6
Garlic,2017,Whole Year ,Uttarakhand,4205.0,29163,662035.2,1597.9,5.819130435,18.31,1394.79,57.95,80,24,38,6.4
Onion,2017,Whole Year ,Uttarakhand,3499.0,56138,550882.56,1329.62,16.44,18.31,1394.79,57.95,80,24,38,6.4
Potato,2017,Kharif     ,Uttarakhand,7861.0,79562,1237635.84,2987.18,11.02,18.31,1394.79,57.95,80,24,38,6.4
Potato,2017,Rabi       ,Uttarakhand,6141.0,80400,966839.04,2333.58,12.16846154,18.31,1394.79,57.95,80,24,38,6.4
Sugarcane,2017,Whole Year ,Uttarakhand,91618.0,6385778,14424337.92,34814.84,68.9,18.31,1394.79,57.95,80,24,38,6.4
Coconut ,2017,Whole Year ,West Bengal,30250.0,378500000,4762560.0,11495.0,12091.08136,26.01,1962.37,75.2,85,40,45,6.2
Jute,2017,Kharif     ,West Bengal,515082.0,7511650,81094510.08,195731.16,14.87722222,26.01,1962.37,75.2,85,40,45,6.2
Mesta,2017,Kharif     ,West Bengal,10360.0,109043,1631078.4,3936.8,9.853636364,26.01,1962.37,75.2,85,40,45,6.2
Potato,2017,Rabi       ,West Bengal,430615.0,14920198,67796025.6,163633.7,30.97954545,26.01,1962.37,75.2,85,40,45,6.2
Potato,2017,Summer     ,West Bengal,1130.0,12440,177907.2,429.4,7.6,26.01,1962.37,75.2,85,40,45,6.2
Sannhamp,2017,Kharif     ,West Bengal,745.0,3638,117292.8,283.1,5.828,26.01,1962.37,75.2,85,40,45,6.2
Sugarcane,2017,Whole Year ,West Bengal,19160.0,1737321,3016550.4,7280.8,90.57526316,26.01,1962.37,75.2,85,40,45,6.2
Ginger,2018,Whole Year ,Arunachal Pradesh,7880.0,55948,1278136.0,2758.0,6.178636364,22.43,2160.98,79.54,55,15,35,5.5
Potato,2018,Whole Year ,Arunachal Pradesh,6175.0,44118,1001585.0,2161.25,6.735909091,22.43,2160.98,79.54,55,15,35,5.5
Sugarcane,2018,Whole Year ,Arunachal Pradesh,2130.0,45792,345486.0,745.5,23.578,22.43,2160.98,79.54,55,15,35,5.5
Jute,2018,Kharif     ,Bihar,70634.0,928636,11456834.8,24721.9,12.475,27.0,614.22,49.15,85,30,25,7.2
Maize,2018,Rabi       ,Bihar,282344.0,2098443,45796196.8,98820.4,5.559705882,27.0,614.22,49.15,85,30,25,7.2
Onion,2018,Rabi       ,Bihar,13014.0,170865,2110870.8,4554.9,11.76916667,27.0,614.22,49.15,85,30,25,7.2
Potato,2018,Rabi       ,Bihar,84227.0,1076879,13661619.4,29479.45,13.51289474,27.0,614.22,49.15,85,30,25,7.2
Potato,2018,Winter     ,Bihar,73008.0,1109773,11841897.6,25552.8,14.90944444,27.0,614.22,49.15,85,30,25,7.2
Sugarcane,2018,Whole Year ,Bihar,225567.0,20116277,36586967.4,78948.45,65.4878125,27.0,614.22,49.15,85,30,25,7.2
Bajra,2018,Whole Year ,Chhattisgarh,1397.0,29445,226593.4,488.95,17.50217391,26.22,1121.9,57.41,70,35,20,6.5
Onion,2018,Whole Year ,Chhattisgarh,4619.0,25561,749201.8,1616.65,5.641818182,26.22,1121.9,57.41,70,35,20,6.5
Potato,2018,Kharif     ,Chhattisgarh,1441.0,7619,233730.2,504.35,7.005555556,26.22,1121.9,57.41,70,35,20,6.5
Potato,2018,Rabi       ,Chhattisgarh,8991.0,47544,1458340.2,3146.85,6.055217391,26.22,1121.9,57.41,70,35,20,6.5
Banana,2018,Whole Year ,Gujarat,36405.0,2815267,5904891.0,12741.75,77.81625,28.36,477.09,41.54,75,38,28,7.8
Garlic,2018,Whole Year ,Gujarat,9870.0,67237,1600914.0,3454.5,6.822857143,28.36,477.09,41.54,75,38,28,7.8
Onion,2018,Rabi       ,Gujarat,23847.0,673001,3867983.4,8346.45,27.7052,28.36,477.09,41.54,75,38,28,7.8
Onion,2018,Summer     ,Gujarat,1854.0,51062,300718.8,648.9,27.54,28.36,477.09,41.54,75,38,28,7.8
Potato,2018,Whole Year ,Gujarat,121449.0,3655606,19699027.8,42507.15,28.84285714,28.36,477.09,41.54,75,38,28,7.8
Sugarcane,2018,Whole Year ,Gujarat,161039.0,11664869,26120525.8,56363.65,66.59133333,28.36,477.09,41.54,75,38,28,7.8
Garlic,2018,Whole Year ,Haryana,3293.0,42643,534124.6,1152.55,11.64190476,23.57,1425.82,53.02,130,48,35,7.9
Ginger,2018,Whole Year ,Haryana,92.0,720,14922.4,32.2,7.245,23.57,1425.82,53.02,130,48,35,7.9
Onion,2018,Whole Year ,Haryana,32010.0,780150,5192022.0,11203.5,24.73863636,23.57,1425.82,53.02,130,48,35,7.9
Peas & beans (Pulses),2018,Kharif     ,Haryana,15586.0,144678,2528049.2,5455.1,10.43333333,23.57,1425.82,53.02,130,48,35,7.9
Potato,2018,Whole Year ,Haryana,34738.0,897846,5634503.6,12158.3,25.85727273,23.57,1425.82,53.02,130,48,35,7.9
Sugarcane,2018,Whole Year ,Haryana,108900.0,8519900,17663580.0,38115.0,77.968,23.57,1425.82,53.02,130,48,35,7.9
Turmeric,2018,Whole Year ,Haryana,921.0,10977,149386.2,322.35,11.2,23.57,1425.82,53.02,130,48,35,7.9
Onion,2018,Rabi       ,Himachal Pradesh,640.0,4015,103808.0,224.0,6.001,20.73,1409.89,54.9,60,20,40,6.0
Potato,2018,Kharif     ,Himachal Pradesh,2900.0,21312,470380.0,1015.0,5.96875,20.73,1409.89,54.9,60,20,40,6.0
Potato,2018,Rabi       ,Himachal Pradesh,7029.0,72777,1140103.8,2460.15,9.303333333,20.73,1409.89,54.9,60,20,40,6.0
Sugarcane,2018,Whole Year ,Himachal Pradesh,1585.0,38538,257087.0,554.75,17.335,20.73,1409.89,54.9,60,20,40,6.0
Banana,2018,Whole Year ,Madhya Pradesh,26541.39,1853026,4305013.458,9289.4865,48.04833333,25.6,1044.75,48.93,70,40,20,7.4
Garlic,2018,Whole Year ,Madhya Pradesh,178156.61,1807956,28897002.14,62354.8135,10.2886,25.6,1044.75,48.93,70,40,20,7.4
Ginger,2018,Whole Year ,Madhya Pradesh,24963.81,414281,4049129.982,8737.3335,16.105,25.6,1044.75,48.93,70,40,20,7.4
Onion,2018,Whole Year ,Madhya Pradesh,149843.45,3683098,24304607.59,52445.2075,23.08392157,25.6,1044.75,48.93,70,40,20,7.4
Potato,2018,Whole Year ,Madhya Pradesh,145736.5,3309669,23638460.3,51007.775,21.3004,25.6,1044.75,48.93,70,40,20,7.4
Sugarcane,2018,Whole Year ,Madhya Pradesh,107902.0,5276970,17501704.4,37765.7,35.49571429,25.6,1044.75,48.93,70,40,20,7.4
Sweet potato,2018,Whole Year ,Madhya Pradesh,5297.72,80333,859290.184,1854.202,17.05294118,25.6,1044.75,48.93,70,40,20,7.4
Turmeric,2018,Whole Year ,Madhya Pradesh,13665.88,238285,2216605.736,4783.058,19.05916667,25.6,1044.75,48.93,70,40,20,7.4
Sugarcane,2018,Whole Year ,Maharashtra,1162836.0,89770489,188611999.2,406992.6,65.7037931,26.93,2077.63,64.7,75,43,26,7.1
Banana,2018,Whole Year ,Manipur,6584.0,91375,1067924.8,2304.4,13.71111111,19.92,1486.52,80.21,58,17,37,5.9
Dry chillies,2018,Whole Year ,Manipur,525.0,4044,85155.0,183.75,8.655,19.92,1486.52,80.21,58,17,37,5.9
Ginger,2018,Kharif     ,Manipur,5493.0,79657,890964.6,1922.55,12.255,19.92,1486.52,80.21,58,17,37,5.9
Potato,2018,Whole Year ,Manipur,15550.0,128070,2522210.0,5442.5,8.283333333,19.92,1486.52,80.21,58,17,37,5.9
Sugarcane,2018,Whole Year ,Manipur,5450.0,315070,883990.0,1907.5,54.30666667,19.92,1486.52,80.21,58,17,37,5.9
Turmeric,2018,Whole Year ,Manipur,2504.0,30325,406148.8,876.4,12.485,19.92,1486.52,80.21,58,17,37,5.9
Sugarcane,2018,Whole Year ,Mizoram,1462.0,44260,237136.4,511.7,25.81,22.16,2814.98,84.65,54,15,34,5.7
Tapioca,2018,Kharif     ,Mizoram,154.0,1795,24978.8,53.9,11.022,22.16,2814.98,84.65,54,15,34,5.7
Ginger,2018,Kharif     ,Nagaland,3960.0,36230,642312.0,1386.0,9.151818182,18.02,1709.04,77.96,56,16,36,5.8
Potato,2018,Rabi       ,Nagaland,7520.0,75240,1219744.0,2632.0,9.993636364,18.02,1709.04,77.96,56,16,36,5.8
Sugarcane,2018,Kharif     ,Nagaland,4440.0,193180,720168.0,1554.0,43.50181818,18.02,1709.04,77.96,56,16,36,5.8
Sweet potato,2018,Kharif     ,Nagaland,1840.0,15660,298448.0,644.0,8.510909091,18.02,1709.04,77.96,56,16,36,5.8
Tapioca,2018,Kharif     ,Nagaland,2620.0,53080,424964.0,917.0,20.26454545,18.02,1709.04,77.96,56,16,36,5.8
Sugarcane,2018,Whole Year ,Punjab,95000.0,7774000,15409000.0,33250.0,81.23666667,23.57,1425.82,53.02,150,50,40,8.0
Banana,2018,Kharif     ,Telangana,1518.0,93466,246219.6,531.3,61.47185185,26.52,551.12,53.79,77,48,24,7.0
Dry chillies,2018,Rabi       ,Telangana,7962.0,48929,1291436.4,2786.7,6.026666667,26.52,551.12,53.79,77,48,24,7.0
Ginger,2018,Kharif     ,Telangana,1615.0,11166,261953.0,565.25,6.954,26.52,551.12,53.79,77,48,24,7.0
Ginger,2018,Rabi       ,Telangana,8.0,55,1297.6,2.8,6.915,26.52,551.12,53.79,77,48,24,7.0
Maize,2018,Rabi       ,Telangana,116724.0,759015,18932632.8,40853.4,6.026451613,26.52,551.12,53.79,77,48,24,7.0
Onion,2018,Kharif     ,Telangana,4812.0,62954,780506.4,1684.2,12.82,26.52,551.12,53.79,77,48,24,7.0
Onion,2018,Rabi       ,Telangana,7422.0,216343,1203848.4,2597.7,28.15518519,26.52,551.12,53.79,77,48,24,7.0
Potato,2018,Rabi       ,Telangana,1939.0,36016,314505.8,678.65,16.048,26.52,551.12,53.79,77,48,24,7.0
Sugarcane,2018,Kharif     ,Telangana,39824.0,3169577,6459452.8,13938.4,80.47047619,26.52,551.12,53.79,77,48,24,7.0
Sweet potato,2018,Kharif     ,Telangana,6.0,38,973.2,2.1,6.33,26.52,551.12,53.79,77,48,24,7.0
Sweet potato,2018,Rabi       ,Telangana,83.0,527,13462.6,29.05,6.35,26.52,551.12,53.79,77,48,24,7.0
Turmeric,2018,Kharif     ,Telangana,53104.0,345270,8613468.8,18586.4,6.31,26.52,551.12,53.79,77,48,24,7.0
Jute,2018,Kharif     ,Tripura,656.0,5838,106403.2,229.6,9.015,24.74,2745.03,79.71,62,20,35,5.9
Mesta,2018,Kharif     ,Tripura,493.0,4118,79964.6,172.55,8.14625,24.74,2745.03,79.71,62,20,35,5.9
Sugarcane,2018,Whole Year ,Tripura,662.0,35914,107376.4,231.7,55.4425,24.74,2745.03,79.71,62,20,35,5.9
Banana,2018,Summer     ,Uttar Pradesh,70471.0,3222568,11430396.2,24664.85,45.99080645,25.95,1381.52,52.36,120,45,35,7.6
Garlic,2018,Rabi       ,Uttar Pradesh,34313.0,227337,5565568.6,12009.55,6.654,25.95,1381.52,52.36,120,45,35,7.6
Onion,2018,Rabi       ,Uttar Pradesh,14729.0,227984,2389043.8,5155.15,15.80146667,25.95,1381.52,52.36,120,45,35,7.6
Onion,2018,Summer     ,Uttar Pradesh,12749.0,150144,2067887.8,4462.15,11.87676056,25.95,1381.52,52.36,120,45,35,7.6
Potato,2018,Rabi       ,Uttar Pradesh,571399.0,17056711,92680917.8,199989.65,27.7596,25.95,1381.52,52.36,120,45,35,7.6
Sugarcane,2018,Kharif     ,Uttar Pradesh,2223805.0,179698158,360701171.0,778331.75,68.77786667,25.95,1381.52,52.36,120,45,35,7.6
Sweet potato,2018,Kharif     ,Uttar Pradesh,15693.0,180243,2545404.6,5492.55,11.44955882,25.95,1381.52,52.36,120,45,35,7.6
Garlic,2018,Whole Year ,Uttarakhand,4384.0,32761,711084.8,1534.4,6.039130435,17.97,1510.52,57.73,80,24,38,6.4
Onion,2018,Whole Year ,Uttarakhand,3345.0,53748,542559.0,1170.75,16.14384615,17.97,1510.52,57.73,80,24,38,6.4
Potato,2018,Kharif     ,Uttarakhand,6970.0,69123,1130534.0,2439.5,10.553,17.97,1510.52,57.73,80,24,38,6.4
Potato,2018,Rabi       ,Uttarakhand,4955.0,60075,803701.0,1734.25,11.87384615,17.97,1510.52,57.73,80,24,38,6.4
Sugarcane,2018,Whole Year ,Uttarakhand,92863.0,6459016,15062378.6,32502.05,73.1,17.97,1510.52,57.73,80,24,38,6.4
Coconut ,2018,Whole Year ,West Bengal,30815.0,385025000,4998193.0,10785.25,12018.40727,25.54,1433.2,73.36,85,40,45,6.2
Jute,2018,Kharif     ,West Bengal,518259.0,6669698,84061609.8,181390.65,25.43055556,25.54,1433.2,73.36,85,40,45,6.2
Mesta,2018,Kharif     ,West Bengal,10751.0,130963,1743812.2,3762.85,10.75538462,25.54,1433.2,73.36,85,40,45,6.2
Potato,2018,Rabi       ,West Bengal,436042.0,11052272,70726012.4,152614.7,27.25909091,25.54,1433.2,73.36,85,40,45,6.2
Potato,2018,Summer     ,West Bengal,1635.0,19421,265197.0,572.25,8.02,25.54,1433.2,73.36,85,40,45,6.2
Sugarcane,2018,Whole Year ,West Bengal,18805.0,1588816,3050171.0,6581.75,84.535,25.54,1433.2,73.36,85,40,45,6.2
Ginger,2019,Whole Year ,Arunachal Pradesh,7900.0,55474,1356904.0,2923.0,6.1016,22.52,2411.52,78.3,55,15,35,5.5
Potato,2019,Whole Year ,Arunachal Pradesh,6200.0,44950,1064912.0,2294.0,6.8024,22.52,2411.52,78.3,55,15,35,5.5
Sugarcane,2019,Whole Year ,Arunachal Pradesh,2146.0,46139,368596.96,794.02,23.74764706,22.52,2411.52,78.3,55,15,35,5.5
Jute,2019,Kharif     ,Bihar,48390.0,509650,8311466.4,17904.3,13.32,26.61,921.63,57.02,85,30,25,7.2
Maize,2019,Rabi       ,Bihar,301268.0,2279174,51745791.68,111469.16,5.7365625,26.61,921.63,57.02,85,30,25,7.2
Onion,2019,Rabi       ,Bihar,12965.0,173086,2226868.4,4797.05,12.60526316,26.61,921.63,57.02,85,30,25,7.2
Potato,2019,Rabi       ,Bihar,82888.0,1139389,14236842.88,30668.56,13.67526316,26.61,921.63,57.02,85,30,25,7.2
Potato,2019,Winter     ,Bihar,74181.0,1071615,12741328.56,27446.97,14.46027778,26.61,921.63,57.02,85,30,25,7.2
Sugarcane,2019,Whole Year ,Bihar,223892.0,13578832,38455689.92,82840.04,61.77419355,26.61,921.63,57.02,85,30,25,7.2
Bajra,2019,Whole Year ,Chhattisgarh,2008.0,32314,344894.08,742.96,17.71173913,26.33,1567.15,60.28,70,35,20,6.5
Potato,2019,Kharif     ,Chhattisgarh,1741.0,10093,299034.16,644.17,6.59375,26.33,1567.15,60.28,70,35,20,6.5
Potato,2019,Rabi       ,Chhattisgarh,8937.0,51808,1535019.12,3306.69,6.473913043,26.33,1567.15,60.28,70,35,20,6.5
Sugarcane,2019,Whole Year ,Chhattisgarh,31237.0,699040,5365267.12,11557.69,17.92666667,26.33,1567.15,60.28,70,35,20,6.5
Sweet potato,2019,Whole Year ,Chhattisgarh,1666.0,10107,286152.16,616.42,6.238695652,26.33,1567.15,60.28,70,35,20,6.5
Banana,2019,Whole Year ,Gujarat,30226.0,2255336,5191617.76,11183.62,73.76285714,27.13,977.56,55.15,75,38,28,7.8
Garlic,2019,Whole Year ,Gujarat,11313.0,81245,1943120.88,4185.81,7.213181818,27.13,977.56,55.15,75,38,28,7.8
Onion,2019,Rabi       ,Gujarat,41408.0,1211977,7112238.08,15320.96,28.8925,27.13,977.56,55.15,75,38,28,7.8
Onion,2019,Summer     ,Gujarat,7176.0,204332,1232549.76,2655.12,28.464,27.13,977.56,55.15,75,38,28,7.8
Potato,2019,Whole Year ,Gujarat,118353.0,3578238,20328311.28,43790.61,29.24857143,27.13,977.56,55.15,75,38,28,7.8
Sugarcane,2019,Whole Year ,Gujarat,160940.0,11569942,27643054.4,59547.8,70.57,27.13,977.56,55.15,75,38,28,7.8
Garlic,2019,Whole Year ,Haryana,3096.0,41622,531768.96,1145.52,11.068,23.3,1138.97,55.64,130,48,35,7.9
Ginger,2019,Whole Year ,Haryana,74.0,623,12710.24,27.38,10.345,23.3,1138.97,55.64,130,48,35,7.9
Onion,2019,Whole Year ,Haryana,23749.0,610443,4079128.24,8787.13,24.54181818,23.3,1138.97,55.64,130,48,35,7.9
Peas & beans (Pulses),2019,Kharif     ,Haryana,13744.0,178280,2360669.44,5085.28,13.10181818,23.3,1138.97,55.64,130,48,35,7.9
Potato,2019,Whole Year ,Haryana,38200.0,982400,6561232.0,14134.0,25.395,23.3,1138.97,55.64,130,48,35,7.9
Sugarcane,2019,Whole Year ,Haryana,96300.0,7730300,16540488.0,35631.0,78.94444444,23.3,1138.97,55.64,130,48,35,7.9
Turmeric,2019,Whole Year ,Haryana,1753.0,20304,301095.28,648.61,12.75375,23.3,1138.97,55.64,130,48,35,7.9
Onion,2019,Rabi       ,Himachal Pradesh,952.0,7050,163515.52,352.24,7.29,20.23,1189.51,58.7,60,20,40,6.0
Potato,2019,Kharif     ,Himachal Pradesh,2970.0,24480,510127.2,1098.9,7.22375,20.23,1189.51,58.7,60,20,40,6.0
Potato,2019,Rabi       ,Himachal Pradesh,7156.0,84443,1229114.56,2647.72,10.83,20.23,1189.51,58.7,60,20,40,6.0
Sugarcane,2019,Whole Year ,Himachal Pradesh,1603.0,36143,275331.28,593.11,16.91166667,20.23,1189.51,58.7,60,20,40,6.0
Banana,2019,Whole Year ,Madhya Pradesh,26634.09,1847636,4574671.298,9854.6133,47.165,25.11,1870.12,56.0,70,40,20,7.4
Garlic,2019,Whole Year ,Madhya Pradesh,183713.76,1869431,31554675.42,67974.0912,10.3632,25.11,1870.12,56.0,70,40,20,7.4
Ginger,2019,Whole Year ,Madhya Pradesh,27479.56,438393,4719889.226,10167.4372,15.64479167,25.11,1870.12,56.0,70,40,20,7.4
Onion,2019,Whole Year ,Madhya Pradesh,173886.5,4270702,29866745.24,64338.005,23.21745098,25.11,1870.12,56.0,70,40,20,7.4
Potato,2019,Whole Year ,Madhya Pradesh,149435.36,3408608,25667017.43,55291.0832,21.80117647,25.11,1870.12,56.0,70,40,20,7.4
Sugarcane,2019,Whole Year ,Madhya Pradesh,124681.0,7414530,21415208.56,46131.97,39.05510204,25.11,1870.12,56.0,70,40,20,7.4
Sweet potato,2019,Whole Year ,Madhya Pradesh,5814.2,89432,998646.992,2151.254,17.34657143,25.11,1870.12,56.0,70,40,20,7.4
Turmeric,2019,Whole Year ,Madhya Pradesh,16271.0,285338,2794706.96,6020.27,18.86708333,25.11,1870.12,56.0,70,40,20,7.4
Sugarcane,2019,Whole Year ,Maharashtra,822407.0,69312919,141256626.3,304290.59,69.62148148,26.96,3387.29,68.18,75,43,26,7.1
Sugarcane,2019,Whole Year ,Mizoram,1468.0,46842,252143.68,543.16,30.28571429,22.84,3082.44,80.4,54,15,34,5.7
Tapioca,2019,Kharif     ,Mizoram,137.0,846,23531.12,50.69,6.4525,22.84,3082.44,80.4,54,15,34,5.7
Ginger,2019,Kharif     ,Nagaland,4020.0,36780,690475.2,1487.4,9.150909091,18.3,1569.19,76.56,56,16,36,5.8
Potato,2019,Rabi       ,Nagaland,7540.0,75460,1295070.4,2789.8,9.997272727,18.3,1569.19,76.56,56,16,36,5.8
Sugarcane,2019,Kharif     ,Nagaland,4450.0,193620,764332.0,1646.5,43.47545455,18.3,1569.19,76.56,56,16,36,5.8
Sweet potato,2019,Kharif     ,Nagaland,1880.0,16010,322908.8,695.6,8.515454545,18.3,1569.19,76.56,56,16,36,5.8
Tapioca,2019,Kharif     ,Nagaland,2750.0,55720,472340.0,1017.5,20.26272727,18.3,1569.19,76.56,56,16,36,5.8
Ginger,2019,Kharif     ,Odisha,17140.0,228840,2943966.4,6341.8,13.45275862,26.42,1686.78,74.06,67,26,32,6.3
Onion,2019,Rabi       ,Odisha,35120.0,437140,6032211.2,12994.4,12.21413793,26.42,1686.78,74.06,67,26,32,6.3
Potato,2019,Winter     ,Odisha,4397.0,46961,755228.72,1626.89,11.34730769,26.42,1686.78,74.06,67,26,32,6.3
Sugarcane,2019,Winter     ,Odisha,8948.0,504870,1536908.48,3310.76,56.56238095,26.42,1686.78,74.06,67,26,32,6.3
Sweet potato,2019,Kharif     ,Odisha,36270.0,350740,6229735.2,13419.9,9.507666667,26.42,1686.78,74.06,67,26,32,6.3
Sweet potato,2019,Rabi       ,Odisha,6610.0,59200,1135333.6,2445.7,8.970909091,26.42,1686.78,74.06,67,26,32,6.3
Sugarcane,2019,Whole Year ,Punjab,91000.0,7302000,15630160.0,33670.0,81.60705882,23.3,1138.97,55.64,150,50,40,8.0
Banana,2019,Kharif     ,Telangana,1670.0,98707,286839.2,617.9,59.12423077,26.62,753.33,60.74,77,48,24,7.0
Dry chillies,2019,Rabi       ,Telangana,8499.0,50064,1459788.24,3144.63,5.682608696,26.62,753.33,60.74,77,48,24,7.0
Ginger,2019,Kharif     ,Telangana,2409.0,15903,413769.84,891.33,6.696,26.62,753.33,60.74,77,48,24,7.0
Maize,2019,Kharif     ,Telangana,390692.0,1893085,67105257.92,144556.04,5.12125,26.62,753.33,60.74,77,48,24,7.0
Maize,2019,Rabi       ,Telangana,252561.0,1750601,43379877.36,93447.57,6.5721875,26.62,753.33,60.74,77,48,24,7.0
Onion,2019,Kharif     ,Telangana,2383.0,53176,409304.08,881.71,21.95478261,26.62,753.33,60.74,77,48,24,7.0
Onion,2019,Rabi       ,Telangana,5026.0,172149,863265.76,1859.62,32.85966667,26.62,753.33,60.74,77,48,24,7.0
Potato,2019,Rabi       ,Telangana,994.0,12455,170729.44,367.78,12.98,26.62,753.33,60.74,77,48,24,7.0
Sugarcane,2019,Kharif     ,Telangana,26115.0,2021771,4485512.4,9662.55,84.7273913,26.62,753.33,60.74,77,48,24,7.0
Sweet potato,2019,Kharif     ,Telangana,15.0,235,2576.4,5.55,15.76666667,26.62,753.33,60.74,77,48,24,7.0
Sweet potato,2019,Rabi       ,Telangana,108.0,1693,18550.08,39.96,15.6875,26.62,753.33,60.74,77,48,24,7.0
Turmeric,2019,Kharif     ,Telangana,55444.0,386596,9523061.44,20514.28,7.013181818,26.62,753.33,60.74,77,48,24,7.0
Jute,2019,Kharif     ,Tripura,623.0,5731,107006.48,230.51,9.0875,25.35,3054.79,77.35,62,20,35,5.9
Mesta,2019,Kharif     ,Tripura,430.0,3838,73856.8,159.1,8.52125,25.35,3054.79,77.35,62,20,35,5.9
Sugarcane,2019,Whole Year ,Tripura,687.0,36372,117999.12,254.19,54.42375,25.35,3054.79,77.35,62,20,35,5.9
Banana,2019,Summer     ,Uttar Pradesh,72585.0,3332135,12467199.6,26856.45,46.33580645,25.4,1300.6,58.93,120,45,35,7.6
Garlic,2019,Rabi       ,Uttar Pradesh,34638.0,207886,5949422.88,12816.06,6.00031746,25.4,1300.6,58.93,120,45,35,7.6
Ginger,2019,Kharif     ,Uttar Pradesh,880.0,4620,151148.8,325.6,5.2475,25.4,1300.6,58.93,120,45,35,7.6
Onion,2019,Rabi       ,Uttar Pradesh,11734.0,167327,2015431.84,4341.58,14.46173333,25.4,1300.6,58.93,120,45,35,7.6
Onion,2019,Summer     ,Uttar Pradesh,16231.0,265715,2787836.56,6005.47,16.15106061,25.4,1300.6,58.93,120,45,35,7.6
Potato,2019,Rabi       ,Uttar Pradesh,552382.0,14869966,94877132.32,204381.34,25.4704,25.4,1300.6,58.93,120,45,35,7.6
Sugarcane,2019,Kharif     ,Uttar Pradesh,2208347.0,179567765,379305680.7,817088.39,70.96973333,25.4,1300.6,58.93,120,45,35,7.6
Sweet potato,2019,Kharif     ,Uttar Pradesh,15852.0,186148,2722739.52,5865.24,11.75044118,25.4,1300.6,58.93,120,45,35,7.6
Garlic,2019,Whole Year ,Uttarakhand,4600.0,34716,790096.0,1702.0,5.727727273,17.49,1188.05,60.78,80,24,38,6.4
Onion,2019,Whole Year ,Uttarakhand,3474.0,56216,596694.24,1285.38,16.14615385,17.49,1188.05,60.78,80,24,38,6.4
Potato,2019,Kharif     ,Uttarakhand,8156.0,86509,1400874.56,3017.72,11.09181818,17.49,1188.05,60.78,80,24,38,6.4
Potato,2019,Rabi       ,Uttarakhand,6411.0,76031,1101153.36,2372.07,11.32923077,17.49,1188.05,60.78,80,24,38,6.4
Sugarcane,2019,Whole Year ,Uttarakhand,90688.0,6838266,15576570.88,33554.56,75.7,17.49,1188.05,60.78,80,24,38,6.4
Coconut ,2019,Whole Year ,West Bengal,31300.0,390028000,5376088.0,11581.0,11918.29136,26.15,1624.7,73.63,85,40,45,6.2
Jute,2019,Kharif     ,West Bengal,505226.0,7901396,86777617.76,186933.62,17.48388889,26.15,1624.7,73.63,85,40,45,6.2
Mesta,2019,Kharif     ,West Bengal,12434.0,166211,2135663.84,4600.58,11.719375,26.15,1624.7,73.63,85,40,45,6.2
Potato,2019,Rabi       ,West Bengal,433051.0,12539819,74380839.76,160228.87,27.68363636,26.15,1624.7,73.63,85,40,45,6.2
Potato,2019,Summer     ,West Bengal,1630.0,19421,279968.8,603.1,8.525,26.15,1624.7,73.63,85,40,45,6.2
Sugarcane,2019,Whole Year ,West Bengal,19177.0,1527577,3293841.52,7095.49,81.0915,26.15,1624.7,73.63,85,40,45,6.2
Garlic,2020,Whole Year ,Uttarakhand,5345.0,39638,1034845.45,1977.65,6.603478261,17.09,1333.54,61.69,80,24,38,6.4
Onion,2020,Whole Year ,Uttarakhand,3590.0,49670,695059.9,1328.3,14.18461538,17.09,1333.54,61.69,80,24,38,6.4
Potato,2020,Kharif     ,Uttarakhand,6020.0,51902,1165532.2,2227.4,9.942,17.09,1333.54,61.69,80,24,38,6.4
Potato,2020,Rabi       ,Uttarakhand,5427.0,62736,1050721.47,2007.99,11.83,17.09,1333.54,61.69,80,24,38,6.4
Sugarcane,2020,Whole Year ,Uttarakhand,90184.0,7970299,17460524.24,33368.08,81.54,17.09,1333.54,61.69,80,24,38,6.4
Sugarcane,1997,Whole Year ,Haryana,141000.0,7500000,13418970.0,43710.0,50.3125,23.39,942.38,46.2,130,48,35,7.9
Potato,1998,Whole Year ,Delhi,142.0,1048,14029.6,41.18,7.38,25.2,829.95,48.23,90,40,30,7.5
Sugarcane,1998,Whole Year ,Delhi,5.0,300,494.0,1.45,60.0,25.2,829.95,48.23,90,40,30,7.5
Onion,1999,Whole Year ,Andhra Pradesh,34925.0,520983,3706590.25,9429.75,16.27210526,28.03,603.67,66.91,78,45,22,6.8
Sugarcane,1999,Whole Year ,Andhra Pradesh,232416.0,18507614,24666310.08,62752.32,76.31571429,28.03,603.67,66.91,78,45,22,6.8
Potato,1999,Whole Year ,Delhi,157.0,1155,16662.41,42.39,7.36,26.75,469.84,35.3,90,40,30,7.5
Sugarcane,1999,Whole Year ,Delhi,4.0,200,424.52,1.08,50.0,26.75,469.84,35.3,90,40,30,7.5
Potato,2000,Whole Year ,Delhi,2487.0,45950,244148.79,646.62,18.48,26.03,640.85,37.44,90,40,30,7.5
Sugarcane,2000,Whole Year ,Delhi,5.0,200,490.85,1.3,40.0,26.03,640.85,37.44,90,40,30,7.5
Potato,2001,Whole Year ,Delhi,63.0,461,6434.19,16.38,7.32,26.34,511.01,36.54,90,40,30,7.5
Sugarcane,2001,Whole Year ,Delhi,3.0,200,306.39,0.78,66.67,26.34,511.01,36.54,90,40,30,7.5
Potato,2001,Whole Year ,Jammu and Kashmir,1835.0,19616,187408.55,477.1,10.07090909,10.14,426.46,44.64,70,25,42,6.7
Potato,2002,Whole Year ,Delhi,61.0,446,5774.87,15.25,7.31,26.72,594.3,38.22,90,40,30,7.5
Sugarcane,2002,Whole Year ,Delhi,5.0,340,473.35,1.25,68.0,26.72,594.3,38.22,90,40,30,7.5
Potato,2002,Whole Year ,Jammu and Kashmir,1737.0,18011,164441.79,434.25,9.146666667,10.05,430.69,44.36,70,25,42,6.7
Banana,2002,Whole Year ,Puducherry,274.0,7965,25939.58,68.5,21.5625,28.22,861.71,74.5,88,55,40,7.0
Coconut ,2002,Whole Year ,Puducherry,2279.0,23956000,215752.93,569.75,10750.0,28.22,861.71,74.5,88,55,40,7.0
Cotton(lint),2002,Kharif     ,Puducherry,314.0,1635,29726.38,78.5,5.225,28.22,861.71,74.5,88,55,40,7.0
Onion,2002,Whole Year ,Puducherry,3.0,45,284.01,0.75,15.0,28.22,861.71,74.5,88,55,40,7.0
Sugarcane,2002,Whole Year ,Puducherry,2330.0,209496,220581.1,582.5,85.75,28.22,861.71,74.5,88,55,40,7.0
Tapioca,2002,Whole Year ,Puducherry,437.0,13497,41370.79,109.25,19.94,28.22,861.71,74.5,88,55,40,7.0
Onion,2002,Rabi       ,Uttar Pradesh,8199.0,84614,776199.33,2049.75,10.3219697,26.95,658.13,43.44,120,45,35,7.6
Onion,2002,Summer     ,Uttar Pradesh,11157.0,124734,1056233.19,2789.25,11.18074627,26.95,658.13,43.44,120,45,35,7.6
Onion,2002,Whole Year ,Uttar Pradesh,61.0,630,5774.87,15.25,10.325,26.95,658.13,43.44,120,45,35,7.6
Potato,2002,Whole Year ,Uttar Pradesh,442030.0,10244139,41846980.1,110507.5,22.26231884,26.95,658.13,43.44,120,45,35,7.6
Sugarcane,2002,Whole Year ,Uttar Pradesh,2148981.0,120948041,203444031.3,537245.25,51.2157971,26.95,658.13,43.44,120,45,35,7.6
Tobacco,2002,Whole Year ,Uttar Pradesh,23107.0,139898,2187539.69,5776.75,5.677586207,26.95,658.13,43.44,120,45,35,7.6
Ginger,2003,Kharif     ,Himachal Pradesh,2044.0,14658,202315.12,490.56,6.75,21.07,1058.23,47.81,60,20,40,6.0
Potato,2003,Whole Year ,Himachal Pradesh,15036.0,173169,1488263.28,3608.64,11.48666667,21.07,1058.23,47.81,60,20,40,6.0
Potato,2003,Whole Year ,Jammu and Kashmir,1614.0,17886,159753.72,387.36,10.385,8.83,843.02,53.98,70,25,42,6.7
Ginger,2004,Kharif     ,Himachal Pradesh,2043.0,14567,221338.62,429.03,7.264285714,21.64,951.26,45.48,60,20,40,6.0
Potato,2004,Whole Year ,Himachal Pradesh,14808.0,147874,1604298.72,3109.68,10.27166667,21.64,951.26,45.48,60,20,40,6.0
Jute,2004,Autumn     ,Odisha,2520.0,24728,273016.8,529.2,8.1725,26.13,1134.49,71.98,67,26,32,6.3
Onion,2004,Whole Year ,Odisha,26684.0,241852,2890944.56,5603.64,8.963333333,26.13,1134.49,71.98,67,26,32,6.3
Potato,2004,Winter     ,Odisha,8506.0,80770,921540.04,1786.26,8.655,26.13,1134.49,71.98,67,26,32,6.3
Sugarcane,2004,Winter     ,Odisha,14486.0,926085,1569413.24,3042.06,56.76321429,26.13,1134.49,71.98,67,26,32,6.3
Sweet potato,2004,Whole Year ,Odisha,47112.0,394287,5104114.08,9893.52,8.469666667,26.13,1134.49,71.98,67,26,32,6.3
Banana,2004,Whole Year ,Uttar Pradesh,1615.0,58736,174969.1,339.15,36.31133333,25.92,866.58,50.92,120,45,35,7.6
Onion,2004,Whole Year ,Uttar Pradesh,18430.0,210477,1996706.2,3870.3,11.42328571,25.92,866.58,50.92,120,45,35,7.6
Potato,2004,Rabi       ,Uttar Pradesh,435135.0,9739656,47142525.9,91378.35,20.40014286,25.92,866.58,50.92,120,45,35,7.6
Sugarcane,2004,Kharif     ,Uttar Pradesh,2002320.0,121755620,216931348.8,420487.2,53.14528571,25.92,866.58,50.92,120,45,35,7.6
Sweet potato,2004,Whole Year ,Uttar Pradesh,23096.0,257051,2502220.64,4850.16,11.46550725,25.92,866.58,50.92,120,45,35,7.6
Potato,2005,Kharif     ,Jammu and Kashmir,786.0,5762,94257.12,165.06,5.429,8.63,575.81,53.2,70,25,42,6.7
Banana,2005,Whole Year ,Uttar Pradesh,1991.0,75867,238760.72,418.11,38.08033333,25.92,949.68,51.09,120,45,35,7.6
Onion,2005,Whole Year ,Uttar Pradesh,25535.0,328222,3062157.2,5362.35,12.85246377,25.92,949.68,51.09,120,45,35,7.6
Potato,2005,Rabi       ,Uttar Pradesh,445197.0,9986781,53388024.24,93491.37,22.26442857,25.92,949.68,51.09,120,45,35,7.6
Sugarcane,2005,Kharif     ,Uttar Pradesh,2155791.0,125469871,258522456.7,452716.11,48.78928571,25.92,949.68,51.09,120,45,35,7.6
Sweet potato,2005,Whole Year ,Uttar Pradesh,20476.0,267901,2455481.92,4299.96,13.18318841,25.92,949.68,51.09,120,45,35,7.6
Tobacco,2005,Whole Year ,Uttar Pradesh,20591.0,123362,2469272.72,4324.11,5.484444444,25.92,949.68,51.09,120,45,35,7.6
Potato,2006,Kharif     ,Jammu and Kashmir,889.0,5962,113534.19,195.58,6.66,9.35,819.81,56.55,70,25,42,6.7
Potato,2006,Rabi       ,Jammu and Kashmir,857.0,12436,109447.47,188.54,14.57375,9.35,819.81,56.55,70,25,42,6.7
Potato,2007,Whole Year ,Delhi,56.0,888,7470.4,8.96,15.86,25.73,810.14,45.85,90,40,30,7.5
Sugarcane,2007,Whole Year ,Delhi,3.0,276,400.2,0.48,92.0,25.73,810.14,45.85,90,40,30,7.5
Potato,2007,Rabi       ,Jammu and Kashmir,857.0,12435,114323.8,137.12,13.078,9.55,553.51,51.34,70,25,42,6.7
Potato,2008,Whole Year ,Delhi,79.0,1325,11300.16,7.11,16.77,24.98,925.07,50.12,90,40,30,7.5
Sugarcane,2008,Whole Year ,Delhi,3.0,226,429.12,0.27,75.33,24.98,925.07,50.12,90,40,30,7.5
Maize,2009,Kharif     ,Delhi,48.0,1054,7479.36,8.16,21.96,26.2,698.05,43.39,90,40,30,7.5
Potato,2009,Whole Year ,Delhi,88.0,21999,13712.16,14.96,249.99,26.2,698.05,43.39,90,40,30,7.5
Sugarcane,2009,Whole Year ,Delhi,3.0,226,467.46,0.51,75.33,26.2,698.05,43.39,90,40,30,7.5
Potato,2009,Kharif     ,Jammu and Kashmir,1098.0,7684,171090.36,186.66,6.574615385,9.04,557.76,51.57,70,25,42,6.7
Potato,2009,Rabi       ,Jammu and Kashmir,1184.0,15664,184490.88,201.28,12.63666667,9.04,557.76,51.57,70,25,42,6.7
Gram,2010,Rabi       ,Delhi,8.0,75,1328.88,1.92,9.38,25.88,1021.53,50.14,90,40,30,7.5
Maize,2010,Kharif     ,Delhi,40.0,878,6644.4,9.6,21.95,25.88,1021.53,50.14,90,40,30,7.5
Potato,2010,Whole Year ,Delhi,51.0,15862,8471.61,12.24,311.02,25.88,1021.53,50.14,90,40,30,7.5
Sugarcane,2010,Whole Year ,Delhi,3.0,226,498.33,0.72,75.33,25.88,1021.53,50.14,90,40,30,7.5
Gram,2011,Rabi       ,Delhi,13.0,72,2177.76,4.29,5.54,24.75,806.99,53.72,90,40,30,7.5
Maize,2011,Kharif     ,Delhi,38.0,843,6365.76,12.54,22.18,24.75,806.99,53.72,90,40,30,7.5
Potato,2011,Whole Year ,Delhi,48.0,14928,8040.96,15.84,311.0,24.75,806.99,53.72,90,40,30,7.5
Sugarcane,2011,Whole Year ,Delhi,3.0,226,502.56,0.99,75.33,24.75,806.99,53.72,90,40,30,7.5
Potato,2011,Kharif     ,Jammu and Kashmir,1015.0,7416,170032.8,334.95,7.66125,8.99,671.58,55.1,70,25,42,6.7
Potato,2011,Rabi       ,Jammu and Kashmir,1045.0,10739,175058.4,344.85,11.048,8.99,671.58,55.1,70,25,42,6.7
Maize,2012,Kharif     ,Delhi,37.0,828,5579.6,11.47,22.38,25.2,672.75,43.27,90,40,30,7.5
Potato,2012,Whole Year ,Delhi,689.0,14652,103901.2,213.59,21.27,25.2,672.75,43.27,90,40,30,7.5
Sugarcane,2012,Whole Year ,Delhi,3.0,226,452.4,0.93,75.33,25.2,672.75,43.27,90,40,30,7.5
Peas & beans (Pulses),2012,Kharif     ,Jammu and Kashmir,165.0,991,24882.0,51.15,6.005,8.4,595.6,56.31,70,25,42,6.7
Potato,2012,Kharif     ,Jammu and Kashmir,1225.0,10346,184730.0,379.75,10.75,8.4,595.6,56.31,70,25,42,6.7
Potato,2012,Rabi       ,Jammu and Kashmir,1161.0,13930,175078.8,359.91,12.59,8.4,595.6,56.31,70,25,42,6.7
Banana,2012,Kharif     ,Puducherry,265.0,10901,39962.0,82.15,30.195,28.05,945.7,74.75,88,55,40,7.0
Coconut ,2012,Whole Year ,Puducherry,1564.0,20297000,235851.2,484.84,14410.51667,28.05,945.7,74.75,88,55,40,7.0
Onion,2012,Rabi       ,Puducherry,1.0,18,150.8,0.31,18.0,28.05,945.7,74.75,88,55,40,7.0
Onion,2012,Summer     ,Puducherry,1.0,18,150.8,0.31,18.0,28.05,945.7,74.75,88,55,40,7.0
Sugarcane,2012,Kharif     ,Puducherry,2027.0,304516,305671.6,628.37,150.23,28.05,945.7,74.75,88,55,40,7.0
Sweet potato,2012,Kharif     ,Puducherry,2.0,24,301.6,0.62,12.0,28.05,945.7,74.75,88,55,40,7.0
Sweet potato,2012,Rabi       ,Puducherry,2.0,18,301.6,0.62,9.0,28.05,945.7,74.75,88,55,40,7.0
Tapioca,2012,Kharif     ,Puducherry,181.0,4319,27294.8,56.11,23.86,28.05,945.7,74.75,88,55,40,7.0
Tapioca,2012,Rabi       ,Puducherry,7.0,120,1055.6,2.17,17.14,28.05,945.7,74.75,88,55,40,7.0
Maize,2013,Kharif     ,Delhi,37.0,828,5346.13,9.99,22.38,24.34,1166.19,53.91,90,40,30,7.5
Potato,2013,Whole Year ,Delhi,689.0,14652,99553.61,186.03,21.27,24.34,1166.19,53.91,90,40,30,7.5
Sugarcane,2013,Whole Year ,Delhi,3.0,226,433.47,0.81,75.33,24.34,1166.19,53.91,90,40,30,7.5
Banana,2013,Kharif     ,Puducherry,224.0,7172,32365.76,60.48,20.655,28.11,972.61,74.59,88,55,40,7.0
Coconut ,2013,Whole Year ,Puducherry,1536.0,16608000,221936.64,414.72,9619.11,28.11,972.61,74.59,88,55,40,7.0
Dry chillies,2013,Rabi       ,Puducherry,2.0,12,288.98,0.54,6.0,28.11,972.61,74.59,88,55,40,7.0
Dry chillies,2013,Summer     ,Puducherry,2.0,23,288.98,0.54,11.5,28.11,972.61,74.59,88,55,40,7.0
Onion,2013,Kharif     ,Puducherry,1.0,18,144.49,0.27,18.0,28.11,972.61,74.59,88,55,40,7.0
Onion,2013,Summer     ,Puducherry,3.0,54,433.47,0.81,18.0,28.11,972.61,74.59,88,55,40,7.0
Sugarcane,2013,Kharif     ,Puducherry,2024.0,304066,292447.76,546.48,150.23,28.11,972.61,74.59,88,55,40,7.0
Sweet potato,2013,Kharif     ,Puducherry,1.0,9,144.49,0.27,9.0,28.11,972.61,74.59,88,55,40,7.0
Sweet potato,2013,Rabi       ,Puducherry,1.0,10,144.49,0.27,10.0,28.11,972.61,74.59,88,55,40,7.0
Tapioca,2013,Kharif     ,Puducherry,166.0,4980,23985.34,44.82,30.0,28.11,972.61,74.59,88,55,40,7.0
Tapioca,2013,Rabi       ,Puducherry,17.0,424,2456.33,4.59,24.94,28.11,972.61,74.59,88,55,40,7.0
Maize,2014,Kharif     ,Delhi,35.0,783,5283.6,11.55,22.37,25.44,589.95,42.63,90,40,30,7.5
Potato,2014,Whole Year ,Delhi,436.0,9273,65818.56,143.88,21.27,25.44,589.95,42.63,90,40,30,7.5
Potato,2014,Kharif     ,Jammu and Kashmir,1792.0,17412,270520.32,591.36,8.44625,8.7,817.82,57.75,70,25,42,6.7
Banana,2014,Kharif     ,Puducherry,250.0,7321,37740.0,82.5,24.245,28.1,1061.01,74.27,88,55,40,7.0
Coconut ,2014,Whole Year ,Puducherry,1526.0,25201000,230364.96,503.58,13532.98667,28.1,1061.01,74.27,88,55,40,7.0
Dry chillies,2014,Rabi       ,Puducherry,2.0,26,301.92,0.66,13.0,28.1,1061.01,74.27,88,55,40,7.0
Dry chillies,2014,Summer     ,Puducherry,2.0,22,301.92,0.66,11.0,28.1,1061.01,74.27,88,55,40,7.0
Onion,2014,Kharif     ,Puducherry,1.0,9,150.96,0.33,9.0,28.1,1061.01,74.27,88,55,40,7.0
Onion,2014,Summer     ,Puducherry,3.0,29,452.88,0.99,9.67,28.1,1061.01,74.27,88,55,40,7.0
Sugarcane,2014,Kharif     ,Puducherry,1921.0,316965,289994.16,633.93,165.0,28.1,1061.01,74.27,88,55,40,7.0
Sweet potato,2014,Kharif     ,Puducherry,4.0,60,603.84,1.32,15.0,28.1,1061.01,74.27,88,55,40,7.0
Sweet potato,2014,Rabi       ,Puducherry,2.0,23,301.92,0.66,11.5,28.1,1061.01,74.27,88,55,40,7.0
Tapioca,2014,Kharif     ,Puducherry,188.0,4782,28380.48,62.04,25.44,28.1,1061.01,74.27,88,55,40,7.0
Tapioca,2014,Rabi       ,Puducherry,17.0,432,2566.32,5.61,25.41,28.1,1061.01,74.27,88,55,40,7.0
Maize,2015,Kharif     ,Delhi,34.0,174,5368.94,11.22,5.12,25.34,771.59,44.69,90,40,30,7.5
Potato,2015,Kharif     ,Jammu and Kashmir,1710.0,12150,270026.1,564.3,5.697333333,8.76,1254.78,62.3,70,25,42,6.7
Potato,2015,Rabi       ,Jammu and Kashmir,1532.0,14418,241918.12,505.56,10.39166667,8.76,1254.78,62.3,70,25,42,6.7
Maize,2016,Kharif     ,Delhi,34.0,174,5210.5,11.9,5.12,26.27,677.81,39.78,90,40,30,7.5
Potato,2016,Kharif     ,Jammu and Kashmir,1692.0,12399,259299.0,592.2,7.245,10.36,747.32,54.96,70,25,42,6.7
Potato,2016,Rabi       ,Jammu and Kashmir,1387.0,17243,212557.75,485.45,11.46928571,10.36,747.32,54.96,70,25,42,6.7
Potato,2017,Kharif     ,Jammu and Kashmir,1897.0,20476,298663.68,720.86,11.97529412,8.95,1041.73,60.39,70,25,42,6.7
Potato,2017,Rabi       ,Jammu and Kashmir,1165.0,14298,183417.6,442.7,12.108,8.95,1041.73,60.39,70,25,42,6.7
Maize,2018,Kharif     ,Delhi,20.0,102,3244.0,7.0,5.1,25.45,846.08,47.0,90,40,30,7.5
Potato,2018,Kharif     ,Jammu and Kashmir,1555.0,18663,252221.0,544.25,13.186875,9.45,814.65,55.72,70,25,42,6.7
Potato,2018,Rabi       ,Jammu and Kashmir,1741.0,18907,282390.2,609.35,12.05,9.45,814.65,55.72,70,25,42,6.7
Maize,2019,Kharif     ,Delhi,20.0,102,3435.2,7.4,5.1,25.47,618.71,49.1,90,40,30,7.5
Potato,2019,Kharif     ,Jammu and Kashmir,1362.0,14417,233937.12,503.94,11.211875,7.64,1323.46,67.07,70,25,42,6.7
Potato,2019,Rabi       ,Jammu and Kashmir,1451.0,13726,249223.76,536.87,8.391666667,7.64,1323.46,67.07,70,25,42,6.7
Banana,1997,Whole Year ,Manipur,1.0,12,95.17,0.31,12.0,19.88,1143.54,69.39,58,17,37,5.9
Banana,1998,Autumn     ,Manipur,1280.0,16460,126464.0,371.2,12.72,20.69,1138.92,70.73,58,17,37,5.9
Banana,1998,Rabi       ,Manipur,660.0,8490,65208.0,191.4,12.894,20.69,1138.92,70.73,58,17,37,5.9
Banana,1998,Summer     ,Manipur,20.0,260,1976.0,5.8,13.0,20.69,1138.92,70.73,58,17,37,5.9
Banana,1998,Winter     ,Manipur,940.0,12090,92872.0,272.6,12.87833333,20.69,1138.92,70.73,58,17,37,5.9
Potato,1998,Autumn     ,Manipur,320.0,1670,31616.0,92.8,5.206666667,20.69,1138.92,70.73,58,17,37,5.9
Potato,1998,Rabi       ,Manipur,750.0,3930,74100.0,217.5,5.256666667,20.69,1138.92,70.73,58,17,37,5.9
Potato,1998,Winter     ,Manipur,1100.0,5750,108680.0,319.0,5.205714286,20.69,1138.92,70.73,58,17,37,5.9
Sugarcane,1998,Autumn     ,Manipur,380.0,12410,37544.0,110.2,32.65666667,20.69,1138.92,70.73,58,17,37,5.9
Sugarcane,1998,Rabi       ,Manipur,10.0,330,988.0,2.9,33.0,20.69,1138.92,70.73,58,17,37,5.9
Sugarcane,1998,Summer     ,Manipur,140.0,4570,13832.0,40.6,32.64,20.69,1138.92,70.73,58,17,37,5.9
Sugarcane,1998,Winter     ,Manipur,170.0,5560,16796.0,49.3,32.845,20.69,1138.92,70.73,58,17,37,5.9
Banana,1999,Whole Year ,Manipur,3510.0,45140,372516.3,947.7,12.86,21.24,939.9,66.0,58,17,37,5.9
Potato,1999,Whole Year ,Manipur,2470.0,12920,262141.1,666.9,5.198888889,21.24,939.9,66.0,58,17,37,5.9
Sugarcane,1999,Whole Year ,Manipur,650.0,21230,68984.5,175.5,32.7475,21.24,939.9,66.0,58,17,37,5.9
Banana,2000,Whole Year ,Manipur,3420.0,43980,335741.4,889.2,12.83875,20.53,881.03,67.98,58,17,37,5.9
Potato,2000,Whole Year ,Manipur,2590.0,13550,254260.3,673.4,5.198888889,20.53,881.03,67.98,58,17,37,5.9
Sugarcane,2000,Whole Year ,Manipur,740.0,24170,72645.8,192.4,32.57571429,20.53,881.03,67.98,58,17,37,5.9
Banana,2001,Whole Year ,Manipur,4420.0,56840,451414.6,1149.2,12.87375,21.19,746.54,65.33,58,17,37,5.9
Banana,2002,Whole Year ,Manipur,4270.0,14361,404240.9,1067.5,6.934444444,20.75,1116.15,69.08,58,17,37,5.9
Potato,2002,Whole Year ,Manipur,4470.0,23380,423174.9,1117.5,5.20375,20.75,1116.15,69.08,58,17,37,5.9
Sugarcane,2002,Whole Year ,Manipur,320.0,10450,30294.4,80.0,32.65666667,20.75,1116.15,69.08,58,17,37,5.9
Tapioca,2002,Whole Year ,Manipur,223.0,1238,21111.41,55.75,5.298571429,20.75,1116.15,69.08,58,17,37,5.9
Banana,2004,Whole Year ,Manipur,3870.0,49770,419275.8,812.7,12.88111111,20.24,1147.94,72.54,58,17,37,5.9
Potato,2004,Whole Year ,Manipur,2960.0,15480,320686.4,621.6,5.2175,20.24,1147.94,72.54,58,17,37,5.9
Sugarcane,2004,Whole Year ,Manipur,300.0,9800,32502.0,63.0,32.67,20.24,1147.94,72.54,58,17,37,5.9
Banana,2004,Whole Year ,Puducherry,302.0,10208,32718.68,63.42,29.17666667,27.67,1307.68,76.32,88,55,40,7.0
Coconut ,2004,Whole Year ,Puducherry,2137.0,28003000,231522.58,448.77,11687.445,27.67,1307.68,76.32,88,55,40,7.0
Sugarcane,2004,Whole Year ,Puducherry,1517.0,115690,164351.78,318.57,63.66,27.67,1307.68,76.32,88,55,40,7.0
Banana,2005,Whole Year ,Manipur,4420.0,56850,530046.4,928.2,12.8775,20.79,1151.48,72.59,58,17,37,5.9
Potato,2005,Whole Year ,Manipur,4870.0,25470,584010.4,1022.7,5.2,20.79,1151.48,72.59,58,17,37,5.9
Sugarcane,2005,Whole Year ,Manipur,70.0,2290,8394.4,14.7,32.75,20.79,1151.48,72.59,58,17,37,5.9
Banana,2005,Whole Year ,Puducherry,316.0,10382,37894.72,66.36,22.33333333,28.11,1606.86,76.35,88,55,40,7.0
Coconut ,2005,Whole Year ,Puducherry,2194.0,29414000,263104.48,460.74,11250.4125,28.11,1606.86,76.35,88,55,40,7.0
Sugarcane,2005,Whole Year ,Puducherry,2099.0,299000,251712.08,440.79,109.13,28.11,1606.86,76.35,88,55,40,7.0
Banana,2006,Summer     ,Manipur,1230.0,15820,157083.3,270.6,12.91571429,21.21,891.77,67.6,58,17,37,5.9
Banana,2006,Whole Year ,Manipur,4200.0,54020,536382.0,924.0,12.8725,21.21,891.77,67.6,58,17,37,5.9
Potato,2006,Summer     ,Manipur,850.0,4440,108553.5,187.0,5.22,21.21,891.77,67.6,58,17,37,5.9
Potato,2006,Whole Year ,Manipur,2870.0,15010,366527.7,631.4,5.23125,21.21,891.77,67.6,58,17,37,5.9
Sugarcane,2006,Summer     ,Manipur,10.0,330,1277.1,2.2,33.0,21.21,891.77,67.6,58,17,37,5.9
Sugarcane,2006,Whole Year ,Manipur,500.0,16330,63855.0,110.0,32.66666667,21.21,891.77,67.6,58,17,37,5.9
Banana,2007,Whole Year ,Manipur,9360.0,120380,1248624.0,1497.6,12.88444444,20.15,1350.9,73.12,58,17,37,5.9
Potato,2007,Whole Year ,Manipur,1950.0,10200,260130.0,312.0,5.191111111,20.15,1350.9,73.12,58,17,37,5.9
Sugarcane,2007,Whole Year ,Manipur,510.0,16660,68034.0,81.6,32.61666667,20.15,1350.9,73.12,58,17,37,5.9
Potato,2002,Whole Year ,Sikkim,5760.0,27020,545299.2,1440.0,5.1,7.24,740.4,72.52,50,20,30,5.5
Maize,2005,Kharif     ,Sikkim,25450.0,61100,3051964.0,5344.5,5.21,7.37,854.12,71.66,50,20,30,5.5
Rice,2005,Kharif     ,Sikkim,9790.0,23690,1174016.8,2055.9,5.3425,7.37,854.12,71.66,50,20,30,5.5
Maize,2010,Kharif     ,Sikkim,40170.0,276023,6672638.7,9640.8,5.2675,7.81,1155.04,71.24,50,20,30,5.5
Potato,2013,Rabi       ,Jammu and Kashmir,1312.0,15339,189570.88,354.24,12.0475,9.43,733.16,56.18,70,25,42,6.7
Coconut ,2004,Whole Year ,Goa,25160.0,123520000,2725834.4,5283.6,4909.375,27.38,1568.21,73.16,65,25,45,6.2
Sugarcane,2004,Whole Year ,Goa,1210.0,60583,131091.4,254.1,52.75,27.38,1568.21,73.16,65,25,45,6.2
Coconut ,2005,Whole Year ,Goa,25312.0,125340000,3035415.04,5315.52,4951.73,27.19,2305.82,73.96,65,25,45,6.2
Sugarcane,2005,Whole Year ,Goa,1110.0,55867,133111.2,233.1,53.16,27.19,2305.82,73.96,65,25,45,6.2
Coconut ,2006,Whole Year ,Goa,25468.0,126680000,3252518.28,5602.96,4974.045,27.19,2227.9,74.83,65,25,45,6.2
Sugarcane,2006,Whole Year ,Goa,1120.0,58279,143035.2,246.4,55.455,27.19,2227.9,74.83,65,25,45,6.2
Coconut ,2007,Whole Year ,Goa,25545.0,127570000,3407703.0,4087.2,4993.77,27.27,2690.89,75.0,65,25,45,6.2
Sugarcane,2007,Whole Year ,Goa,1034.0,56027,137935.6,165.44,57.615,27.27,2690.89,75.0,65,25,45,6.2
Sugarcane,1998,Whole Year ,Mizoram,1258.0,7863,124290.4,364.82,6.2975,23.08,1879.55,76.78,54,15,34,5.7
Potato,1999,Whole Year ,Mizoram,530.0,3924,56248.9,143.1,6.35,23.61,1417.61,71.73,54,15,34,5.7
Potato,1999,Whole Year ,Tripura,5550.0,100000,589021.5,1498.5,17.855,25.82,1694.79,71.12,62,20,35,5.9
Sugarcane,1999,Whole Year ,Tripura,1015.0,51300,107721.95,274.05,50.7125,25.82,1694.79,71.12,62,20,35,5.9
Potato,2000,Whole Year ,Tripura,5590.0,105870,548770.3,1453.4,17.575,24.84,1995.81,75.04,62,20,35,5.9
Sugarcane,2000,Whole Year ,Tripura,1040.0,54100,102096.8,270.4,52.375,24.84,1995.81,75.04,62,20,35,5.9
Potato,2001,Whole Year ,Tripura,5370.0,106280,548438.1,1396.2,19.0,25.06,2076.34,73.48,62,20,35,5.9
Sugarcane,2001,Whole Year ,Tripura,1020.0,52700,104172.6,265.2,51.9975,25.06,2076.34,73.48,62,20,35,5.9
Potato,2002,Whole Year ,Tripura,5735.0,112070,542932.45,1433.75,18.61,25.18,1992.18,74.56,62,20,35,5.9
Sugarcane,2002,Whole Year ,Tripura,1150.0,56203,108870.5,287.5,49.5125,25.18,1992.18,74.56,62,20,35,5.9
Potato,2003,Whole Year ,Tripura,5665.0,89565,560721.7,1359.6,15.6275,25.03,1818.04,76.01,62,20,35,5.9
Sugarcane,2003,Whole Year ,Tripura,1120.0,47510,110857.6,268.8,41.27,25.03,1818.04,76.01,62,20,35,5.9
Tapioca,2004,Kharif     ,Mizoram,77.0,494,8342.18,16.17,7.08,22.96,1595.77,75.51,54,15,34,5.7
Sugarcane,2006,Whole Year ,Mizoram,1340.0,12188,171131.4,294.8,7.32625,23.4,1492.09,73.44,54,15,34,5.7
Potato,2008,Kharif     ,Mizoram,269.0,1569,38477.76,24.21,5.286666667,22.79,1576.57,78.49,54,15,34,5.7
Sugarcane,2008,Whole Year ,Mizoram,1342.0,13696,191959.68,120.78,11.12875,22.79,1576.57,78.49,54,15,34,5.7
Potato,2009,Kharif     ,Mizoram,284.0,2235,44252.88,48.28,7.766666667,23.14,2193.41,77.35,54,15,34,5.7
Sugarcane,2009,Whole Year ,Mizoram,1434.0,12368,223445.88,243.78,8.42375,23.14,2193.41,77.35,54,15,34,5.7
Tapioca,2009,Kharif     ,Mizoram,194.0,1397,30229.08,32.98,10.416,23.14,2193.41,77.35,54,15,34,5.7
Potato,1998,Whole Year ,Arunachal Pradesh,4846.0,31567,478784.8,1405.34,6.744615385,22.25,1983.05,71.41,55,15,35,5.5
Sugarcane,1998,Whole Year ,Arunachal Pradesh,743.0,15032,73408.4,215.47,17.69111111,22.25,1983.05,71.41,55,15,35,5.5
Ginger,1999,Whole Year ,Arunachal Pradesh,4399.0,34890,466865.87,1187.73,5.327272727,22.77,1837.33,68.44,55,15,35,5.5
Potato,1999,Whole Year ,Arunachal Pradesh,4960.0,32434,526404.8,1339.2,6.365833333,22.77,1837.33,68.44,55,15,35,5.5
Sugarcane,1999,Whole Year ,Arunachal Pradesh,809.0,16219,85859.17,218.43,16.47375,22.77,1837.33,68.44,55,15,35,5.5
Ginger,2000,Whole Year ,Arunachal Pradesh,4774.0,35295,468663.58,1241.24,5.773,21.83,2029.07,72.32,55,15,35,5.5
Potato,2000,Whole Year ,Arunachal Pradesh,5621.0,36743,551813.57,1461.46,6.783076923,21.83,2029.07,72.32,55,15,35,5.5
Sugarcane,2000,Whole Year ,Arunachal Pradesh,811.0,14358,79615.87,210.86,16.885,21.83,2029.07,72.32,55,15,35,5.5
Ginger,2001,Whole Year ,Arunachal Pradesh,4613.0,38021,471125.69,1199.38,6.304545455,22.41,1528.72,70.58,55,15,35,5.5
Potato,2001,Whole Year ,Arunachal Pradesh,4646.0,32635,474495.98,1207.96,6.809230769,22.41,1528.72,70.58,55,15,35,5.5
Sugarcane,2001,Whole Year ,Arunachal Pradesh,1036.0,18920,105806.68,269.36,17.73888889,22.41,1528.72,70.58,55,15,35,5.5
Ginger,2002,Whole Year ,Arunachal Pradesh,4448.0,32332,421092.16,1112.0,6.605714286,22.38,1782.25,70.83,55,15,35,5.5
Potato,2002,Whole Year ,Arunachal Pradesh,4335.0,30183,410394.45,1083.75,6.894,22.38,1782.25,70.83,55,15,35,5.5
Sugarcane,2002,Whole Year ,Arunachal Pradesh,798.0,15284,75546.66,199.5,16.57,22.38,1782.25,70.83,55,15,35,5.5
Ginger,2003,Whole Year ,Arunachal Pradesh,4680.0,37177,463226.4,1123.2,6.168,22.16,1981.32,73.68,55,15,35,5.5
Potato,2003,Whole Year ,Arunachal Pradesh,4022.0,29569,398097.56,965.28,7.232666667,22.16,1981.32,73.68,55,15,35,5.5
Sugarcane,2003,Whole Year ,Arunachal Pradesh,738.0,15150,73047.24,177.12,17.09888889,22.16,1981.32,73.68,55,15,35,5.5
Ginger,2004,Whole Year ,Arunachal Pradesh,4451.0,32877,482221.34,934.71,6.24375,21.61,2342.52,76.43,55,15,35,5.5
Potato,2004,Whole Year ,Arunachal Pradesh,4217.0,27518,456869.78,885.57,6.794666667,21.61,2342.52,76.43,55,15,35,5.5
Sugarcane,2004,Whole Year ,Arunachal Pradesh,736.0,14132,79738.24,154.56,15.67090909,21.61,2342.52,76.43,55,15,35,5.5
Ginger,2005,Whole Year ,Arunachal Pradesh,4814.0,33326,577294.88,1010.94,5.896,21.99,1846.11,76.07,55,15,35,5.5
Potato,2005,Whole Year ,Arunachal Pradesh,3963.0,29838,475242.96,832.23,7.205333333,21.99,1846.11,76.07,55,15,35,5.5
Sugarcane,2005,Whole Year ,Arunachal Pradesh,878.0,16181,105289.76,184.38,17.00555556,21.99,1846.11,76.07,55,15,35,5.5
Ginger,2006,Whole Year ,Arunachal Pradesh,5832.0,42821,744804.72,1283.04,5.573125,22.48,1834.1,72.0,55,15,35,5.5
Potato,2006,Whole Year ,Arunachal Pradesh,3985.0,31689,508924.35,876.7,7.649375,22.48,1834.1,72.0,55,15,35,5.5
Sugarcane,2006,Whole Year ,Arunachal Pradesh,1030.0,16843,131541.3,226.6,16.362,22.48,1834.1,72.0,55,15,35,5.5
Ginger,2007,Whole Year ,Arunachal Pradesh,6305.0,47407,841087.0,1008.8,5.950625,21.91,2462.3,74.93,55,15,35,5.5
Potato,2007,Whole Year ,Arunachal Pradesh,3843.0,29173,512656.2,614.88,6.91,21.91,2462.3,74.93,55,15,35,5.5
Sugarcane,2007,Whole Year ,Arunachal Pradesh,1233.0,21754,164482.2,197.28,16.482,21.91,2462.3,74.93,55,15,35,5.5
Ginger,2008,Whole Year ,Arunachal Pradesh,6356.0,47190,909162.24,572.04,6.07,21.7,2161.52,76.96,55,15,35,5.5
Potato,2008,Whole Year ,Arunachal Pradesh,4063.0,33405,581171.52,365.67,7.076875,21.7,2161.52,76.96,55,15,35,5.5
Sugarcane,2008,Whole Year ,Arunachal Pradesh,1370.0,23439,195964.8,123.3,15.32727273,21.7,2161.52,76.96,55,15,35,5.5
Ginger,2009,Whole Year ,Arunachal Pradesh,6401.0,49663,997403.82,1088.17,6.3375,22.15,2029.0,75.82,55,15,35,5.5
Potato,2009,Whole Year ,Arunachal Pradesh,4235.0,36449,659897.7,719.95,7.4525,22.15,2029.0,75.82,55,15,35,5.5
Sugarcane,2009,Whole Year ,Arunachal Pradesh,1476.0,27145,229990.32,250.92,16.791,22.15,2029.0,75.82,55,15,35,5.5
Ginger,2010,Whole Year ,Arunachal Pradesh,6601.0,52304,1096492.11,1584.24,6.6375,21.93,2691.02,78.47,55,15,35,5.5
Potato,2010,Whole Year ,Arunachal Pradesh,4334.0,35832,719920.74,1040.16,7.283125,21.93,2691.02,78.47,55,15,35,5.5
Sugarcane,2010,Whole Year ,Arunachal Pradesh,1508.0,28974,250493.88,361.92,20.63111111,21.93,2691.02,78.47,55,15,35,5.5
Ginger,2011,Whole Year ,Arunachal Pradesh,6880.0,54000,1152537.6,2270.4,6.380625,21.61,2114.84,77.85,55,15,35,5.5
Potato,2011,Whole Year ,Arunachal Pradesh,4600.0,40000,770592.0,1518.0,7.655,21.61,2114.84,77.85,55,15,35,5.5
Sugarcane,2011,Whole Year ,Arunachal Pradesh,1550.0,30000,259656.0,511.5,20.08333333,21.61,2114.84,77.85,55,15,35,5.5
Ginger,2012,Whole Year ,Arunachal Pradesh,6847.0,56004,1032527.6,2122.57,6.931875,22.11,2351.92,77.38,55,15,35,5.5
Potato,2012,Whole Year ,Arunachal Pradesh,4817.0,38872,726403.6,1493.27,7.26,22.11,2351.92,77.38,55,15,35,5.5
Sugarcane,2012,Whole Year ,Arunachal Pradesh,1530.0,30151,230724.0,474.3,20.19333333,22.11,2351.92,77.38,55,15,35,5.5
Ginger,2013,Whole Year ,Arunachal Pradesh,6861.0,55073,991345.89,1852.47,6.807647059,22.6,2049.22,77.36,55,15,35,5.5
Potato,2013,Whole Year ,Arunachal Pradesh,4933.0,40664,712769.17,1331.91,7.618235294,22.6,2049.22,77.36,55,15,35,5.5
Sugarcane,2013,Whole Year ,Arunachal Pradesh,1561.0,30351,225548.89,421.47,19.87333333,22.6,2049.22,77.36,55,15,35,5.5
Ginger,2014,Whole Year ,Arunachal Pradesh,8000.0,60000,1207680.0,2640.0,6.729411765,22.88,2108.83,76.96,55,15,35,5.5
Potato,2014,Whole Year ,Arunachal Pradesh,5090.0,42000,768386.4,1679.7,7.872352941,22.88,2108.83,76.96,55,15,35,5.5
Sugarcane,2014,Whole Year ,Arunachal Pradesh,1790.0,34900,270218.4,590.7,20.19111111,22.88,2108.83,76.96,55,15,35,5.5
Turmeric,2014,Whole Year ,Arunachal Pradesh,725.0,3500,109446.0,239.25,6.83,22.88,2108.83,76.96,55,15,35,5.5
Ginger,2015,Whole Year ,Arunachal Pradesh,7650.0,56575,1208011.5,2524.5,6.525,22.7,2410.94,79.17,55,15,35,5.5
Potato,2015,Whole Year ,Arunachal Pradesh,5970.0,44775,942722.7,1970.1,6.9065,22.7,2410.94,79.17,55,15,35,5.5
Sugarcane,2015,Whole Year ,Arunachal Pradesh,1950.0,40755,307924.5,643.5,21.75,22.7,2410.94,79.17,55,15,35,5.5
Sugarcane,1997,Rabi       ,Arunachal Pradesh,681.0,15806,64810.77,211.11,20.80111111,21.37,1944.43,71.7,55,15,35,5.5
Jute,1998,Autumn     ,Odisha,5313.0,41593,524924.4,1540.77,6.449090909,26.85,1487.76,73.65,67,26,32,6.3
Potato,1998,Winter     ,Odisha,7955.0,92624,785954.0,2306.95,9.830666667,26.85,1487.76,73.65,67,26,32,6.3
Sugarcane,1998,Winter     ,Odisha,22325.0,1469529,2205710.0,6474.25,58.57666667,26.85,1487.76,73.65,67,26,32,6.3
Jute,2005,Autumn     ,Odisha,2724.0,24644,326662.08,572.04,8.301428571,26.68,1639.58,71.95,67,26,32,6.3
Potato,2005,Winter     ,Odisha,8305.0,75078,995935.6,1744.05,8.475517241,26.68,1639.58,71.95,67,26,32,6.3
Sugarcane,2005,Winter     ,Odisha,16332.0,1073011,1958533.44,3429.72,57.81310345,26.68,1639.58,71.95,67,26,32,6.3
Jute,2006,Autumn     ,Odisha,4858.0,47835,620415.18,1068.76,8.724285714,26.11,1755.76,73.83,67,26,32,6.3
Potato,2006,Winter     ,Odisha,8176.0,79316,1044156.96,1798.72,8.693793103,26.11,1755.76,73.83,67,26,32,6.3
Sugarcane,2006,Winter     ,Odisha,20095.0,1274372,2566332.45,4420.9,58.80103448,26.11,1755.76,73.83,67,26,32,6.3
Jute,2007,Autumn     ,Odisha,5818.0,49836,776121.2,930.88,8.147777778,26.18,1650.41,73.92,67,26,32,6.3
Potato,2007,Winter     ,Odisha,8514.0,94255,1135767.6,1362.24,9.788,26.18,1650.41,73.92,67,26,32,6.3
Sugarcane,2007,Winter     ,Odisha,19819.0,1069228,2643854.6,3171.04,52.94266667,26.18,1650.41,73.92,67,26,32,6.3
Jute,2008,Autumn     ,Odisha,2429.0,19892,347444.16,218.61,7.437142857,25.98,1798.14,75.13,67,26,32,6.3
Potato,2008,Winter     ,Odisha,7315.0,75577,1046337.6,658.35,9.706896552,25.98,1798.14,75.13,67,26,32,6.3
Sugarcane,2008,Winter     ,Odisha,10763.0,646243,1539539.52,968.67,53.25,25.98,1798.14,75.13,67,26,32,6.3
Sugarcane,2008,Whole Year ,Goa,1021.0,49253,146043.84,91.89,49.52,27.21,1926.63,73.51,65,25,45,6.2
Jute,2009,Autumn     ,Odisha,2935.0,30368,457331.7,498.95,8.92,27.04,1327.64,69.73,67,26,32,6.3
Potato,2009,Winter     ,Odisha,7877.0,97000,1227394.14,1339.09,11.02241379,27.04,1327.64,69.73,67,26,32,6.3
Sugarcane,2009,Winter     ,Odisha,7968.0,489941,1241573.76,1354.56,54.9762069,27.04,1327.64,69.73,67,26,32,6.3
Sugarcane,2009,Whole Year ,Goa,893.0,52343,139147.26,151.81,50.95,27.55,2250.34,74.87,65,25,45,6.2
Jute,2010,Autumn     ,Odisha,3181.0,36337,528395.91,763.44,10.50428571,26.94,1457.71,72.42,67,26,32,6.3
Potato,2010,Winter     ,Odisha,6528.0,76208,1084366.08,1566.72,10.70074074,26.94,1457.71,72.42,67,26,32,6.3
Sugarcane,2010,Winter     ,Odisha,13142.0,902700,2183017.62,3154.08,62.2525,26.94,1457.71,72.42,67,26,32,6.3
Sugarcane,2010,Whole Year ,Goa,921.0,49109,152987.31,221.04,48.715,27.57,2687.82,76.13,65,25,45,6.2
Jute,2011,Autumn     ,Odisha,3910.0,32084,655003.2,1290.3,9.218571429,26.08,1571.55,73.33,67,26,32,6.3
Potato,2011,Winter     ,Odisha,5779.0,63010,968098.08,1907.07,10.49888889,26.08,1571.55,73.33,67,26,32,6.3
Sugarcane,2011,Winter     ,Odisha,14499.0,884716,2428872.48,4784.67,59.61214286,26.08,1571.55,73.33,67,26,32,6.3
Sugarcane,2011,Whole Year ,Goa,915.0,46584,153280.8,301.95,47.28,27.27,2167.67,73.98,65,25,45,6.2
Potato,2012,Winter     ,Odisha,5324.0,65017,802859.2,1650.44,11.66964286,26.55,1398.23,70.87,67,26,32,6.3
Sugarcane,2012,Winter     ,Odisha,14530.0,952370,2191124.0,4504.3,67.76214286,26.55,1398.23,70.87,67,26,32,6.3
Sugarcane,2012,Whole Year ,Goa,854.0,46055,128783.2,264.74,47.765,27.26,1947.68,73.08,65,25,45,6.2
Potato,2013,Winter     ,Odisha,6151.0,71342,888757.99,1660.77,11.84296296,26.41,1678.58,71.56,67,26,32,6.3
Sugarcane,2013,Winter     ,Odisha,14213.0,936514,2053636.37,3837.51,62.18535714,26.41,1678.58,71.56,67,26,32,6.3
Potato,2014,Winter     ,Odisha,8445.0,104081,1274857.2,2786.85,12.0725,26.21,1552.0,72.52,67,26,32,6.3
Sugarcane,2014,Winter     ,Odisha,10047.0,722892,1516695.12,3315.51,60.30111111,26.21,1552.0,72.52,67,26,32,6.3
Potato,2015,Winter     ,Odisha,5626.0,57236,888401.66,1856.58,9.88962963,26.57,1135.26,71.2,67,26,32,6.3
Sugarcane,2015,Winter     ,Odisha,8962.0,577158,1415189.42,2957.46,58.85428571,26.57,1135.26,71.2,67,26,32,6.3
Potato,2016,Winter     ,Odisha,6524.0,82158,999803.0,2283.4,12.69703704,26.8,1431.86,71.57,67,26,32,6.3
Sugarcane,2016,Winter     ,Odisha,5493.0,344294,841802.25,1922.55,56.1604,26.8,1431.86,71.57,67,26,32,6.3
Potato,2017,Winter     ,Odisha,3966.0,41812,624407.04,1507.08,11.95545455,26.52,1673.82,73.5,67,26,32,6.3
Sugarcane,2017,Winter     ,Odisha,3713.0,240245,584574.72,1410.94,56.588,26.52,1673.82,73.5,67,26,32,6.3
Potato,2018,Winter     ,Odisha,4900.0,54455,794780.0,1715.0,13.01730769,25.89,1803.55,73.26,67,26,32,6.3
Sugarcane,2018,Winter     ,Odisha,6778.0,417672,1099391.6,2372.3,57.58454545,25.89,1803.55,73.26,67,26,32,6.3
